source1_entity_id	entity_id	action	decision
S1-100153585	S2-339629994	remove	D-025
S1-100165037	S3-784632482	remove	D-025
S1-100551931	S3-967428672	remove	D-025
S1-100590550	S3-148866551	remove	D-025
S1-101251335	S3-69302732	remove	D-025
S1-101574768	S3-931889982	remove	D-025
S1-101577163	S3-918508648	remove	D-025
S1-101596226	S2-118326305	remove	D-025
S1-101639838	S3-422731345	remove	D-025
S1-101647997	S2-29928812	remove	D-025
S1-101834055	S3-945702634	remove	D-025
S1-102023143	S3-688417223	remove	D-025
S1-102860936	S2-199733212	remove	D-025
S1-102870185	S3-90563153	remove	D-025
S1-102896397	S2-578556171	remove	D-025
S1-102997494	S2-304211653	remove	D-025
S1-103287447	S2-702872826	remove	D-025
S1-103357027	S2-638556285	remove	D-025
S1-103357027	S3-887007560	remove	D-025
S1-104016011	S2-745034207	remove	D-025
S1-104514576	S3-458741449	remove	D-025
S1-104553408	S2-974751443	remove	D-025
S1-10466068	S2-13494214	remove	D-025
S1-104671102	S3-823258826	remove	D-025
S1-104880446	S3-92467586	remove	D-025
S1-104927838	S3-496379579	remove	D-025
S1-105103935	S3-362678440	remove	D-025
S1-105444036	S3-790882696	remove	D-025
S1-105444965	S2-302725161	remove	D-025
S1-105923126	S2-128707880	remove	D-025
S1-105979746	S2-74795215	remove	D-025
S1-106019868	S2-10483587	remove	D-025
S1-106095486	S3-623535289	remove	D-025
S1-106102914	S3-472874678	remove	D-025
S1-106309869	S3-731044314	remove	D-025
S1-106340791	S3-754216991	remove	D-025
S1-106340922	S3-320136100	remove	D-025
S1-106457873	S3-395413724	remove	D-025
S1-106984710	S3-687130912	remove	D-025
S1-107022701	S3-462422503	remove	D-025
S1-107525201	S2-491981233	remove	D-025
S1-108188800	S3-47163320	remove	D-025
S1-108302532	S2-685746587	remove	D-025
S1-108457479	S3-620995968	remove	D-025
S1-108592435	S3-330018637	remove	D-025
S1-108802002	S3-527296626	remove	D-025
S1-108846924	S2-497173765	remove	D-025
S1-108873640	S2-678115903	remove	D-025
S1-108946882	S3-931834877	remove	D-025
S1-10899019	S3-728716493	remove	D-025
S1-109084595	S3-899810369	remove	D-025
S1-109124520	S3-100654927	remove	D-025
S1-109143017	S3-970739510	remove	D-025
S1-109267070	S3-4196606	remove	D-025
S1-109294481	S2-949823060	remove	D-025
S1-109529513	S3-842731102	remove	D-025
S1-109581826	S3-362268734	remove	D-025
S1-109873013	S3-67872610	remove	D-025
S1-110041628	S3-216512574	remove	D-025
S1-110212897	S3-379215763	remove	D-025
S1-110674272	S3-449337454	remove	D-025
S1-110844589	S2-402108248	remove	D-025
S1-111438665	S2-574070498	remove	D-025
S1-112058010	S2-201734953	remove	D-025
S1-112067520	S2-213034878	remove	D-025
S1-112084894	S3-547618843	remove	D-025
S1-112464930	S2-361517298	remove	D-025
S1-112696088	S3-372833475	remove	D-025
S1-112748531	S3-970425918	remove	D-025
S1-113696120	S2-83447605	remove	D-025
S1-113893822	S3-709198742	remove	D-025
S1-114593354	S2-833129314	remove	D-025
S1-114783865	S2-558262555	remove	D-025
S1-114897063	S3-774751198	remove	D-025
S1-114909094	S2-486650327	remove	D-025
S1-115434889	S3-697271870	remove	D-025
S1-115469709	S3-688196031	remove	D-025
S1-115478914	S2-330484781	remove	D-025
S1-115548842	S3-981144546	remove	D-025
S1-115598493	S3-684467897	remove	D-025
S1-11583124	S3-416639133	remove	D-025
S1-115974722	S3-301581709	remove	D-025
S1-115984088	S3-727030279	remove	D-025
S1-116761018	S3-738670185	remove	D-025
S1-116909678	S3-562944605	remove	D-025
S1-117120078	S3-355187181	remove	D-025
S1-117121555	S3-233147307	remove	D-025
S1-117122278	S2-466297211	remove	D-025
S1-117222664	S3-443961008	remove	D-025
S1-117249154	S3-752772590	remove	D-025
S1-117611427	S2-772480883	remove	D-025
S1-117748513	S3-157308982	remove	D-025
S1-118095322	S3-973768604	remove	D-025
S1-118234199	S3-814825907	remove	D-025
S1-118243985	S3-680419540	remove	D-025
S1-118279617	S3-250370842	remove	D-025
S1-118459048	S2-707163289	remove	D-025
S1-118631784	S2-188861414	remove	D-025
S1-118684012	S2-854508595	remove	D-025
S1-118729531	S3-599309554	remove	D-025
S1-11907954	S2-27045306	remove	D-025
S1-119340999	S3-651394374	remove	D-025
S1-119441139	S3-319319180	remove	D-025
S1-11969076	S3-21844808	remove	D-025
S1-119739012	S3-711870445	remove	D-025
S1-119861752	S2-923694511	remove	D-025
S1-119861752	S3-629216160	remove	D-025
S1-120449800	S2-504550098	remove	D-025
S1-120565751	S3-304394593	remove	D-025
S1-120666541	S3-366477614	remove	D-025
S1-120926614	S3-54269950	remove	D-025
S1-120974032	S2-78554267	remove	D-025
S1-121036282	S3-271909880	remove	D-025
S1-121502063	S3-3414521	remove	D-025
S1-122112422	S2-134231393	remove	D-025
S1-122228208	S2-649223253	remove	D-025
S1-122491788	S3-340229488	remove	D-025
S1-122618352	S3-524650594	remove	D-025
S1-122744668	S3-891073261	remove	D-025
S1-122936411	S3-125115767	remove	D-025
S1-122943585	S2-817643039	remove	D-025
S1-122943585	S3-482805483	remove	D-025
S1-123005741	S3-957302368	remove	D-025
S1-123337936	S2-298634942	remove	D-025
S1-123715550	S3-159221737	remove	D-025
S1-123948231	S3-36580703	remove	D-025
S1-123992952	S3-527992247	remove	D-025
S1-124108169	S3-636398509	remove	D-025
S1-124172688	S2-470162145	remove	D-025
S1-124181918	S3-574674957	remove	D-025
S1-124406087	S2-949435246	remove	D-025
S1-12450625	S3-814160165	remove	D-025
S1-124795778	S3-204759941	remove	D-025
S1-124840135	S3-307346101	remove	D-025
S1-124900389	S3-329621340	remove	D-025
S1-125192488	S3-751916321	remove	D-025
S1-125369316	S2-9081534	remove	D-025
S1-125425556	S2-74027095	remove	D-025
S1-125493390	S3-517108946	remove	D-025
S1-12558819	S3-993348165	remove	D-025
S1-125666616	S3-602413562	remove	D-025
S1-126016581	S3-485199110	remove	D-025
S1-12608371	S2-963469710	remove	D-025
S1-12633143	S3-609506105	remove	D-025
S1-12639065	S3-668474011	remove	D-025
S1-126591025	S3-216635365	remove	D-025
S1-126741120	S3-928065464	remove	D-025
S1-127042618	S2-513306681	remove	D-025
S1-127047096	S2-395799642	remove	D-025
S1-127047096	S2-785065211	remove	D-025
S1-127137471	S2-735939019	remove	D-025
S1-127154154	S2-590114612	remove	D-025
S1-127662054	S2-781698119	remove	D-025
S1-127766422	S2-369551459	remove	D-025
S1-127975441	S2-757762182	remove	D-025
S1-128542695	S2-669186442	remove	D-025
S1-128578373	S3-167750687	remove	D-025
S1-128591568	S3-283648915	remove	D-025
S1-128718616	S3-36382624	remove	D-025
S1-128790859	S2-938731355	remove	D-025
S1-128792201	S3-815789819	remove	D-025
S1-129177088	S3-172845264	remove	D-025
S1-129321967	S2-813371438	remove	D-025
S1-129433361	S2-297685637	remove	D-025
S1-129606907	S3-909907345	remove	D-025
S1-129636601	S3-348685565	remove	D-025
S1-129649091	S2-246906383	remove	D-025
S1-129692991	S3-456780612	remove	D-025
S1-12987093	S2-315363056	remove	D-025
S1-129982631	S2-109604273	remove	D-025
S1-130046309	S3-233871171	remove	D-025
S1-130122378	S2-738365267	remove	D-025
S1-130160649	S2-872549212	remove	D-025
S1-130338499	S2-134734274	remove	D-025
S1-130383866	S2-163890216	remove	D-025
S1-130423798	S2-809122574	remove	D-025
S1-13050772	S2-544231438	remove	D-025
S1-130642458	S3-67259721	remove	D-025
S1-130785623	S2-447292032	remove	D-025
S1-13083046	S3-196576562	remove	D-025
S1-13083773	S2-475715124	remove	D-025
S1-131058025	S3-7927863	remove	D-025
S1-13162853	S2-299965326	remove	D-025
S1-131641745	S2-608480872	remove	D-025
S1-131770626	S2-196081706	remove	D-025
S1-132223026	S3-29071792	remove	D-025
S1-132315626	S2-223643592	remove	D-025
S1-132489818	S3-901190732	remove	D-025
S1-133322142	S3-428952801	remove	D-025
S1-13370416	S2-485547525	remove	D-025
S1-133890559	S3-816960482	remove	D-025
S1-134136280	S2-517628679	remove	D-025
S1-134233862	S3-56673020	remove	D-025
S1-13453095	S3-47965570	remove	D-025
S1-134912948	S3-956971315	remove	D-025
S1-134976926	S3-872799912	remove	D-025
S1-135225781	S2-611757808	remove	D-025
S1-135250778	S3-882015389	remove	D-025
S1-135455649	S2-476681313	remove	D-025
S1-135851979	S3-780490124	remove	D-025
S1-13597310	S3-496764283	remove	D-025
S1-13602228	S2-690954153	remove	D-025
S1-136066784	S2-296080846	remove	D-025
S1-136454311	S3-28928510	remove	D-025
S1-136457909	S3-148893817	remove	D-025
S1-136886002	S2-517174564	remove	D-025
S1-13692191	S3-627239013	remove	D-025
S1-136952919	S3-616132357	remove	D-025
S1-137183720	S2-685853298	remove	D-025
S1-137277978	S3-720073263	remove	D-025
S1-137364319	S3-298760304	remove	D-025
S1-137366562	S3-410059018	remove	D-025
S1-137371510	S3-11616510	remove	D-025
S1-13751811	S2-477902778	remove	D-025
S1-137521967	S3-838062291	remove	D-025
S1-137702676	S2-170186984	remove	D-025
S1-137727066	S2-774448700	remove	D-025
S1-137988408	S2-33884293	remove	D-025
S1-138250006	S2-534088942	remove	D-025
S1-138250006	S3-597951015	remove	D-025
S1-138300892	S2-316424171	remove	D-025
S1-138364469	S3-709654048	remove	D-025
S1-138461233	S2-731584139	remove	D-025
S1-138498049	S3-751065352	remove	D-025
S1-138601505	S2-493427752	remove	D-025
S1-139062872	S3-395999221	remove	D-025
S1-139102799	S3-351023225	remove	D-025
S1-139160864	S2-15443889	remove	D-025
S1-139425618	S2-839318730	remove	D-025
S1-139514459	S3-246419457	remove	D-025
S1-139663538	S3-483788465	remove	D-025
S1-139735432	S2-504693421	remove	D-025
S1-139756023	S2-722764861	remove	D-025
S1-139804914	S3-198698597	remove	D-025
S1-139923335	S3-709194197	remove	D-025
S1-140237080	S2-3689300	remove	D-025
S1-140237080	S2-91995431	remove	D-025
S1-140885860	S3-316981702	remove	D-025
S1-140940801	S3-608207360	remove	D-025
S1-141239917	S2-105889854	remove	D-025
S1-141306318	S2-480553809	remove	D-025
S1-141487937	S2-891644691	remove	D-025
S1-14160011	S2-775448531	remove	D-025
S1-141649790	S3-271360890	remove	D-025
S1-141782672	S3-600879476	remove	D-025
S1-14193503	S3-795262548	remove	D-025
S1-141952082	S2-417657972	remove	D-025
S1-141964745	S2-457449484	remove	D-025
S1-14215507	S3-341116347	remove	D-025
S1-142362590	S3-637930289	remove	D-025
S1-142718122	S3-554781442	remove	D-025
S1-142724060	S3-922078789	remove	D-025
S1-142737478	S2-516335834	remove	D-025
S1-142778867	S2-900431385	remove	D-025
S1-1429262	S3-660822348	remove	D-025
S1-142927120	S3-707680263	remove	D-025
S1-143118086	S3-965740441	remove	D-025
S1-143537693	S2-229170429	remove	D-025
S1-143648699	S2-537326611	remove	D-025
S1-143695266	S3-600310214	remove	D-025
S1-14388339	S2-328461155	remove	D-025
S1-144077325	S3-606928236	remove	D-025
S1-144373874	S3-815730302	remove	D-025
S1-144489768	S3-634186582	remove	D-025
S1-144718569	S3-704646542	remove	D-025
S1-144725580	S2-780167109	remove	D-025
S1-144729466	S2-147591010	remove	D-025
S1-1447941	S2-124750117	remove	D-025
S1-144828451	S3-347919797	remove	D-025
S1-145504957	S2-78635263	remove	D-025
S1-145795142	S2-782819838	remove	D-025
S1-145860573	S3-922621598	remove	D-025
S1-146533771	S3-868666155	remove	D-025
S1-146804688	S2-605020089	remove	D-025
S1-147154847	S2-963991470	remove	D-025
S1-147307364	S2-662765090	remove	D-025
S1-147406841	S2-596550835	remove	D-025
S1-147506119	S3-983820213	remove	D-025
S1-147576065	S3-94837057	remove	D-025
S1-147662149	S3-760730856	remove	D-025
S1-147765487	S2-144018601	remove	D-025
S1-148322886	S3-45371525	remove	D-025
S1-148484678	S2-142923822	remove	D-025
S1-148750080	S3-523230382	remove	D-025
S1-148826532	S3-807787780	remove	D-025
S1-148870306	S3-889867019	remove	D-025
S1-148933152	S2-435801881	remove	D-025
S1-149101847	S3-484806152	remove	D-025
S1-149101847	S3-517037529	remove	D-025
S1-149108395	S2-427282603	remove	D-025
S1-149179709	S3-553211044	remove	D-025
S1-149278047	S3-568023040	remove	D-025
S1-149398323	S2-577181528	remove	D-025
S1-149533622	S2-770481352	remove	D-025
S1-149726682	S3-475518377	remove	D-025
S1-149813442	S3-147424982	remove	D-025
S1-149982199	S3-80214658	remove	D-025
S1-150123875	S2-694669883	remove	D-025
S1-150181982	S2-563551503	remove	D-025
S1-150328519	S3-344308956	remove	D-025
S1-150486505	S2-656150866	remove	D-025
S1-151115880	S3-323559867	remove	D-025
S1-151241972	S2-700882238	remove	D-025
S1-151264457	S3-108462642	remove	D-025
S1-15131422	S3-323961107	remove	D-025
S1-151496163	S2-867305823	remove	D-025
S1-151524824	S2-955866965	remove	D-025
S1-151621243	S3-935520948	remove	D-025
S1-151883835	S3-457073383	remove	D-025
S1-151919008	S2-916510491	remove	D-025
S1-152461768	S2-865624427	remove	D-025
S1-152479849	S2-804279123	remove	D-025
S1-152545801	S3-98092823	remove	D-025
S1-152822120	S2-785416584	remove	D-025
S1-1528791	S2-726377902	remove	D-025
S1-153286229	S2-532394418	remove	D-025
S1-153372068	S2-497451777	remove	D-025
S1-153579036	S2-473251288	remove	D-025
S1-153666121	S2-761130019	remove	D-025
S1-153735560	S2-602558573	remove	D-025
S1-153830983	S3-483788539	remove	D-025
S1-153912157	S2-863010972	remove	D-025
S1-153976374	S3-74089042	remove	D-025
S1-154029939	S3-77135035	remove	D-025
S1-154117821	S2-762627537	remove	D-025
S1-154555490	S2-779099106	remove	D-025
S1-154584246	S3-716918450	remove	D-025
S1-15463735	S3-478707569	remove	D-025
S1-154648054	S2-848956513	remove	D-025
S1-154729616	S2-234781902	remove	D-025
S1-154809398	S2-680864045	remove	D-025
S1-154987196	S3-35393645	remove	D-025
S1-155336422	S2-326642559	remove	D-025
S1-155380989	S3-310816804	remove	D-025
S1-15546723	S3-406953014	remove	D-025
S1-155494377	S2-879536025	remove	D-025
S1-155631904	S3-674720606	remove	D-025
S1-15571598	S3-610400888	remove	D-025
S1-155722143	S2-479402410	remove	D-025
S1-155812950	S3-689977024	remove	D-025
S1-156002088	S3-441798555	remove	D-025
S1-156092784	S2-951509189	remove	D-025
S1-156127930	S2-539815967	remove	D-025
S1-156153634	S2-667444860	remove	D-025
S1-156937321	S3-170816823	remove	D-025
S1-157171506	S3-320575662	remove	D-025
S1-157248934	S2-814106871	remove	D-025
S1-157628217	S3-370417951	remove	D-025
S1-157695492	S2-781374793	remove	D-025
S1-157840379	S2-126797235	remove	D-025
S1-157973364	S3-967720858	remove	D-025
S1-158055436	S2-224195879	remove	D-025
S1-1581390	S2-476679345	remove	D-025
S1-158244881	S3-81620720	remove	D-025
S1-158255508	S3-451054049	remove	D-025
S1-158446687	S2-151069364	remove	D-025
S1-158610635	S3-781963875	remove	D-025
S1-1588703	S3-609530648	remove	D-025
S1-159258266	S3-610875214	remove	D-025
S1-159394019	S2-592458219	remove	D-025
S1-159980301	S2-93547256	remove	D-025
S1-16020805	S2-977107287	remove	D-025
S1-160394829	S3-494687711	remove	D-025
S1-160587624	S2-173105704	remove	D-025
S1-161172792	S3-39788500	remove	D-025
S1-161266334	S2-237654292	remove	D-025
S1-161287633	S3-537619737	remove	D-025
S1-161649876	S3-479960237	remove	D-025
S1-161921233	S2-749182598	remove	D-025
S1-162016281	S3-955769773	remove	D-025
S1-162040169	S3-945322707	remove	D-025
S1-162250620	S2-213659578	remove	D-025
S1-162433974	S2-715259829	remove	D-025
S1-162889875	S2-917306120	remove	D-025
S1-162889875	S3-910127486	remove	D-025
S1-162902639	S2-219323724	remove	D-025
S1-163357991	S2-477479812	remove	D-025
S1-163434680	S2-274732460	remove	D-025
S1-163725738	S3-872800122	remove	D-025
S1-16394533	S2-389979084	remove	D-025
S1-163970260	S3-774833050	remove	D-025
S1-163974989	S3-745098361	remove	D-025
S1-164033365	S3-456775644	remove	D-025
S1-164147837	S3-334147210	remove	D-025
S1-164520068	S2-802638037	remove	D-025
S1-164802453	S2-185866185	remove	D-025
S1-164814847	S2-204313496	remove	D-025
S1-164814847	S2-75964506	remove	D-025
S1-164827804	S3-59539642	remove	D-025
S1-165161270	S2-997421401	remove	D-025
S1-165179156	S3-744692456	remove	D-025
S1-16533980	S3-701110064	remove	D-025
S1-165406017	S3-940993301	remove	D-025
S1-165473946	S2-145037164	remove	D-025
S1-16575474	S3-611622029	remove	D-025
S1-166015555	S3-897874314	remove	D-025
S1-166196437	S2-977345309	remove	D-025
S1-166272245	S3-939831651	remove	D-025
S1-166765718	S3-954032722	remove	D-025
S1-166904862	S3-341415646	remove	D-025
S1-166952062	S2-534586349	remove	D-025
S1-167595253	S2-22378029	remove	D-025
S1-167794821	S2-506889729	remove	D-025
S1-167838786	S2-821598810	remove	D-025
S1-167975456	S2-290336243	remove	D-025
S1-1680815	S3-45741368	remove	D-025
S1-168213075	S3-144825864	remove	D-025
S1-168360413	S3-293560915	remove	D-025
S1-16842741	S2-645937055	remove	D-025
S1-168490493	S3-327310464	remove	D-025
S1-168542694	S2-553267213	remove	D-025
S1-16875083	S3-491135676	remove	D-025
S1-168787179	S2-742350000	remove	D-025
S1-168803129	S2-193787929	remove	D-025
S1-168956315	S2-569298742	remove	D-025
S1-169146095	S3-421238358	remove	D-025
S1-169522373	S3-438090650	remove	D-025
S1-169537158	S3-858814224	remove	D-025
S1-169846243	S2-548437422	remove	D-025
S1-169946264	S3-131165400	remove	D-025
S1-170014891	S2-479770423	remove	D-025
S1-170022716	S2-685884847	remove	D-025
S1-170022716	S3-356897891	remove	D-025
S1-170183804	S2-851910947	remove	D-025
S1-170309953	S2-79898875	remove	D-025
S1-170349080	S2-82318504	remove	D-025
S1-170417396	S2-176533412	remove	D-025
S1-171010828	S3-831202312	remove	D-025
S1-171433744	S2-733094137	remove	D-025
S1-171467887	S2-78242641	remove	D-025
S1-171533237	S3-780278570	remove	D-025
S1-171651971	S3-582322918	remove	D-025
S1-172084428	S3-268767867	remove	D-025
S1-172124599	S2-629176673	remove	D-025
S1-172193278	S3-584879861	remove	D-025
S1-172238577	S3-417056912	remove	D-025
S1-17231115	S2-640039516	remove	D-025
S1-172502344	S2-804607867	remove	D-025
S1-172606504	S3-696347486	remove	D-025
S1-172746176	S2-373212324	remove	D-025
S1-173396181	S2-202644840	remove	D-025
S1-17342561	S3-223845027	remove	D-025
S1-173478817	S3-674963171	remove	D-025
S1-173493376	S3-896066570	remove	D-025
S1-173532870	S3-764773725	remove	D-025
S1-173990232	S2-244085214	remove	D-025
S1-173998187	S3-444955358	remove	D-025
S1-175049280	S3-388675019	remove	D-025
S1-175464676	S3-277369545	remove	D-025
S1-175718373	S2-461952274	remove	D-025
S1-175840153	S2-255475335	remove	D-025
S1-175907955	S2-755344984	remove	D-025
S1-175928421	S3-225639659	remove	D-025
S1-176224977	S2-758470361	remove	D-025
S1-176263526	S2-701386044	remove	D-025
S1-176488894	S3-25655509	remove	D-025
S1-176735999	S2-881927217	remove	D-025
S1-177450518	S2-664128379	remove	D-025
S1-177482978	S3-903459342	remove	D-025
S1-177510377	S2-168497763	remove	D-025
S1-177583697	S3-816896538	remove	D-025
S1-177590660	S3-929217525	remove	D-025
S1-177883683	S3-978251355	remove	D-025
S1-17788640	S3-518038676	remove	D-025
S1-17797589	S3-458128910	remove	D-025
S1-17798089	S3-695214335	remove	D-025
S1-178005263	S3-662152766	remove	D-025
S1-178071074	S3-221373421	remove	D-025
S1-178172785	S3-253668195	remove	D-025
S1-178378983	S2-282157206	remove	D-025
S1-178473776	S3-844685969	remove	D-025
S1-17859719	S2-924217691	remove	D-025
S1-178862642	S3-759998604	remove	D-025
S1-17895237	S3-427382926	remove	D-025
S1-178986976	S3-336370158	remove	D-025
S1-179155948	S2-284573911	remove	D-025
S1-179167974	S3-679605147	remove	D-025
S1-179930646	S3-841785899	remove	D-025
S1-180048408	S3-773616718	remove	D-025
S1-180210260	S3-636868921	remove	D-025
S1-180226296	S3-903520016	remove	D-025
S1-180512732	S2-317533140	remove	D-025
S1-180590933	S2-947070287	remove	D-025
S1-180688794	S2-837796638	remove	D-025
S1-180998723	S3-621029362	remove	D-025
S1-18104268	S3-46467878	remove	D-025
S1-181170155	S2-367555806	remove	D-025
S1-181220005	S2-507620386	remove	D-025
S1-181379788	S2-86635496	remove	D-025
S1-181459028	S3-657604037	remove	D-025
S1-181700721	S2-966022052	remove	D-025
S1-181796799	S2-257794315	remove	D-025
S1-18187798	S3-872950539	remove	D-025
S1-182116977	S2-361038986	remove	D-025
S1-182192168	S2-201187396	remove	D-025
S1-18220702	S2-358088816	remove	D-025
S1-182303777	S2-611293547	remove	D-025
S1-182317528	S3-507515670	remove	D-025
S1-182328413	S3-748585152	remove	D-025
S1-182600750	S3-156538876	remove	D-025
S1-182848097	S3-519373663	remove	D-025
S1-182985134	S3-157127770	remove	D-025
S1-183157483	S2-556318391	remove	D-025
S1-183214849	S3-744719057	remove	D-025
S1-183292788	S3-503588364	remove	D-025
S1-183543910	S3-120208241	remove	D-025
S1-183831179	S2-43461449	remove	D-025
S1-183865045	S3-453087990	remove	D-025
S1-18425708	S2-921745804	remove	D-025
S1-184349941	S2-795819876	remove	D-025
S1-184442788	S3-633251204	remove	D-025
S1-184452582	S3-491851375	remove	D-025
S1-184472104	S3-789099135	remove	D-025
S1-184539376	S2-571192292	remove	D-025
S1-184633856	S2-897467472	remove	D-025
S1-184813864	S3-777283642	remove	D-025
S1-184924355	S3-669177542	remove	D-025
S1-185003697	S2-673895083	remove	D-025
S1-185154344	S2-61194743	remove	D-025
S1-185193099	S3-459452146	remove	D-025
S1-18542611	S3-684683977	remove	D-025
S1-185509221	S2-575773113	remove	D-025
S1-185579926	S2-64209935	remove	D-025
S1-185787384	S2-627856269	remove	D-025
S1-185787384	S3-886596014	remove	D-025
S1-185798234	S2-680738443	remove	D-025
S1-18637096	S3-245813121	remove	D-025
S1-18648536	S2-805897680	remove	D-025
S1-186590239	S2-801684409	remove	D-025
S1-186604651	S3-439700912	remove	D-025
S1-186879223	S3-413230675	remove	D-025
S1-186965268	S2-156064091	remove	D-025
S1-187063673	S2-55660174	remove	D-025
S1-187104798	S3-95333424	remove	D-025
S1-187114372	S2-635746406	remove	D-025
S1-187374275	S3-94737902	remove	D-025
S1-18747803	S3-286927560	remove	D-025
S1-187666455	S2-508278963	remove	D-025
S1-187714470	S2-258560462	remove	D-025
S1-188225383	S3-375667133	remove	D-025
S1-18823174	S2-944686913	remove	D-025
S1-188336577	S3-641263213	remove	D-025
S1-188444201	S3-14676141	remove	D-025
S1-188491555	S2-757399175	remove	D-025
S1-188520957	S2-28526307	remove	D-025
S1-188882512	S3-506941525	remove	D-025
S1-188936563	S2-58309099	remove	D-025
S1-188936563	S2-998431975	remove	D-025
S1-188967478	S3-660623668	remove	D-025
S1-189097980	S2-958414521	remove	D-025
S1-189162433	S3-763721725	remove	D-025
S1-189204713	S2-534755488	remove	D-025
S1-18927687	S2-971182457	remove	D-025
S1-189320677	S3-956020844	remove	D-025
S1-189337575	S2-709437774	remove	D-025
S1-189361777	S3-469200351	remove	D-025
S1-189605298	S2-537090633	remove	D-025
S1-190253495	S2-293663536	remove	D-025
S1-190555945	S2-436883645	remove	D-025
S1-190664458	S2-638695529	remove	D-025
S1-190716539	S3-903955923	remove	D-025
S1-191449768	S3-20909535	remove	D-025
S1-191581317	S2-958945200	remove	D-025
S1-191749478	S2-836471993	remove	D-025
S1-19175067	S2-157379402	remove	D-025
S1-192182415	S2-486659449	remove	D-025
S1-192254168	S3-184735529	remove	D-025
S1-192364984	S3-143236120	remove	D-025
S1-192407801	S2-460558579	remove	D-025
S1-192479770	S3-172978793	remove	D-025
S1-192923179	S3-523398609	remove	D-025
S1-193257123	S2-195216943	remove	D-025
S1-193414261	S3-976598299	remove	D-025
S1-193471818	S2-812159571	remove	D-025
S1-193715973	S2-831180016	remove	D-025
S1-193725282	S3-411980842	remove	D-025
S1-193765525	S2-226670018	remove	D-025
S1-193890565	S3-313202597	remove	D-025
S1-193936561	S3-558284137	remove	D-025
S1-194674344	S3-348132334	remove	D-025
S1-194929185	S3-236918948	remove	D-025
S1-195137499	S3-44084181	remove	D-025
S1-1954471	S2-442665187	remove	D-025
S1-195479105	S2-204303101	remove	D-025
S1-195479105	S3-240476793	remove	D-025
S1-195515476	S2-782218182	remove	D-025
S1-19555209	S3-642571781	remove	D-025
S1-195626996	S2-468214808	remove	D-025
S1-196058229	S2-756357088	remove	D-025
S1-196121591	S2-648282423	remove	D-025
S1-196473554	S3-993766856	remove	D-025
S1-196499531	S3-317719362	remove	D-025
S1-197000391	S2-397465574	remove	D-025
S1-197130836	S2-982085506	remove	D-025
S1-197143311	S2-834735937	remove	D-025
S1-197784029	S3-76459881	remove	D-025
S1-198023584	S2-114206647	remove	D-025
S1-198059743	S3-229160501	remove	D-025
S1-198457005	S3-876044238	remove	D-025
S1-198616280	S2-563774899	remove	D-025
S1-198660019	S3-40993977	remove	D-025
S1-198839399	S2-571838818	remove	D-025
S1-198846466	S3-490841854	remove	D-025
S1-198873953	S3-802606420	remove	D-025
S1-198921887	S2-523267191	remove	D-025
S1-199014020	S3-211768893	remove	D-025
S1-199398680	S2-733356495	remove	D-025
S1-199421111	S3-155142239	remove	D-025
S1-199516911	S3-374471280	remove	D-025
S1-199793917	S3-319423470	remove	D-025
S1-199892334	S2-486787794	remove	D-025
S1-199908267	S2-148603	remove	D-025
S1-200313690	S3-97875860	remove	D-025
S1-200349629	S3-585200196	remove	D-025
S1-200640652	S2-958991753	remove	D-025
S1-200777129	S3-207139449	remove	D-025
S1-20124416	S3-147147963	remove	D-025
S1-201272075	S2-534762607	remove	D-025
S1-20152042	S2-228176690	remove	D-025
S1-201657623	S2-115056172	remove	D-025
S1-202013971	S2-917510037	remove	D-025
S1-20215438	S3-672300266	remove	D-025
S1-202369919	S3-820674274	remove	D-025
S1-202370548	S2-27858285	remove	D-025
S1-202407485	S3-587826540	remove	D-025
S1-202635556	S3-817718965	remove	D-025
S1-202664273	S3-249588160	remove	D-025
S1-202684312	S3-510566571	remove	D-025
S1-202870709	S3-384444877	remove	D-025
S1-202875287	S2-74004868	remove	D-025
S1-203157411	S3-719746375	remove	D-025
S1-203244030	S3-167340352	remove	D-025
S1-203401223	S2-162404039	remove	D-025
S1-203401223	S2-549246570	remove	D-025
S1-203401223	S2-636580816	remove	D-025
S1-203759882	S3-681141965	remove	D-025
S1-203990616	S3-13835205	remove	D-025
S1-204275447	S2-32195488	remove	D-025
S1-204638829	S3-460009370	remove	D-025
S1-204959463	S3-521922162	remove	D-025
S1-205006032	S2-836185131	remove	D-025
S1-205028999	S2-119681026	remove	D-025
S1-20519687	S2-819933236	remove	D-025
S1-20551172	S2-792983212	remove	D-025
S1-205684324	S3-447306448	remove	D-025
S1-20582540	S2-399577716	remove	D-025
S1-206149103	S3-681408416	remove	D-025
S1-206296059	S2-944032636	remove	D-025
S1-206296059	S3-285731587	remove	D-025
S1-206527156	S3-163399115	remove	D-025
S1-206629513	S2-436947509	remove	D-025
S1-206771710	S2-408262592	remove	D-025
S1-206771710	S2-634750188	remove	D-025
S1-207214459	S3-888499809	remove	D-025
S1-207417685	S2-752980009	remove	D-025
S1-207559472	S3-940653557	remove	D-025
S1-207881026	S2-2421489	remove	D-025
S1-20816779	S3-705832612	remove	D-025
S1-208197675	S3-301585942	remove	D-025
S1-208347818	S2-481767989	remove	D-025
S1-208431407	S2-777288269	remove	D-025
S1-208609431	S3-793158203	remove	D-025
S1-208783663	S3-761099075	remove	D-025
S1-20883188	S3-817506195	remove	D-025
S1-209037366	S2-995292661	remove	D-025
S1-209283275	S2-782076496	remove	D-025
S1-209490224	S3-388176068	remove	D-025
S1-209585412	S2-290993853	remove	D-025
S1-209683090	S2-804387684	remove	D-025
S1-210066213	S2-744136752	remove	D-025
S1-210266104	S2-265196244	remove	D-025
S1-210277219	S2-917748060	remove	D-025
S1-210423289	S3-768063635	remove	D-025
S1-210456323	S3-464284934	remove	D-025
S1-210945515	S2-223043284	remove	D-025
S1-210953102	S3-920321885	remove	D-025
S1-211284115	S2-42177899	remove	D-025
S1-211573207	S2-493055425	remove	D-025
S1-211631092	S2-179473979	remove	D-025
S1-211816388	S3-670658120	remove	D-025
S1-21211873	S2-863911631	remove	D-025
S1-212551699	S2-9691333	remove	D-025
S1-212575903	S2-464323078	remove	D-025
S1-212643840	S2-63912330	remove	D-025
S1-212817006	S2-687115487	remove	D-025
S1-212859750	S2-668169877	remove	D-025
S1-213143255	S2-151563585	remove	D-025
S1-21324671	S2-423398616	remove	D-025
S1-213270043	S2-2615208	remove	D-025
S1-213384335	S2-958652263	remove	D-025
S1-213650071	S2-345600198	remove	D-025
S1-21371136	S3-678201093	remove	D-025
S1-213715093	S2-688302965	remove	D-025
S1-213887905	S3-992720636	remove	D-025
S1-214144551	S2-415257602	remove	D-025
S1-214190793	S3-65841761	remove	D-025
S1-214223170	S3-633125812	remove	D-025
S1-214496282	S3-863900071	remove	D-025
S1-214561817	S2-754473699	remove	D-025
S1-214613295	S3-151917495	remove	D-025
S1-214724417	S2-795884789	remove	D-025
S1-214773159	S2-193517285	remove	D-025
S1-215218394	S3-361070509	remove	D-025
S1-215612520	S2-845483047	remove	D-025
S1-215665288	S2-740494590	remove	D-025
S1-216010288	S3-214116056	remove	D-025
S1-216011620	S3-133087991	remove	D-025
S1-216017441	S2-930776456	remove	D-025
S1-216145698	S3-883990093	remove	D-025
S1-2163586	S2-218585545	remove	D-025
S1-216457	S3-945733855	remove	D-025
S1-216563903	S2-101517108	remove	D-025
S1-216732254	S3-829585753	remove	D-025
S1-216810436	S3-629106839	remove	D-025
S1-21682650	S2-103688882	remove	D-025
S1-217270646	S3-162786171	remove	D-025
S1-217799144	S2-926839333	remove	D-025
S1-218024609	S3-622503982	remove	D-025
S1-218024609	S3-862233115	remove	D-025
S1-218344186	S2-686633982	remove	D-025
S1-218378347	S3-133344566	remove	D-025
S1-218593639	S3-212505068	remove	D-025
S1-218657800	S2-309129827	remove	D-025
S1-218896141	S3-635020531	remove	D-025
S1-218943420	S3-585139505	remove	D-025
S1-219002312	S2-309475336	remove	D-025
S1-219040627	S3-113765762	remove	D-025
S1-219052194	S3-392564499	remove	D-025
S1-219253212	S3-120487960	remove	D-025
S1-219472786	S2-355646497	remove	D-025
S1-219527493	S2-401056522	remove	D-025
S1-219644078	S3-22276568	remove	D-025
S1-219812662	S2-244273718	remove	D-025
S1-219887242	S3-645961242	remove	D-025
S1-220067185	S2-346744213	remove	D-025
S1-220245037	S3-554373636	remove	D-025
S1-220314541	S3-248321453	remove	D-025
S1-22037041	S3-592262346	remove	D-025
S1-220423875	S2-522607767	remove	D-025
S1-220432335	S3-876301330	remove	D-025
S1-220505311	S3-818461724	remove	D-025
S1-220505311	S3-864235336	remove	D-025
S1-220545554	S3-741571294	remove	D-025
S1-220696382	S2-744682705	remove	D-025
S1-220796946	S3-138287549	remove	D-025
S1-221002799	S3-733445295	remove	D-025
S1-221058929	S3-217731193	remove	D-025
S1-221377276	S3-915325628	remove	D-025
S1-221629993	S2-579686639	remove	D-025
S1-221736163	S2-120207200	remove	D-025
S1-221827414	S2-72457483	remove	D-025
S1-22185425	S3-692366121	remove	D-025
S1-221915867	S3-886923323	remove	D-025
S1-222013741	S3-321016355	remove	D-025
S1-222105948	S3-506420684	remove	D-025
S1-222192261	S3-625789635	remove	D-025
S1-222498952	S3-54813439	remove	D-025
S1-222562467	S2-863094740	remove	D-025
S1-222800874	S3-632687656	remove	D-025
S1-222859002	S3-935088370	remove	D-025
S1-223017251	S2-180454125	remove	D-025
S1-223192224	S3-433162439	remove	D-025
S1-223552504	S3-213140082	remove	D-025
S1-223799803	S3-86274046	remove	D-025
S1-223927813	S3-660629940	remove	D-025
S1-224171401	S3-700012817	remove	D-025
S1-224184833	S2-78546841	remove	D-025
S1-22423043	S3-468154958	remove	D-025
S1-224297326	S3-222090042	remove	D-025
S1-224636089	S3-787289023	remove	D-025
S1-224998730	S3-437171826	remove	D-025
S1-225017124	S3-571842790	remove	D-025
S1-225017124	S3-745564647	remove	D-025
S1-225336600	S3-986235946	remove	D-025
S1-225376101	S2-488132046	remove	D-025
S1-225774684	S3-690612489	remove	D-025
S1-225964851	S3-94132173	remove	D-025
S1-226369533	S3-269684380	remove	D-025
S1-226369533	S3-443680466	remove	D-025
S1-226369629	S3-146108330	remove	D-025
S1-226461615	S2-982673107	remove	D-025
S1-226576885	S3-526087878	remove	D-025
S1-226709732	S2-56787561	remove	D-025
S1-226909492	S3-857947418	remove	D-025
S1-227239880	S2-122924592	remove	D-025
S1-227613328	S3-410008460	remove	D-025
S1-227888647	S3-634106759	remove	D-025
S1-227932875	S2-197068621	remove	D-025
S1-228199774	S2-67601920	remove	D-025
S1-228209162	S2-809458578	remove	D-025
S1-228279032	S2-794501456	remove	D-025
S1-228315577	S2-819978510	remove	D-025
S1-228378972	S2-115075241	remove	D-025
S1-228451460	S2-983476159	remove	D-025
S1-228451460	S3-805169435	remove	D-025
S1-228917975	S2-165101530	remove	D-025
S1-228940722	S3-508497368	remove	D-025
S1-229141754	S3-964099342	remove	D-025
S1-229394265	S3-140226092	remove	D-025
S1-229482582	S2-361753627	remove	D-025
S1-229524995	S2-306890240	remove	D-025
S1-229717856	S3-512688222	remove	D-025
S1-229898450	S2-456089023	remove	D-025
S1-230143913	S2-781118387	remove	D-025
S1-230387721	S2-631457969	remove	D-025
S1-230403847	S2-355410002	remove	D-025
S1-230507931	S3-782038358	remove	D-025
S1-230545793	S3-689124970	remove	D-025
S1-230819414	S3-88979351	remove	D-025
S1-231129996	S3-503321722	remove	D-025
S1-231500646	S2-458040058	remove	D-025
S1-231663356	S2-552396498	remove	D-025
S1-231824898	S3-214528738	remove	D-025
S1-231882601	S2-885414614	remove	D-025
S1-231931459	S3-508738162	remove	D-025
S1-232507691	S3-907785895	remove	D-025
S1-232515003	S3-961661074	remove	D-025
S1-232923287	S2-616560245	remove	D-025
S1-232927213	S2-737311862	remove	D-025
S1-232984724	S2-71596961	remove	D-025
S1-233214248	S2-568796188	remove	D-025
S1-233361006	S2-680377661	remove	D-025
S1-23340747	S3-617561237	remove	D-025
S1-233479821	S3-159872435	remove	D-025
S1-233716846	S3-36696979	remove	D-025
S1-233951204	S3-782551277	remove	D-025
S1-233952436	S2-605316298	remove	D-025
S1-234138377	S3-9036634	remove	D-025
S1-234323040	S3-367305191	remove	D-025
S1-234413282	S3-553580132	remove	D-025
S1-234460676	S3-346026469	remove	D-025
S1-234518772	S3-915013765	remove	D-025
S1-235059739	S2-318997014	remove	D-025
S1-235181630	S3-935963719	remove	D-025
S1-235365527	S3-666267273	remove	D-025
S1-235403813	S3-539905326	remove	D-025
S1-235408840	S2-526549900	remove	D-025
S1-23548288	S3-309084528	remove	D-025
S1-235683469	S3-264874207	remove	D-025
S1-235784892	S3-254911072	remove	D-025
S1-235835901	S2-818344442	remove	D-025
S1-235977712	S3-430756549	remove	D-025
S1-236143080	S3-912922593	remove	D-025
S1-236284284	S3-447554120	remove	D-025
S1-23660869	S2-100859208	remove	D-025
S1-236615338	S3-827282955	remove	D-025
S1-236744697	S2-207354646	remove	D-025
S1-236880461	S2-224831219	remove	D-025
S1-237361139	S2-686632383	remove	D-025
S1-237393671	S3-146139388	remove	D-025
S1-237656742	S3-119069427	remove	D-025
S1-23767754	S3-283110873	remove	D-025
S1-237699193	S3-537744988	remove	D-025
S1-237752997	S2-123818656	remove	D-025
S1-238128511	S2-180809390	remove	D-025
S1-238162249	S2-579905004	remove	D-025
S1-238350448	S3-899048656	remove	D-025
S1-238464544	S3-56177552	remove	D-025
S1-238517762	S2-432978269	remove	D-025
S1-238876408	S2-820775317	remove	D-025
S1-239261793	S2-760633658	remove	D-025
S1-239261793	S2-994068235	remove	D-025
S1-239421515	S2-559457961	remove	D-025
S1-239427839	S2-875655556	remove	D-025
S1-239628683	S2-301844580	remove	D-025
S1-239722941	S3-238153362	remove	D-025
S1-239759987	S2-795205222	remove	D-025
S1-239918711	S3-187690381	remove	D-025
S1-239932130	S2-186990693	remove	D-025
S1-239978397	S3-508930772	remove	D-025
S1-239988768	S3-98844182	remove	D-025
S1-240042744	S3-521755443	remove	D-025
S1-240042744	S3-615159747	remove	D-025
S1-240050000	S3-708856540	remove	D-025
S1-240065283	S3-746176766	remove	D-025
S1-240411409	S3-12241122	remove	D-025
S1-240697472	S2-862750132	remove	D-025
S1-240697472	S2-898716061	remove	D-025
S1-240733293	S3-973727935	remove	D-025
S1-241047009	S3-725207715	remove	D-025
S1-24140214	S2-767225145	remove	D-025
S1-241473712	S2-305450397	remove	D-025
S1-24189812	S3-327744213	remove	D-025
S1-242200519	S3-246873624	remove	D-025
S1-242420105	S3-332414168	remove	D-025
S1-242505334	S3-964364022	remove	D-025
S1-242530915	S2-108048435	remove	D-025
S1-242786120	S2-549045280	remove	D-025
S1-242786120	S3-853782340	remove	D-025
S1-242839259	S2-968438890	remove	D-025
S1-242961846	S2-849306063	remove	D-025
S1-24321158	S3-610540442	remove	D-025
S1-243228055	S2-892424982	remove	D-025
S1-24338161	S3-862072356	remove	D-025
S1-243479559	S3-227045544	remove	D-025
S1-243509094	S3-531022716	remove	D-025
S1-243758916	S3-945731929	remove	D-025
S1-244180129	S2-500176897	remove	D-025
S1-244220296	S3-303413222	remove	D-025
S1-244444579	S3-572057789	remove	D-025
S1-244466105	S3-354123764	remove	D-025
S1-244507808	S3-302820726	remove	D-025
S1-244940430	S3-549362957	remove	D-025
S1-244998038	S3-281496778	remove	D-025
S1-245033175	S3-545367442	remove	D-025
S1-245091427	S3-521155340	remove	D-025
S1-245119219	S2-183539091	remove	D-025
S1-245239575	S3-287266312	remove	D-025
S1-245367846	S3-633355476	remove	D-025
S1-245801156	S3-866033942	remove	D-025
S1-246156745	S3-887882250	remove	D-025
S1-246216811	S3-284309757	remove	D-025
S1-246257761	S2-633749944	remove	D-025
S1-246296368	S3-385117534	remove	D-025
S1-246646962	S3-703857028	remove	D-025
S1-24672664	S3-5596573	remove	D-025
S1-246892402	S3-437876212	remove	D-025
S1-247542615	S3-996490388	remove	D-025
S1-24790344	S3-826458345	remove	D-025
S1-24820231	S2-797282838	remove	D-025
S1-248323227	S2-499238148	remove	D-025
S1-248601269	S2-817409482	remove	D-025
S1-248614986	S2-54068833	remove	D-025
S1-248666088	S3-56349777	remove	D-025
S1-248703060	S3-247016031	remove	D-025
S1-248714566	S3-231212965	remove	D-025
S1-248886175	S3-819915430	remove	D-025
S1-248987722	S3-208110628	remove	D-025
S1-249009771	S3-151797325	remove	D-025
S1-249152982	S3-127553154	remove	D-025
S1-249455206	S2-756767203	remove	D-025
S1-249822984	S3-4779987	remove	D-025
S1-249832224	S3-301329110	remove	D-025
S1-249868858	S3-191321497	remove	D-025
S1-250137788	S3-983784644	remove	D-025
S1-250395803	S3-712141382	remove	D-025
S1-250498936	S3-930221204	remove	D-025
S1-250501966	S3-138510914	remove	D-025
S1-250574950	S2-792422163	remove	D-025
S1-251035038	S3-336846208	remove	D-025
S1-251317717	S2-380442593	remove	D-025
S1-251845252	S3-451180674	remove	D-025
S1-252125442	S2-450754520	remove	D-025
S1-252303007	S3-463853435	remove	D-025
S1-252559618	S2-901791826	remove	D-025
S1-252580861	S2-715094403	remove	D-025
S1-252647757	S3-616364160	remove	D-025
S1-252732489	S3-22632624	remove	D-025
S1-252826570	S2-250534865	remove	D-025
S1-252864975	S3-416536230	remove	D-025
S1-252880569	S3-948310363	remove	D-025
S1-25337299	S3-879393162	remove	D-025
S1-253391628	S3-350780878	remove	D-025
S1-253441951	S2-594205261	remove	D-025
S1-25344315	S2-841364564	remove	D-025
S1-25345340	S2-879635097	remove	D-025
S1-253476469	S3-408426665	remove	D-025
S1-253818940	S2-896682891	remove	D-025
S1-25390446	S3-931082638	remove	D-025
S1-253987091	S3-654219534	remove	D-025
S1-254158228	S3-877874629	remove	D-025
S1-254212426	S3-794609980	remove	D-025
S1-25439949	S3-700795636	remove	D-025
S1-254468100	S2-123807802	remove	D-025
S1-25451828	S3-407900420	remove	D-025
S1-254872850	S3-940143815	remove	D-025
S1-25504015	S2-729527694	remove	D-025
S1-255167357	S2-166416493	remove	D-025
S1-255236815	S3-365601264	remove	D-025
S1-255829031	S2-789218426	remove	D-025
S1-256281475	S3-40825968	remove	D-025
S1-256471581	S2-545223723	remove	D-025
S1-25674797	S2-674013727	remove	D-025
S1-256882465	S3-776010964	remove	D-025
S1-257050338	S2-131574083	remove	D-025
S1-257512962	S3-389285971	remove	D-025
S1-257589398	S3-125018826	remove	D-025
S1-258471281	S2-249862293	remove	D-025
S1-258501780	S3-298909654	remove	D-025
S1-25868142	S2-744548765	remove	D-025
S1-258810936	S3-554286838	remove	D-025
S1-258821141	S3-147925472	remove	D-025
S1-259058401	S2-418796873	remove	D-025
S1-259202976	S2-755557442	remove	D-025
S1-259382275	S2-139926916	remove	D-025
S1-259382275	S3-354048541	remove	D-025
S1-259382275	S3-362471553	remove	D-025
S1-2599958	S2-60156552	remove	D-025
S1-260282837	S2-834157744	remove	D-025
S1-260573451	S3-666630346	remove	D-025
S1-260705530	S3-625855364	remove	D-025
S1-260811193	S3-396479778	remove	D-025
S1-261007607	S3-787320811	remove	D-025
S1-261046866	S3-911101388	remove	D-025
S1-26134738	S3-31587160	remove	D-025
S1-261481103	S3-451726977	remove	D-025
S1-261492976	S2-381050997	remove	D-025
S1-261502927	S2-890487699	remove	D-025
S1-261685047	S3-116341520	remove	D-025
S1-261705142	S2-941379055	remove	D-025
S1-2617203	S2-35957881	remove	D-025
S1-261780422	S3-620036900	remove	D-025
S1-261825184	S2-890028358	remove	D-025
S1-261854586	S2-786139821	remove	D-025
S1-261967945	S2-595906680	remove	D-025
S1-261969021	S2-961685054	remove	D-025
S1-262115514	S2-840929478	remove	D-025
S1-262115514	S2-873564724	remove	D-025
S1-262228769	S2-981533663	remove	D-025
S1-262261798	S3-931429906	remove	D-025
S1-262312480	S3-87197334	remove	D-025
S1-262335888	S3-364488906	remove	D-025
S1-262551576	S2-801445728	remove	D-025
S1-262879360	S2-476158059	remove	D-025
S1-263015470	S2-631846780	remove	D-025
S1-263088991	S2-944994746	remove	D-025
S1-263153243	S2-620579742	remove	D-025
S1-263154241	S2-283038998	remove	D-025
S1-263258801	S2-926550435	remove	D-025
S1-26327383	S3-916163381	remove	D-025
S1-263397619	S2-506560389	remove	D-025
S1-263451264	S2-510531603	remove	D-025
S1-26358819	S3-480066889	remove	D-025
S1-263645290	S2-301992465	remove	D-025
S1-263675484	S3-953694135	remove	D-025
S1-263837146	S3-208412867	remove	D-025
S1-263996570	S3-648783557	remove	D-025
S1-264036045	S3-320775752	remove	D-025
S1-264193059	S2-481199219	remove	D-025
S1-264230779	S2-596717236	remove	D-025
S1-264347052	S3-200315152	remove	D-025
S1-264369694	S2-74866446	remove	D-025
S1-264375134	S2-453280249	remove	D-025
S1-26464220	S2-113713916	remove	D-025
S1-264763588	S3-583615452	remove	D-025
S1-265154560	S3-165237960	remove	D-025
S1-265669808	S3-483518149	remove	D-025
S1-265770723	S3-536785290	remove	D-025
S1-265863452	S3-517382972	remove	D-025
S1-266552456	S3-699009272	remove	D-025
S1-266676699	S3-619831727	remove	D-025
S1-266887720	S3-752296592	remove	D-025
S1-267148544	S3-58701535	remove	D-025
S1-267241938	S2-690944985	remove	D-025
S1-267346216	S3-734899792	remove	D-025
S1-267367577	S2-540584303	remove	D-025
S1-267380070	S3-713662775	remove	D-025
S1-267550603	S3-717865228	remove	D-025
S1-267641011	S3-243212154	remove	D-025
S1-267692911	S2-663358951	remove	D-025
S1-268056251	S3-488789377	remove	D-025
S1-268611680	S2-186316329	remove	D-025
S1-268613023	S3-236977604	remove	D-025
S1-268655393	S3-677027494	remove	D-025
S1-268721018	S3-103608748	remove	D-025
S1-26892018	S3-435342088	remove	D-025
S1-268945866	S2-706594454	remove	D-025
S1-268978237	S3-827782950	remove	D-025
S1-269105806	S3-941655635	remove	D-025
S1-269141031	S2-145415463	remove	D-025
S1-269213616	S3-134686663	remove	D-025
S1-269936219	S2-450579858	remove	D-025
S1-270193734	S2-283669952	remove	D-025
S1-270360466	S2-54292078	remove	D-025
S1-270406891	S3-846009507	remove	D-025
S1-270494670	S3-268456409	remove	D-025
S1-270566312	S2-197381698	remove	D-025
S1-270571815	S3-299942286	remove	D-025
S1-270743946	S2-870758787	remove	D-025
S1-270748988	S2-752254317	remove	D-025
S1-270914577	S3-193695580	remove	D-025
S1-271074408	S3-182812087	remove	D-025
S1-27121519	S3-509731355	remove	D-025
S1-271224973	S3-362827957	remove	D-025
S1-271261020	S2-356720420	remove	D-025
S1-271362234	S3-260673376	remove	D-025
S1-271590096	S3-658194775	remove	D-025
S1-271627334	S2-222553528	remove	D-025
S1-271671808	S3-353227766	remove	D-025
S1-271672691	S2-274453992	remove	D-025
S1-271680337	S3-677820390	remove	D-025
S1-271882546	S3-106540733	remove	D-025
S1-271893969	S2-490863736	remove	D-025
S1-272006943	S3-160905216	remove	D-025
S1-27206864	S3-551646107	remove	D-025
S1-27240594	S3-341323087	remove	D-025
S1-272557929	S3-80578790	remove	D-025
S1-272706450	S2-80539710	remove	D-025
S1-273377560	S3-292269138	remove	D-025
S1-273752737	S2-252252705	remove	D-025
S1-273991004	S3-1508435	remove	D-025
S1-274110714	S2-233901201	remove	D-025
S1-274226308	S3-238368287	remove	D-025
S1-274226309	S3-209311938	remove	D-025
S1-274236054	S2-28442946	remove	D-025
S1-274348544	S2-293669088	remove	D-025
S1-274540346	S3-613022401	remove	D-025
S1-274850615	S3-897112357	remove	D-025
S1-274888487	S2-336834771	remove	D-025
S1-27490450	S3-237383544	remove	D-025
S1-274952391	S2-643660789	remove	D-025
S1-275354595	S2-846787175	remove	D-025
S1-275367456	S3-882725557	remove	D-025
S1-275471252	S3-166194561	remove	D-025
S1-275527407	S3-618487805	remove	D-025
S1-275622216	S2-599088503	remove	D-025
S1-275807127	S2-258770660	remove	D-025
S1-276158049	S3-758694589	remove	D-025
S1-27630950	S3-778548002	remove	D-025
S1-276518651	S2-685296674	remove	D-025
S1-276626917	S3-187088809	remove	D-025
S1-276713714	S3-870994203	remove	D-025
S1-276917559	S2-328303234	remove	D-025
S1-277104891	S3-832157245	remove	D-025
S1-277335964	S3-347211229	remove	D-025
S1-277643248	S2-363419586	remove	D-025
S1-278012754	S2-898501266	remove	D-025
S1-278033950	S2-393783675	remove	D-025
S1-278135123	S3-402646526	remove	D-025
S1-278277125	S3-181188077	remove	D-025
S1-278389569	S3-916504893	remove	D-025
S1-278410725	S2-635890910	remove	D-025
S1-278655734	S3-15316237	remove	D-025
S1-278899959	S3-86621445	remove	D-025
S1-278908169	S3-735107900	remove	D-025
S1-279303804	S2-537205774	remove	D-025
S1-279471907	S3-181601749	remove	D-025
S1-279488029	S3-883292040	remove	D-025
S1-279661927	S2-315961229	remove	D-025
S1-279807792	S2-344862688	remove	D-025
S1-279886983	S3-906226177	remove	D-025
S1-279957341	S2-143505359	remove	D-025
S1-280052833	S3-962486828	remove	D-025
S1-280455368	S2-734133406	remove	D-025
S1-280563323	S3-175108821	remove	D-025
S1-280602997	S3-742929784	remove	D-025
S1-280769460	S3-725123890	remove	D-025
S1-280831948	S3-640682550	remove	D-025
S1-281218218	S3-982212544	remove	D-025
S1-28133174	S3-187276632	remove	D-025
S1-281592810	S2-748297474	remove	D-025
S1-281684585	S3-816042545	remove	D-025
S1-281799625	S3-175172722	remove	D-025
S1-281799625	S3-491885425	remove	D-025
S1-282483944	S2-20787271	remove	D-025
S1-282529692	S3-89743636	remove	D-025
S1-282879523	S3-173760374	remove	D-025
S1-282921785	S2-112212519	remove	D-025
S1-283061319	S2-467460026	remove	D-025
S1-283331874	S2-441533859	remove	D-025
S1-283491484	S2-11734779	remove	D-025
S1-283569346	S2-379471023	remove	D-025
S1-283810628	S2-870071987	remove	D-025
S1-283846548	S2-531182421	remove	D-025
S1-283921902	S2-825447282	remove	D-025
S1-28399847	S3-242855160	remove	D-025
S1-284075483	S2-411866658	remove	D-025
S1-284451581	S2-337799249	remove	D-025
S1-284593506	S2-101062161	remove	D-025
S1-284691186	S3-892699234	remove	D-025
S1-284691661	S3-17708991	remove	D-025
S1-284703975	S3-89007483	remove	D-025
S1-284828089	S3-864156478	remove	D-025
S1-285081724	S3-998114987	remove	D-025
S1-28517701	S3-497280874	remove	D-025
S1-285227803	S2-639945793	remove	D-025
S1-285277109	S3-364965576	remove	D-025
S1-285387715	S2-420913745	remove	D-025
S1-28555767	S2-489747199	remove	D-025
S1-285619321	S2-578845184	remove	D-025
S1-285831557	S2-535691820	remove	D-025
S1-286219719	S3-382608527	remove	D-025
S1-286239913	S3-549844898	remove	D-025
S1-286611307	S2-885294009	remove	D-025
S1-286730047	S3-305998859	remove	D-025
S1-286782220	S3-680954633	remove	D-025
S1-287234013	S2-333308011	remove	D-025
S1-28730093	S2-669550348	remove	D-025
S1-2874661	S3-80928800	remove	D-025
S1-287578763	S3-27146208	remove	D-025
S1-28777139	S3-520174288	remove	D-025
S1-287788774	S3-512204215	remove	D-025
S1-287864243	S3-744689595	remove	D-025
S1-28789140	S3-304540013	remove	D-025
S1-28799581	S2-660480942	remove	D-025
S1-288128725	S2-514519015	remove	D-025
S1-288270436	S2-790368930	remove	D-025
S1-288644865	S3-801535565	remove	D-025
S1-288877821	S2-343149896	remove	D-025
S1-289258773	S3-130150345	remove	D-025
S1-289450797	S3-103985381	remove	D-025
S1-289474310	S2-224542562	remove	D-025
S1-289512724	S2-844295303	remove	D-025
S1-289845739	S3-788022471	remove	D-025
S1-290023646	S3-498033000	remove	D-025
S1-29027383	S3-355811162	remove	D-025
S1-290407522	S2-45204566	remove	D-025
S1-290565839	S3-261358651	remove	D-025
S1-290592731	S3-828900748	remove	D-025
S1-290722212	S3-372080426	remove	D-025
S1-290784036	S3-163229826	remove	D-025
S1-290861327	S3-114965385	remove	D-025
S1-291098095	S3-241453280	remove	D-025
S1-291275770	S2-191115541	remove	D-025
S1-291382579	S3-851740695	remove	D-025
S1-291403508	S3-691187837	remove	D-025
S1-29150879	S2-742755650	remove	D-025
S1-291627719	S2-860900249	remove	D-025
S1-291871799	S3-401262360	remove	D-025
S1-292077086	S3-302929138	remove	D-025
S1-292392957	S2-402526285	remove	D-025
S1-292402347	S2-602953152	remove	D-025
S1-292402347	S3-819677888	remove	D-025
S1-292937597	S3-964171199	remove	D-025
S1-293026600	S2-382331280	remove	D-025
S1-293043869	S3-439504428	remove	D-025
S1-293096307	S2-141689642	remove	D-025
S1-293123917	S2-103516181	remove	D-025
S1-293518877	S2-833891496	remove	D-025
S1-293525807	S3-512123532	remove	D-025
S1-293621463	S3-852136683	remove	D-025
S1-293650822	S2-185035074	remove	D-025
S1-293833484	S3-962451892	remove	D-025
S1-293844293	S3-924535244	remove	D-025
S1-29387090	S3-457427156	remove	D-025
S1-293968993	S2-671717433	remove	D-025
S1-293990404	S3-243213247	remove	D-025
S1-294105991	S3-438386689	remove	D-025
S1-294132601	S2-308364396	remove	D-025
S1-294419305	S3-437356644	remove	D-025
S1-294832036	S2-380297842	remove	D-025
S1-295009223	S2-750582261	remove	D-025
S1-295010081	S2-321661483	remove	D-025
S1-295141358	S3-979327695	remove	D-025
S1-295389875	S2-393031206	remove	D-025
S1-295541050	S2-945867053	remove	D-025
S1-295707912	S3-662982386	remove	D-025
S1-29595362	S3-294602600	remove	D-025
S1-296116774	S2-186258147	remove	D-025
S1-296154739	S3-958419948	remove	D-025
S1-296237070	S3-773686493	remove	D-025
S1-296247268	S2-779298920	remove	D-025
S1-296345766	S2-92421473	remove	D-025
S1-296369131	S3-812032437	remove	D-025
S1-296943672	S2-215817290	remove	D-025
S1-296971424	S2-634190000	remove	D-025
S1-296971424	S3-874207554	remove	D-025
S1-297007175	S2-889622432	remove	D-025
S1-297071084	S2-201761798	remove	D-025
S1-297123149	S2-749637394	remove	D-025
S1-297345691	S2-304917835	remove	D-025
S1-297426421	S3-389874690	remove	D-025
S1-297854278	S3-142108986	remove	D-025
S1-297952693	S2-142158801	remove	D-025
S1-297981240	S3-595409613	remove	D-025
S1-298237523	S2-450446622	remove	D-025
S1-29841742	S3-485744991	remove	D-025
S1-298656863	S2-70180982	remove	D-025
S1-298877067	S3-471884005	remove	D-025
S1-298948367	S3-61521197	remove	D-025
S1-298948367	S3-804084211	remove	D-025
S1-299040311	S3-593530879	remove	D-025
S1-299591863	S2-904430438	remove	D-025
S1-300052383	S3-160052093	remove	D-025
S1-300240919	S2-6913245	remove	D-025
S1-300304845	S2-289268425	remove	D-025
S1-300365162	S3-517145363	remove	D-025
S1-30040132	S3-769487914	remove	D-025
S1-300525194	S3-712692557	remove	D-025
S1-30055813	S3-348724636	remove	D-025
S1-300715864	S2-372998259	remove	D-025
S1-300807579	S3-89909458	remove	D-025
S1-300924049	S3-395154908	remove	D-025
S1-30107724	S3-580054829	remove	D-025
S1-301328179	S2-566901488	remove	D-025
S1-301346381	S2-960415918	remove	D-025
S1-301429262	S2-587727299	remove	D-025
S1-301440816	S2-121765194	remove	D-025
S1-301512477	S2-371676150	remove	D-025
S1-302147142	S2-374997174	remove	D-025
S1-302463095	S3-805279185	remove	D-025
S1-302524059	S3-470376215	remove	D-025
S1-30259241	S2-175069119	remove	D-025
S1-302849104	S2-836379558	remove	D-025
S1-303057442	S3-368388893	remove	D-025
S1-303712648	S2-89661413	remove	D-025
S1-303825972	S3-856057253	remove	D-025
S1-304153248	S2-974912474	remove	D-025
S1-304314895	S3-763189833	remove	D-025
S1-304444210	S3-863012115	remove	D-025
S1-30446974	S2-271579656	remove	D-025
S1-304792934	S2-270736308	remove	D-025
S1-304971705	S2-98034560	remove	D-025
S1-305302179	S2-684562197	remove	D-025
S1-305312414	S3-233453124	remove	D-025
S1-305537496	S3-562604633	remove	D-025
S1-305593702	S2-898502084	remove	D-025
S1-305935298	S3-82095303	remove	D-025
S1-306066339	S2-792910738	remove	D-025
S1-306193842	S3-606862615	remove	D-025
S1-306282150	S3-875261217	remove	D-025
S1-306286171	S2-310488766	remove	D-025
S1-30639916	S2-680366599	remove	D-025
S1-306515640	S3-883213738	remove	D-025
S1-306565002	S3-961276877	remove	D-025
S1-306738007	S2-474658425	remove	D-025
S1-306833276	S2-618028468	remove	D-025
S1-307025263	S3-757175809	remove	D-025
S1-307607574	S3-415650528	remove	D-025
S1-307953430	S3-778876357	remove	D-025
S1-307978068	S2-255820514	remove	D-025
S1-307985040	S2-530339171	remove	D-025
S1-308484183	S3-581747395	remove	D-025
S1-308625790	S2-265911099	remove	D-025
S1-308693275	S3-501552854	remove	D-025
S1-308757310	S2-231333360	remove	D-025
S1-308768291	S2-903475408	remove	D-025
S1-308800616	S2-876097019	remove	D-025
S1-308991742	S3-117537665	remove	D-025
S1-309191048	S3-208853477	remove	D-025
S1-309285641	S2-39295376	remove	D-025
S1-309546904	S2-824415511	remove	D-025
S1-30966242	S3-840960337	remove	D-025
S1-309734726	S3-889950734	remove	D-025
S1-309739325	S2-119118829	remove	D-025
S1-309842884	S3-776872308	remove	D-025
S1-309920465	S2-990021537	remove	D-025
S1-309943941	S3-665275238	remove	D-025
S1-309964847	S2-146424597	remove	D-025
S1-309998479	S3-255091519	remove	D-025
S1-310029987	S2-119170627	remove	D-025
S1-310082109	S3-845422633	remove	D-025
S1-310166751	S2-905390893	remove	D-025
S1-310369998	S2-884717923	remove	D-025
S1-310388600	S3-164551004	remove	D-025
S1-310545891	S3-186899998	remove	D-025
S1-311081541	S2-832957566	remove	D-025
S1-311386398	S3-71107643	remove	D-025
S1-311685372	S3-444423453	remove	D-025
S1-311694874	S2-398194550	remove	D-025
S1-311695194	S2-863351795	remove	D-025
S1-3117134	S3-639497640	remove	D-025
S1-311966810	S3-643632782	remove	D-025
S1-312044998	S2-7445869	remove	D-025
S1-312122846	S2-264520941	remove	D-025
S1-3126407	S3-482059012	remove	D-025
S1-31280258	S3-68921185	remove	D-025
S1-312834564	S2-825817549	remove	D-025
S1-313150101	S2-205780323	remove	D-025
S1-31320119	S3-452294253	remove	D-025
S1-313203371	S2-740164500	remove	D-025
S1-31320388	S2-567721684	remove	D-025
S1-313236202	S3-794886829	remove	D-025
S1-313604151	S2-687869361	remove	D-025
S1-313628975	S2-43912691	remove	D-025
S1-313659068	S2-447945697	remove	D-025
S1-313730540	S2-628488976	remove	D-025
S1-313730540	S3-508579015	remove	D-025
S1-314301297	S2-704339608	remove	D-025
S1-314389980	S3-788111975	remove	D-025
S1-314695726	S3-918756219	remove	D-025
S1-314750968	S3-159530400	remove	D-025
S1-315191697	S3-735030368	remove	D-025
S1-315224928	S3-37111990	remove	D-025
S1-315263942	S2-544615471	remove	D-025
S1-315577869	S3-951721656	remove	D-025
S1-315652806	S2-494601364	remove	D-025
S1-316068185	S3-951125774	remove	D-025
S1-316134539	S3-179332950	remove	D-025
S1-316224968	S2-1012225	remove	D-025
S1-316433164	S3-127657467	remove	D-025
S1-316482272	S3-201438698	remove	D-025
S1-316482272	S3-473804100	remove	D-025
S1-316591228	S3-45169828	remove	D-025
S1-316658503	S2-997981738	remove	D-025
S1-316702532	S3-763962359	remove	D-025
S1-316898475	S2-469450697	remove	D-025
S1-316908951	S3-863207970	remove	D-025
S1-317462702	S3-686028396	remove	D-025
S1-31746681	S3-677242264	remove	D-025
S1-317591595	S3-520398475	remove	D-025
S1-317634668	S2-498516654	remove	D-025
S1-31777509	S2-769629679	remove	D-025
S1-317776693	S3-563495379	remove	D-025
S1-317980070	S2-354792911	remove	D-025
S1-318108198	S2-73638856	remove	D-025
S1-318477102	S3-313336696	remove	D-025
S1-319083953	S2-701380654	remove	D-025
S1-319313136	S2-946011422	remove	D-025
S1-319437792	S2-692382462	remove	D-025
S1-320123099	S2-442825918	remove	D-025
S1-320255044	S2-873606045	remove	D-025
S1-320289627	S2-648811441	remove	D-025
S1-320497064	S3-958580975	remove	D-025
S1-320741465	S3-912085157	remove	D-025
S1-32112373	S3-790507622	remove	D-025
S1-321139910	S2-721312600	remove	D-025
S1-321169493	S3-248635932	remove	D-025
S1-321602577	S2-434214497	remove	D-025
S1-321646750	S3-625330427	remove	D-025
S1-321664630	S3-687260152	remove	D-025
S1-321984579	S3-57892299	remove	D-025
S1-322138774	S3-636285709	remove	D-025
S1-322747513	S3-107030429	remove	D-025
S1-322799295	S3-44739545	remove	D-025
S1-322845909	S2-580853919	remove	D-025
S1-322865564	S3-856441460	remove	D-025
S1-322944825	S2-720427833	remove	D-025
S1-323161213	S2-809579756	remove	D-025
S1-323471281	S2-75902122	remove	D-025
S1-323492014	S3-888132043	remove	D-025
S1-323671474	S3-842728482	remove	D-025
S1-323879220	S3-216118462	remove	D-025
S1-323887741	S3-330024793	remove	D-025
S1-324001393	S3-677687259	remove	D-025
S1-324113508	S2-251547883	remove	D-025
S1-32418877	S3-328157896	remove	D-025
S1-324303193	S3-648787031	remove	D-025
S1-324476889	S2-47541927	remove	D-025
S1-324481827	S2-349850619	remove	D-025
S1-324481827	S2-960566293	remove	D-025
S1-324746854	S2-571608654	remove	D-025
S1-324852061	S2-699060575	remove	D-025
S1-325007111	S2-756621996	remove	D-025
S1-32584201	S3-527702868	remove	D-025
S1-326154182	S3-574868726	remove	D-025
S1-32647939	S3-517351430	remove	D-025
S1-326565783	S3-222379912	remove	D-025
S1-326578180	S2-610385476	remove	D-025
S1-326604821	S3-593183748	remove	D-025
S1-32684804	S2-335652562	remove	D-025
S1-327033053	S3-106285856	remove	D-025
S1-327183947	S2-368119734	remove	D-025
S1-327276990	S3-836140806	remove	D-025
S1-327320066	S3-431777096	remove	D-025
S1-327541435	S3-69659506	remove	D-025
S1-327614571	S3-463979337	remove	D-025
S1-32771958	S2-495219627	remove	D-025
S1-327769956	S2-321131646	remove	D-025
S1-327924335	S2-889879059	remove	D-025
S1-327989706	S2-595320702	remove	D-025
S1-328160362	S3-782512370	remove	D-025
S1-328514435	S2-631334854	remove	D-025
S1-328544508	S2-804212112	remove	D-025
S1-32857371	S2-673958734	remove	D-025
S1-32857371	S2-876699083	remove	D-025
S1-328668392	S2-381131488	remove	D-025
S1-329042629	S3-562772717	remove	D-025
S1-329045711	S3-225372341	remove	D-025
S1-329102063	S3-751255656	remove	D-025
S1-32918866	S2-216992014	remove	D-025
S1-329408056	S2-398006284	remove	D-025
S1-329408056	S2-980182249	remove	D-025
S1-329595626	S2-957142568	remove	D-025
S1-329603570	S3-880413067	remove	D-025
S1-329637522	S3-668943130	remove	D-025
S1-329704445	S3-877929388	remove	D-025
S1-32975233	S2-472795030	remove	D-025
S1-32991134	S2-915836682	remove	D-025
S1-330193348	S3-885795131	remove	D-025
S1-330264778	S3-278294766	remove	D-025
S1-33033394	S3-898466709	remove	D-025
S1-330477835	S2-12238526	remove	D-025
S1-330741996	S3-953259751	remove	D-025
S1-331027870	S3-61114055	remove	D-025
S1-331175043	S2-580040190	remove	D-025
S1-331206892	S2-81525770	remove	D-025
S1-331506184	S3-539083707	remove	D-025
S1-331565576	S3-61518914	remove	D-025
S1-331801493	S2-266515891	remove	D-025
S1-331874260	S3-106224160	remove	D-025
S1-332050318	S2-323145651	remove	D-025
S1-332102164	S3-183530789	remove	D-025
S1-332237739	S3-941216844	remove	D-025
S1-332750317	S3-910094207	remove	D-025
S1-332753881	S2-52810431	remove	D-025
S1-332901956	S3-620578322	remove	D-025
S1-333278574	S2-545372305	remove	D-025
S1-333339933	S2-547720588	remove	D-025
S1-333799180	S2-180647058	remove	D-025
S1-334025707	S3-298545413	remove	D-025
S1-334100559	S2-668870586	remove	D-025
S1-334327331	S3-991081907	remove	D-025
S1-334594765	S2-603770795	remove	D-025
S1-334708942	S3-277391172	remove	D-025
S1-334804129	S2-409733992	remove	D-025
S1-334935150	S3-167145496	remove	D-025
S1-334935608	S2-431224348	remove	D-025
S1-334940679	S3-497645456	remove	D-025
S1-335093341	S3-86970963	remove	D-025
S1-335364927	S3-279262983	remove	D-025
S1-335526656	S3-468338424	remove	D-025
S1-335582863	S3-246321767	remove	D-025
S1-335698160	S3-786001245	remove	D-025
S1-335707773	S2-390095692	remove	D-025
S1-335728842	S2-518258450	remove	D-025
S1-336433427	S2-470477651	remove	D-025
S1-337206607	S2-291644617	remove	D-025
S1-33759674	S2-667734255	remove	D-025
S1-33807047	S2-277665519	remove	D-025
S1-338074565	S3-299955783	remove	D-025
S1-338136114	S3-52339309	remove	D-025
S1-338254213	S3-559580804	remove	D-025
S1-338394813	S2-957032900	remove	D-025
S1-338452860	S3-639374128	remove	D-025
S1-338471775	S3-423977776	remove	D-025
S1-338540951	S3-52974801	remove	D-025
S1-338631834	S3-35440936	remove	D-025
S1-338851868	S2-340354431	remove	D-025
S1-338963974	S2-971820344	remove	D-025
S1-33903625	S2-611198849	remove	D-025
S1-339205870	S2-967150775	remove	D-025
S1-339575075	S2-812143507	remove	D-025
S1-339864585	S2-49721821	remove	D-025
S1-339864585	S3-288685059	remove	D-025
S1-340125213	S3-287022551	remove	D-025
S1-340172406	S2-836536038	remove	D-025
S1-340172933	S2-116158150	remove	D-025
S1-340391146	S3-490271338	remove	D-025
S1-340579053	S2-643672098	remove	D-025
S1-340588633	S2-616662130	remove	D-025
S1-34118626	S2-226196037	remove	D-025
S1-341254935	S3-592744322	remove	D-025
S1-341280084	S2-487366306	remove	D-025
S1-341521501	S2-601671897	remove	D-025
S1-341616151	S2-157253698	remove	D-025
S1-341637155	S2-53912819	remove	D-025
S1-341716790	S2-76459011	remove	D-025
S1-34183650	S2-251493768	remove	D-025
S1-341884660	S3-733068316	remove	D-025
S1-342162630	S3-289099045	remove	D-025
S1-342286988	S3-312751756	remove	D-025
S1-342421481	S2-249420181	remove	D-025
S1-342657598	S2-490394255	remove	D-025
S1-342933497	S2-984147918	remove	D-025
S1-342951260	S2-708507943	remove	D-025
S1-34295380	S2-541549930	remove	D-025
S1-343065049	S3-358201610	remove	D-025
S1-343319780	S3-358116624	remove	D-025
S1-343419007	S3-953595239	remove	D-025
S1-343597596	S2-393697030	remove	D-025
S1-343680336	S2-416417156	remove	D-025
S1-343787664	S2-875379109	remove	D-025
S1-343861096	S3-178137893	remove	D-025
S1-34411674	S3-840234411	remove	D-025
S1-34414462	S2-320036841	remove	D-025
S1-344315068	S3-824739634	remove	D-025
S1-344608643	S2-948479557	remove	D-025
S1-344718091	S3-251966502	remove	D-025
S1-34482327	S3-993247136	remove	D-025
S1-345010833	S2-369006908	remove	D-025
S1-345098673	S2-421780695	remove	D-025
S1-345342723	S2-858161498	remove	D-025
S1-345864270	S3-826629842	remove	D-025
S1-345978299	S3-423360038	remove	D-025
S1-346157629	S3-939104329	remove	D-025
S1-346197503	S2-612793815	remove	D-025
S1-346274629	S2-998071302	remove	D-025
S1-346601755	S3-499465132	remove	D-025
S1-346851713	S3-905221181	remove	D-025
S1-346855382	S3-569245813	remove	D-025
S1-346855382	S3-999942375	remove	D-025
S1-346863532	S3-771994884	remove	D-025
S1-346875346	S2-657891660	remove	D-025
S1-34693639	S2-740109133	remove	D-025
S1-347102026	S2-219525341	remove	D-025
S1-34710284	S2-226718544	remove	D-025
S1-34711002	S3-207389099	remove	D-025
S1-347141616	S3-254257906	remove	D-025
S1-347150177	S3-286112742	remove	D-025
S1-347224931	S2-854181307	remove	D-025
S1-347227067	S2-89909172	remove	D-025
S1-347496393	S3-73108676	remove	D-025
S1-347535072	S3-526821646	remove	D-025
S1-347559106	S3-785338346	remove	D-025
S1-347615279	S3-787613693	remove	D-025
S1-347657546	S2-626539495	remove	D-025
S1-347857	S3-674867632	remove	D-025
S1-347907194	S2-680564779	remove	D-025
S1-348035308	S2-529896124	remove	D-025
S1-348147988	S3-161272796	remove	D-025
S1-348241407	S3-628864299	remove	D-025
S1-348306819	S2-105337713	remove	D-025
S1-348312800	S3-680883586	remove	D-025
S1-348353342	S3-422969977	remove	D-025
S1-348614941	S3-793004692	remove	D-025
S1-348630283	S2-90698018	remove	D-025
S1-348652180	S2-805072722	remove	D-025
S1-3486796	S3-801991353	remove	D-025
S1-348714569	S3-674088693	remove	D-025
S1-348802348	S3-574218253	remove	D-025
S1-348816321	S2-913033457	remove	D-025
S1-348959357	S3-493685935	remove	D-025
S1-34908929	S2-266016426	remove	D-025
S1-34915912	S3-62947932	remove	D-025
S1-349775378	S3-346426664	remove	D-025
S1-349818586	S3-475209757	remove	D-025
S1-350097845	S2-408732349	remove	D-025
S1-350148601	S3-754746801	remove	D-025
S1-350224257	S3-487866608	remove	D-025
S1-350247705	S3-906140110	remove	D-025
S1-350329404	S3-533297130	remove	D-025
S1-350385006	S3-343638166	remove	D-025
S1-350586184	S2-388433194	remove	D-025
S1-35063815	S3-790030480	remove	D-025
S1-350736904	S2-786131603	remove	D-025
S1-350796203	S3-19674285	remove	D-025
S1-350798384	S3-5300588	remove	D-025
S1-350981490	S3-223261128	remove	D-025
S1-351026476	S3-323361526	remove	D-025
S1-351060525	S2-93384418	remove	D-025
S1-35116610	S2-744877691	remove	D-025
S1-351257268	S2-698964045	remove	D-025
S1-35174313	S3-614697436	remove	D-025
S1-351908920	S3-786802888	remove	D-025
S1-35228197	S2-387687131	remove	D-025
S1-352355810	S2-981033041	remove	D-025
S1-352399899	S2-60533687	remove	D-025
S1-352601903	S2-172391853	remove	D-025
S1-352616291	S2-204203063	remove	D-025
S1-352641180	S2-441484630	remove	D-025
S1-35266326	S3-219267253	remove	D-025
S1-35266435	S2-158198850	remove	D-025
S1-352820974	S3-678035048	remove	D-025
S1-352840537	S2-667142605	remove	D-025
S1-352886059	S2-919598968	remove	D-025
S1-35300917	S2-945395567	remove	D-025
S1-353199877	S3-652705873	remove	D-025
S1-353604476	S2-668459768	remove	D-025
S1-353629157	S3-78327296	remove	D-025
S1-353648487	S2-985510598	remove	D-025
S1-353766688	S3-16349808	remove	D-025
S1-353801581	S3-145728832	remove	D-025
S1-353860712	S2-904081791	remove	D-025
S1-353894237	S2-334138354	remove	D-025
S1-354019470	S2-946311537	remove	D-025
S1-354274460	S3-974824846	remove	D-025
S1-354429858	S2-334800252	remove	D-025
S1-354720727	S3-826143519	remove	D-025
S1-354813890	S3-351178976	remove	D-025
S1-354942187	S3-525734133	remove	D-025
S1-355033415	S2-545722979	remove	D-025
S1-35521095	S2-645548527	remove	D-025
S1-35521488	S3-529457249	remove	D-025
S1-355598984	S2-482533494	remove	D-025
S1-35571424	S2-296699632	remove	D-025
S1-356459092	S3-61311699	remove	D-025
S1-356561554	S2-702025235	remove	D-025
S1-357734895	S3-249927894	remove	D-025
S1-357770126	S2-719470455	remove	D-025
S1-357782025	S2-965845183	remove	D-025
S1-357885229	S2-277394369	remove	D-025
S1-358006041	S3-101605559	remove	D-025
S1-358424591	S3-947897605	remove	D-025
S1-358871446	S3-795936347	remove	D-025
S1-358914830	S3-185867757	remove	D-025
S1-359236876	S3-438905649	remove	D-025
S1-35931492	S2-722635594	remove	D-025
S1-359573655	S2-818259037	remove	D-025
S1-359701043	S3-236913311	remove	D-025
S1-359721938	S2-212041828	remove	D-025
S1-359874354	S2-812227761	remove	D-025
S1-360056139	S2-105527951	remove	D-025
S1-360247153	S3-911432662	remove	D-025
S1-360264697	S3-757375517	remove	D-025
S1-360380400	S3-569846947	remove	D-025
S1-360385861	S3-422754760	remove	D-025
S1-360550851	S2-572735538	remove	D-025
S1-360779613	S2-631869364	remove	D-025
S1-360812072	S3-96557436	remove	D-025
S1-360900288	S3-598484588	remove	D-025
S1-361152926	S3-552693360	remove	D-025
S1-361178745	S2-384902628	remove	D-025
S1-36139793	S3-558060937	remove	D-025
S1-36147808	S3-303286671	remove	D-025
S1-361529606	S3-213971225	remove	D-025
S1-361951805	S2-70493429	remove	D-025
S1-362029087	S3-913219951	remove	D-025
S1-362178618	S2-447223636	remove	D-025
S1-362291507	S3-822439223	remove	D-025
S1-362314184	S2-127100981	remove	D-025
S1-362389621	S2-839664147	remove	D-025
S1-362495211	S2-962943975	remove	D-025
S1-362530500	S2-125089991	remove	D-025
S1-362562738	S3-116750852	remove	D-025
S1-362617073	S2-782610190	remove	D-025
S1-36263528	S2-368399832	remove	D-025
S1-362771677	S3-950538394	remove	D-025
S1-36279551	S2-638066468	remove	D-025
S1-362856136	S2-449603576	remove	D-025
S1-363045843	S3-488733257	remove	D-025
S1-36306289	S2-640199977	remove	D-025
S1-363207094	S2-434366140	remove	D-025
S1-363264976	S2-933675250	remove	D-025
S1-363330781	S3-77609474	remove	D-025
S1-36361458	S2-677145839	remove	D-025
S1-363730429	S3-400104777	remove	D-025
S1-363888966	S3-308475268	remove	D-025
S1-363917023	S2-144827951	remove	D-025
S1-364005409	S2-385913610	remove	D-025
S1-364285378	S2-220206608	remove	D-025
S1-36445885	S2-583753654	remove	D-025
S1-364567343	S3-346814704	remove	D-025
S1-364608469	S3-673499979	remove	D-025
S1-364858109	S2-308789834	remove	D-025
S1-365205273	S2-652380798	remove	D-025
S1-365877102	S3-300683350	remove	D-025
S1-366028266	S2-455641103	remove	D-025
S1-366155293	S3-341205342	remove	D-025
S1-366907045	S3-9373959	remove	D-025
S1-367163580	S3-51529940	remove	D-025
S1-367246695	S2-61996212	remove	D-025
S1-367486786	S3-477580462	remove	D-025
S1-368140641	S3-437832412	remove	D-025
S1-368191884	S3-646200507	remove	D-025
S1-36823966	S2-317307775	remove	D-025
S1-368303045	S2-749098935	remove	D-025
S1-368849807	S3-725569510	remove	D-025
S1-369055226	S3-704094196	remove	D-025
S1-369055226	S3-905646768	remove	D-025
S1-369128629	S2-77644769	remove	D-025
S1-369253853	S3-602528497	remove	D-025
S1-369301102	S3-922632159	remove	D-025
S1-369430383	S2-188175796	remove	D-025
S1-369484618	S3-194839700	remove	D-025
S1-369722096	S3-110163130	remove	D-025
S1-369763875	S3-445403668	remove	D-025
S1-369788352	S2-615387943	remove	D-025
S1-369849702	S2-523906260	remove	D-025
S1-369863607	S3-914909409	remove	D-025
S1-369891349	S3-887428071	remove	D-025
S1-370048904	S3-278550987	remove	D-025
S1-370096480	S2-441159749	remove	D-025
S1-370266556	S3-361377600	remove	D-025
S1-37065927	S2-89371520	remove	D-025
S1-370677841	S2-426865494	remove	D-025
S1-371061734	S2-837520085	remove	D-025
S1-371320305	S2-360336025	remove	D-025
S1-371856221	S3-875301643	remove	D-025
S1-371905795	S3-892314759	remove	D-025
S1-37191650	S3-80588256	remove	D-025
S1-371991674	S3-667647141	remove	D-025
S1-372130676	S3-628828982	remove	D-025
S1-372405067	S3-782937546	remove	D-025
S1-372541251	S2-56586778	remove	D-025
S1-372573232	S2-25022312	remove	D-025
S1-372715327	S3-810997904	remove	D-025
S1-372859424	S3-539347942	remove	D-025
S1-372873352	S3-865790412	remove	D-025
S1-373478476	S2-897975728	remove	D-025
S1-37348791	S2-442690124	remove	D-025
S1-373548326	S3-300249930	remove	D-025
S1-373756621	S3-913847317	remove	D-025
S1-373859316	S3-893382161	remove	D-025
S1-373870662	S3-192537560	remove	D-025
S1-373943455	S2-459504305	remove	D-025
S1-373958565	S3-674497700	remove	D-025
S1-373985140	S3-780993756	remove	D-025
S1-374079409	S2-797818225	remove	D-025
S1-374311054	S3-540046594	remove	D-025
S1-374377675	S2-299891634	remove	D-025
S1-374419700	S2-705696675	remove	D-025
S1-37475991	S3-380245169	remove	D-025
S1-374855329	S2-465914621	remove	D-025
S1-37487795	S2-681999895	remove	D-025
S1-375492169	S2-197478947	remove	D-025
S1-375610103	S3-641528450	remove	D-025
S1-375682457	S3-166870512	remove	D-025
S1-375721895	S2-341301406	remove	D-025
S1-375934986	S3-529231943	remove	D-025
S1-376450307	S3-703419233	remove	D-025
S1-376567943	S3-631202466	remove	D-025
S1-37662842	S3-696907786	remove	D-025
S1-377124589	S2-720365464	remove	D-025
S1-377124600	S2-381234182	remove	D-025
S1-377413736	S2-581225782	remove	D-025
S1-3780175	S2-13567627	remove	D-025
S1-378651591	S2-923105631	remove	D-025
S1-37870481	S2-332326329	remove	D-025
S1-378845174	S2-440275902	remove	D-025
S1-378845174	S2-730706339	remove	D-025
S1-378875169	S2-926046455	remove	D-025
S1-379526542	S3-679586822	remove	D-025
S1-379676720	S3-195325558	remove	D-025
S1-380355041	S2-519768744	remove	D-025
S1-380488554	S2-237118487	remove	D-025
S1-380627616	S2-988956272	remove	D-025
S1-38105727	S2-382219520	remove	D-025
S1-381309277	S3-947759156	remove	D-025
S1-381357886	S2-577724463	remove	D-025
S1-381634057	S2-166485526	remove	D-025
S1-381763171	S3-55345734	remove	D-025
S1-381925008	S3-650562784	remove	D-025
S1-382150900	S2-214400876	remove	D-025
S1-382607521	S3-657121251	remove	D-025
S1-382690730	S2-609074492	remove	D-025
S1-382773822	S3-924192546	remove	D-025
S1-382840760	S2-547008199	remove	D-025
S1-382904978	S3-510075546	remove	D-025
S1-382937928	S2-824978840	remove	D-025
S1-382942929	S3-647041110	remove	D-025
S1-383120554	S3-772943009	remove	D-025
S1-383178889	S3-568210556	remove	D-025
S1-383243194	S3-650907538	remove	D-025
S1-383618547	S2-43308605	remove	D-025
S1-383750481	S3-405088830	remove	D-025
S1-383838792	S2-458153996	remove	D-025
S1-383867813	S3-608481629	remove	D-025
S1-384056237	S2-813673586	remove	D-025
S1-384225743	S3-90046430	remove	D-025
S1-384320165	S3-845919166	remove	D-025
S1-384489834	S2-114565857	remove	D-025
S1-384910016	S2-88279499	remove	D-025
S1-384910368	S3-687837772	remove	D-025
S1-385090979	S3-604394173	remove	D-025
S1-385236130	S2-70909444	remove	D-025
S1-385250186	S3-247394051	remove	D-025
S1-385449441	S3-712766615	remove	D-025
S1-385810957	S2-513057791	remove	D-025
S1-38601407	S2-950832531	remove	D-025
S1-386021085	S3-516638252	remove	D-025
S1-386102499	S2-954086181	remove	D-025
S1-386235383	S3-813706717	remove	D-025
S1-386492159	S3-509064409	remove	D-025
S1-386709422	S2-846028758	remove	D-025
S1-386727390	S3-510998961	remove	D-025
S1-38707582	S2-263072419	remove	D-025
S1-387084638	S2-235141612	remove	D-025
S1-387111419	S2-645335532	remove	D-025
S1-38726708	S2-889998852	remove	D-025
S1-387766885	S3-152008834	remove	D-025
S1-387810887	S3-167773273	remove	D-025
S1-387850889	S2-968956442	remove	D-025
S1-38816000	S2-972412090	remove	D-025
S1-388222889	S2-501404844	remove	D-025
S1-38823251	S2-501926918	remove	D-025
S1-388265173	S3-823216791	remove	D-025
S1-388328502	S2-185565461	remove	D-025
S1-388373589	S2-729972434	remove	D-025
S1-38887882	S2-239949622	remove	D-025
S1-38891706	S2-886556868	remove	D-025
S1-389177165	S2-882406779	remove	D-025
S1-389193152	S2-169164154	remove	D-025
S1-389218533	S3-449461310	remove	D-025
S1-389421942	S2-177846002	remove	D-025
S1-389836473	S2-182587581	remove	D-025
S1-389996791	S3-623899845	remove	D-025
S1-390124575	S2-232962522	remove	D-025
S1-390124575	S2-483759658	remove	D-025
S1-390444303	S3-866832426	remove	D-025
S1-39055665	S3-680873877	remove	D-025
S1-390619205	S3-421184453	remove	D-025
S1-390766155	S3-738951334	remove	D-025
S1-391027166	S3-460352685	remove	D-025
S1-39157998	S2-510502359	remove	D-025
S1-391625623	S3-971333356	remove	D-025
S1-392034109	S2-185127911	remove	D-025
S1-39220893	S3-38524007	remove	D-025
S1-392276862	S3-44939969	remove	D-025
S1-392373327	S3-662549996	remove	D-025
S1-392379217	S3-353261455	remove	D-025
S1-39260829	S3-627630846	remove	D-025
S1-392779728	S2-832904645	remove	D-025
S1-392889481	S2-742613673	remove	D-025
S1-393018949	S2-666445284	remove	D-025
S1-393066966	S3-132920925	remove	D-025
S1-393106507	S3-520729701	remove	D-025
S1-393177005	S2-694704313	remove	D-025
S1-393256971	S2-198065604	remove	D-025
S1-393321513	S2-398788434	remove	D-025
S1-393414816	S2-663769299	remove	D-025
S1-39358352	S3-172049710	remove	D-025
S1-39358352	S3-376686114	remove	D-025
S1-393650357	S2-384933880	remove	D-025
S1-393705214	S3-431694274	remove	D-025
S1-393809613	S2-172837970	remove	D-025
S1-393838123	S2-551428300	remove	D-025
S1-39389760	S2-305807391	remove	D-025
S1-394079260	S3-494334251	remove	D-025
S1-394708837	S3-972027311	remove	D-025
S1-394805129	S3-597435394	remove	D-025
S1-394946850	S3-250717110	remove	D-025
S1-395078469	S3-73859151	remove	D-025
S1-395112485	S3-99054881	remove	D-025
S1-395380590	S3-346055156	remove	D-025
S1-395476516	S2-51817278	remove	D-025
S1-395699169	S3-398104901	remove	D-025
S1-395792373	S3-508292232	remove	D-025
S1-396018812	S2-683078549	remove	D-025
S1-39647277	S3-918707688	remove	D-025
S1-396478440	S2-488886352	remove	D-025
S1-396668327	S2-331365856	remove	D-025
S1-397219340	S3-893816491	remove	D-025
S1-397234165	S2-24491583	remove	D-025
S1-397455081	S2-957005437	remove	D-025
S1-397705515	S2-137772468	remove	D-025
S1-398305211	S2-609381230	remove	D-025
S1-398361694	S2-66982350	remove	D-025
S1-398386936	S2-403042475	remove	D-025
S1-398474502	S2-480008194	remove	D-025
S1-398482145	S3-819367743	remove	D-025
S1-398517842	S2-671878016	remove	D-025
S1-398529354	S3-353691132	remove	D-025
S1-398741190	S3-479883654	remove	D-025
S1-398750390	S3-394938151	remove	D-025
S1-399121244	S3-331663556	remove	D-025
S1-399176352	S3-875512108	remove	D-025
S1-399338815	S3-677649878	remove	D-025
S1-399601843	S2-243167187	remove	D-025
S1-39968501	S3-97085427	remove	D-025
S1-399739546	S3-841065562	remove	D-025
S1-399759526	S3-301782458	remove	D-025
S1-3998467	S2-577169543	remove	D-025
S1-399858917	S2-50900236	remove	D-025
S1-399909292	S3-88169401	remove	D-025
S1-400025536	S2-547734750	remove	D-025
S1-400128556	S3-396389460	remove	D-025
S1-400582503	S2-293225604	remove	D-025
S1-401364330	S2-199567599	remove	D-025
S1-401530053	S3-880310076	remove	D-025
S1-401655410	S3-225382501	remove	D-025
S1-401776114	S3-192514343	remove	D-025
S1-401783829	S2-940663658	remove	D-025
S1-402247233	S2-764678506	remove	D-025
S1-402375746	S3-205324152	remove	D-025
S1-402908537	S3-45673969	remove	D-025
S1-403427590	S2-111387339	remove	D-025
S1-403546295	S2-952959396	remove	D-025
S1-403845620	S2-263898453	remove	D-025
S1-403895	S3-756214850	remove	D-025
S1-404170829	S3-223549925	remove	D-025
S1-404387745	S3-772581335	remove	D-025
S1-404444579	S2-292133227	remove	D-025
S1-404480624	S3-823528895	remove	D-025
S1-404685862	S2-296788152	remove	D-025
S1-404694773	S2-692927443	remove	D-025
S1-404945582	S2-584549482	remove	D-025
S1-405018070	S2-699274815	remove	D-025
S1-405029516	S2-946616367	remove	D-025
S1-405087004	S2-867202175	remove	D-025
S1-405341221	S2-512623848	remove	D-025
S1-405472494	S3-733142931	remove	D-025
S1-405554590	S3-479767808	remove	D-025
S1-405564083	S2-633576466	remove	D-025
S1-405565046	S3-78533208	remove	D-025
S1-405938756	S3-369997639	remove	D-025
S1-406024102	S3-615754447	remove	D-025
S1-406143717	S2-479684182	remove	D-025
S1-40618430	S2-26543921	remove	D-025
S1-406529934	S2-359012377	remove	D-025
S1-406650356	S2-452991735	remove	D-025
S1-406675503	S3-453698513	remove	D-025
S1-406812950	S3-248526589	remove	D-025
S1-406843424	S3-942218018	remove	D-025
S1-407166004	S3-565394697	remove	D-025
S1-40738608	S3-436153720	remove	D-025
S1-407446919	S3-405028666	remove	D-025
S1-407446919	S3-541390325	remove	D-025
S1-407751005	S2-477539087	remove	D-025
S1-408071343	S3-428477201	remove	D-025
S1-408177485	S2-597937140	remove	D-025
S1-408610713	S3-895969030	remove	D-025
S1-408679394	S3-971471269	remove	D-025
S1-408688557	S3-606119637	remove	D-025
S1-40885618	S2-738880156	remove	D-025
S1-408905705	S3-412289278	remove	D-025
S1-408941865	S2-439261658	remove	D-025
S1-409303735	S2-377615376	remove	D-025
S1-40935265	S3-698840837	remove	D-025
S1-409547894	S3-995426799	remove	D-025
S1-40956036	S3-173862069	remove	D-025
S1-409658197	S2-657643471	remove	D-025
S1-410014783	S2-514773998	remove	D-025
S1-410025979	S2-40067340	remove	D-025
S1-410280930	S3-783901877	remove	D-025
S1-410543095	S3-705990834	remove	D-025
S1-410549198	S2-590593175	remove	D-025
S1-410832100	S3-754573502	remove	D-025
S1-410878988	S2-685081653	remove	D-025
S1-411048584	S2-93368659	remove	D-025
S1-411260126	S3-364371938	remove	D-025
S1-411427871	S2-622474598	remove	D-025
S1-411957665	S3-232861976	remove	D-025
S1-412085376	S3-159284105	remove	D-025
S1-412461033	S2-584238723	remove	D-025
S1-412972466	S2-607987061	remove	D-025
S1-413562160	S3-303679402	remove	D-025
S1-413608215	S2-652739226	remove	D-025
S1-413611998	S3-588411816	remove	D-025
S1-413736295	S2-187396438	remove	D-025
S1-413736295	S3-578044439	remove	D-025
S1-414058785	S2-843786433	remove	D-025
S1-414058785	S2-953582491	remove	D-025
S1-414302542	S3-702414224	remove	D-025
S1-414926485	S3-466126657	remove	D-025
S1-415183400	S3-885324271	remove	D-025
S1-415206972	S2-121358407	remove	D-025
S1-415543350	S2-254190745	remove	D-025
S1-415550225	S3-396032316	remove	D-025
S1-41563675	S3-196063766	remove	D-025
S1-41564327	S3-592143438	remove	D-025
S1-415790114	S2-134957912	remove	D-025
S1-415836667	S2-51879012	remove	D-025
S1-415858159	S3-703215376	remove	D-025
S1-415878693	S3-910491665	remove	D-025
S1-416145400	S3-844708725	remove	D-025
S1-416198725	S3-156142092	remove	D-025
S1-416275919	S2-382070237	remove	D-025
S1-41629140	S2-213977065	remove	D-025
S1-416348165	S3-542568667	remove	D-025
S1-417032897	S3-833765464	remove	D-025
S1-417157086	S2-780252148	remove	D-025
S1-417267774	S3-22076752	remove	D-025
S1-417570391	S3-73641760	remove	D-025
S1-417602527	S3-930314498	remove	D-025
S1-41768296	S3-844710977	remove	D-025
S1-41781130	S3-213074798	remove	D-025
S1-417857184	S3-674594421	remove	D-025
S1-417882915	S3-631191354	remove	D-025
S1-417906742	S2-261464178	remove	D-025
S1-418005713	S2-162725853	remove	D-025
S1-418216564	S3-269681058	remove	D-025
S1-418309060	S3-787725306	remove	D-025
S1-418401176	S3-406593653	remove	D-025
S1-4184335	S3-964037467	remove	D-025
S1-418511460	S3-91703847	remove	D-025
S1-418588600	S3-330624520	remove	D-025
S1-418859339	S3-391851435	remove	D-025
S1-418974524	S3-80329621	remove	D-025
S1-419316461	S2-542026857	remove	D-025
S1-41932958	S2-690209761	remove	D-025
S1-419845788	S3-366605156	remove	D-025
S1-419980016	S3-125109331	remove	D-025
S1-420082729	S2-917055829	remove	D-025
S1-420191418	S3-813458677	remove	D-025
S1-420347850	S3-170740363	remove	D-025
S1-42038554	S3-272177476	remove	D-025
S1-420487709	S2-568900598	remove	D-025
S1-42056640	S3-356625622	remove	D-025
S1-420569825	S2-244286696	remove	D-025
S1-421032437	S3-855620738	remove	D-025
S1-421078266	S2-17000250	remove	D-025
S1-42110435	S2-565578652	remove	D-025
S1-421150328	S2-689924948	remove	D-025
S1-421443344	S3-309816029	remove	D-025
S1-421953523	S3-18179011	remove	D-025
S1-422087910	S2-62695497	remove	D-025
S1-422100144	S3-470709700	remove	D-025
S1-422486471	S2-195330517	remove	D-025
S1-422515506	S3-262663536	remove	D-025
S1-42283485	S2-188420557	remove	D-025
S1-42283485	S2-446473651	remove	D-025
S1-422848107	S2-8974143	remove	D-025
S1-423172126	S3-513429339	remove	D-025
S1-423181437	S2-841925429	remove	D-025
S1-423735617	S3-625961235	remove	D-025
S1-423779031	S3-704184753	remove	D-025
S1-42396274	S2-411604880	remove	D-025
S1-42402133	S3-186350932	remove	D-025
S1-424044003	S2-48472801	remove	D-025
S1-424616660	S3-972788021	remove	D-025
S1-424668465	S3-379884702	remove	D-025
S1-424718437	S3-350684492	remove	D-025
S1-424762378	S3-612048594	remove	D-025
S1-424891714	S3-67003813	remove	D-025
S1-424925586	S2-106827121	remove	D-025
S1-425028413	S3-504765471	remove	D-025
S1-425036070	S3-103194185	remove	D-025
S1-425246083	S3-821723137	remove	D-025
S1-425507920	S3-833308622	remove	D-025
S1-425532944	S3-488988015	remove	D-025
S1-425542705	S3-697960254	remove	D-025
S1-425572516	S2-408031729	remove	D-025
S1-425730672	S3-381119583	remove	D-025
S1-425791649	S3-145342518	remove	D-025
S1-425891190	S2-752930936	remove	D-025
S1-425959600	S2-211509060	remove	D-025
S1-425960020	S2-937495300	remove	D-025
S1-426345876	S2-170007024	remove	D-025
S1-426396549	S2-539362578	remove	D-025
S1-426986950	S2-218419231	remove	D-025
S1-427121771	S2-982107605	remove	D-025
S1-42732809	S2-534141563	remove	D-025
S1-427356247	S3-343178254	remove	D-025
S1-427369032	S2-588686454	remove	D-025
S1-427726924	S3-684727309	remove	D-025
S1-427985699	S3-837445686	remove	D-025
S1-42814169	S2-101794417	remove	D-025
S1-428168454	S3-702839548	remove	D-025
S1-428249795	S2-924675460	remove	D-025
S1-428342899	S3-785751456	remove	D-025
S1-428459565	S3-269010823	remove	D-025
S1-428632230	S2-352632721	remove	D-025
S1-428891815	S3-156742456	remove	D-025
S1-428999203	S3-386858458	remove	D-025
S1-429209587	S3-327919919	remove	D-025
S1-429247718	S3-284734419	remove	D-025
S1-429325660	S2-343804989	remove	D-025
S1-429576152	S3-33419953	remove	D-025
S1-429640706	S2-481796634	remove	D-025
S1-429681767	S2-579157201	remove	D-025
S1-430277128	S3-939169668	remove	D-025
S1-430304879	S2-296093856	remove	D-025
S1-430320680	S3-676650321	remove	D-025
S1-430346126	S2-635204635	remove	D-025
S1-430372870	S2-702424055	remove	D-025
S1-430535627	S3-476131151	remove	D-025
S1-430632840	S3-610673459	remove	D-025
S1-430722945	S2-98304235	remove	D-025
S1-430745022	S3-807510299	remove	D-025
S1-430782875	S2-386239441	remove	D-025
S1-430803610	S3-686624754	remove	D-025
S1-430812716	S2-201016157	remove	D-025
S1-430882749	S3-947890326	remove	D-025
S1-430959243	S2-874204825	remove	D-025
S1-431178804	S3-316589812	remove	D-025
S1-431243512	S3-946210626	remove	D-025
S1-431612499	S2-446764255	remove	D-025
S1-431686148	S2-853739582	remove	D-025
S1-431855318	S2-867204128	remove	D-025
S1-431942336	S3-60964704	remove	D-025
S1-432054791	S2-196722851	remove	D-025
S1-432061541	S3-762978660	remove	D-025
S1-432336929	S3-84921881	remove	D-025
S1-432765065	S3-998750120	remove	D-025
S1-432912044	S3-587064054	remove	D-025
S1-432933393	S2-433599617	remove	D-025
S1-433045261	S2-245762543	remove	D-025
S1-433051149	S2-49440515	remove	D-025
S1-433079567	S2-806110052	remove	D-025
S1-433358907	S3-977264836	remove	D-025
S1-433392394	S2-855069088	remove	D-025
S1-43365927	S3-267337935	remove	D-025
S1-433813683	S3-437366889	remove	D-025
S1-433850026	S2-23636833	remove	D-025
S1-433907529	S2-166115720	remove	D-025
S1-434518634	S3-273828182	remove	D-025
S1-434743740	S3-390072042	remove	D-025
S1-434883682	S3-696728073	remove	D-025
S1-435022898	S2-794731766	remove	D-025
S1-435230112	S2-545321318	remove	D-025
S1-435385699	S2-337505111	remove	D-025
S1-435458275	S3-994692040	remove	D-025
S1-43551034	S2-215795959	remove	D-025
S1-43551034	S3-551918007	remove	D-025
S1-43551034	S3-64224813	remove	D-025
S1-435570541	S3-391268584	remove	D-025
S1-435718430	S2-43384670	remove	D-025
S1-435850920	S3-493640523	remove	D-025
S1-435923387	S2-106906685	remove	D-025
S1-43602501	S2-339151267	remove	D-025
S1-436387073	S2-314451150	remove	D-025
S1-436409800	S2-403080847	remove	D-025
S1-436539098	S2-766790078	remove	D-025
S1-436549060	S3-153450284	remove	D-025
S1-436603175	S2-902642057	remove	D-025
S1-43667126	S3-875850261	remove	D-025
S1-436849833	S2-114968096	remove	D-025
S1-437000280	S2-489805917	remove	D-025
S1-437039647	S2-665277144	remove	D-025
S1-437039647	S3-39195522	remove	D-025
S1-437217648	S3-971204139	remove	D-025
S1-437276611	S3-393629186	remove	D-025
S1-437478134	S3-154859248	remove	D-025
S1-437478134	S3-279795350	remove	D-025
S1-437988439	S3-295723517	remove	D-025
S1-438040487	S3-986988524	remove	D-025
S1-438307738	S2-453448904	remove	D-025
S1-438385299	S3-511391480	remove	D-025
S1-438857835	S2-598862261	remove	D-025
S1-438897609	S3-56066147	remove	D-025
S1-438939707	S3-707353820	remove	D-025
S1-439544448	S2-819027057	remove	D-025
S1-439770061	S2-307424716	remove	D-025
S1-439825995	S2-509421981	remove	D-025
S1-439898589	S3-810097038	remove	D-025
S1-439909028	S3-411573710	remove	D-025
S1-440282980	S2-7481206	remove	D-025
S1-440339410	S2-214448849	remove	D-025
S1-440534585	S3-800364005	remove	D-025
S1-440646230	S3-1356132	remove	D-025
S1-440666585	S3-31181172	remove	D-025
S1-44088493	S2-539821225	remove	D-025
S1-441029857	S3-348468847	remove	D-025
S1-441092190	S2-533354482	remove	D-025
S1-441113227	S3-859754316	remove	D-025
S1-441215510	S3-27534347	remove	D-025
S1-441504187	S3-68653474	remove	D-025
S1-441565513	S3-409783454	remove	D-025
S1-441851626	S3-183443646	remove	D-025
S1-441856246	S2-267084020	remove	D-025
S1-442060840	S3-560936752	remove	D-025
S1-442421313	S2-500035450	remove	D-025
S1-442659072	S3-386718368	remove	D-025
S1-442683014	S3-605358456	remove	D-025
S1-443059136	S2-297297680	remove	D-025
S1-443075698	S3-755635553	remove	D-025
S1-443344229	S3-82460436	remove	D-025
S1-44341745	S2-515040726	remove	D-025
S1-443520283	S2-638590375	remove	D-025
S1-443829449	S3-391994905	remove	D-025
S1-44386237	S2-905672161	remove	D-025
S1-443873401	S3-732594041	remove	D-025
S1-444047967	S2-162649590	remove	D-025
S1-444343453	S3-15612626	remove	D-025
S1-444432436	S2-896999970	remove	D-025
S1-444735831	S2-775260395	remove	D-025
S1-445164601	S2-997123458	remove	D-025
S1-445276728	S2-632015010	remove	D-025
S1-445520329	S3-93896381	remove	D-025
S1-445570986	S2-693473630	remove	D-025
S1-446344264	S3-950984702	remove	D-025
S1-446846403	S3-732777345	remove	D-025
S1-446864630	S3-322644912	remove	D-025
S1-447193494	S3-58465660	remove	D-025
S1-447203812	S3-257198322	remove	D-025
S1-447217368	S3-892274987	remove	D-025
S1-447259258	S2-608557793	remove	D-025
S1-44751136	S2-17367827	remove	D-025
S1-447660386	S2-867161524	remove	D-025
S1-447719506	S3-175030176	remove	D-025
S1-447835763	S2-974218892	remove	D-025
S1-448360194	S3-415867720	remove	D-025
S1-448465431	S3-2341617	remove	D-025
S1-448489357	S2-637822723	remove	D-025
S1-448668781	S3-57285416	remove	D-025
S1-448686682	S2-297829159	remove	D-025
S1-448898477	S2-108524096	remove	D-025
S1-449193896	S3-193425370	remove	D-025
S1-449288607	S3-79875071	remove	D-025
S1-449543557	S3-900847193	remove	D-025
S1-449560180	S3-280370191	remove	D-025
S1-4497940	S2-610592262	remove	D-025
S1-4497940	S3-287366133	remove	D-025
S1-449962289	S2-205591491	remove	D-025
S1-449985481	S3-407028008	remove	D-025
S1-450187825	S3-292052627	remove	D-025
S1-450205025	S3-975492526	remove	D-025
S1-450378702	S3-495276343	remove	D-025
S1-450598661	S2-345142977	remove	D-025
S1-450621201	S3-614212963	remove	D-025
S1-450688817	S2-625794174	remove	D-025
S1-450994700	S2-944046034	remove	D-025
S1-451359824	S3-605207085	remove	D-025
S1-451760110	S3-590632145	remove	D-025
S1-452004448	S3-143680689	remove	D-025
S1-452051782	S3-910663457	remove	D-025
S1-452356646	S2-532372319	remove	D-025
S1-452656945	S3-194130189	remove	D-025
S1-452664571	S2-373692517	remove	D-025
S1-452664571	S3-440465927	remove	D-025
S1-452806666	S3-580591772	remove	D-025
S1-452859992	S2-473386273	remove	D-025
S1-453259941	S2-74921519	remove	D-025
S1-453285227	S3-130625967	remove	D-025
S1-45345251	S2-313056982	remove	D-025
S1-453621461	S2-684878241	remove	D-025
S1-453775417	S3-525280941	remove	D-025
S1-453815567	S3-669634931	remove	D-025
S1-453950552	S3-486287851	remove	D-025
S1-45401617	S2-611946309	remove	D-025
S1-454134186	S2-900439785	remove	D-025
S1-454485460	S2-894523184	remove	D-025
S1-454586357	S2-967728358	remove	D-025
S1-454886933	S2-655685176	remove	D-025
S1-454953471	S3-277046456	remove	D-025
S1-455268724	S2-23446565	remove	D-025
S1-455500204	S3-754649280	remove	D-025
S1-455599763	S2-742767866	remove	D-025
S1-455703853	S3-235492875	remove	D-025
S1-455733452	S2-5317194	remove	D-025
S1-455857631	S3-745955448	remove	D-025
S1-4558870	S3-275096691	remove	D-025
S1-455927155	S3-230060045	remove	D-025
S1-455963869	S3-115087086	remove	D-025
S1-456053939	S3-140250745	remove	D-025
S1-456208561	S3-319042338	remove	D-025
S1-456211245	S3-183147121	remove	D-025
S1-456313612	S3-79690287	remove	D-025
S1-456767878	S3-303264021	remove	D-025
S1-456793267	S2-968005262	remove	D-025
S1-457002324	S2-92831471	remove	D-025
S1-457021166	S3-744856005	remove	D-025
S1-457232248	S2-931361224	remove	D-025
S1-457374235	S2-427588005	remove	D-025
S1-457473021	S3-821180167	remove	D-025
S1-457563623	S3-101422616	remove	D-025
S1-457903856	S3-296879630	remove	D-025
S1-457990354	S2-399306157	remove	D-025
S1-4582411	S3-419977732	remove	D-025
S1-458386616	S3-201654200	remove	D-025
S1-458995264	S3-13149658	remove	D-025
S1-459035113	S3-83125952	remove	D-025
S1-459155206	S3-177943065	remove	D-025
S1-459355115	S3-296891660	remove	D-025
S1-459797642	S2-930853994	remove	D-025
S1-459811284	S2-773658587	remove	D-025
S1-459843499	S3-488509075	remove	D-025
S1-460499332	S3-426979639	remove	D-025
S1-46066624	S3-674667558	remove	D-025
S1-460669800	S3-325021092	remove	D-025
S1-461194592	S3-329258604	remove	D-025
S1-461536812	S3-300281352	remove	D-025
S1-461611034	S2-783176241	remove	D-025
S1-462015532	S3-264932886	remove	D-025
S1-462118938	S2-280779293	remove	D-025
S1-462266867	S2-586110361	remove	D-025
S1-462471640	S3-644978803	remove	D-025
S1-462629067	S3-486088234	remove	D-025
S1-462775122	S2-114403548	remove	D-025
S1-462950142	S3-126257563	remove	D-025
S1-462958590	S2-456182838	remove	D-025
S1-46304714	S3-187469382	remove	D-025
S1-463119976	S3-677154699	remove	D-025
S1-463161444	S2-749054106	remove	D-025
S1-463367198	S2-351458129	remove	D-025
S1-463491618	S2-386989179	remove	D-025
S1-463897005	S3-285947172	remove	D-025
S1-464107177	S3-686505814	remove	D-025
S1-464133740	S2-430279177	remove	D-025
S1-464229908	S3-259176668	remove	D-025
S1-464568289	S3-948299891	remove	D-025
S1-464618209	S2-826820731	remove	D-025
S1-465004054	S3-951440529	remove	D-025
S1-46569780	S3-316514234	remove	D-025
S1-465783835	S2-633242656	remove	D-025
S1-465906661	S3-455795890	remove	D-025
S1-46591610	S2-96524009	remove	D-025
S1-466366084	S3-80465172	remove	D-025
S1-46641242	S3-735839620	remove	D-025
S1-466444383	S3-213265380	remove	D-025
S1-466483954	S3-184278731	remove	D-025
S1-466605782	S3-837622130	remove	D-025
S1-466781025	S2-468937049	remove	D-025
S1-467078892	S2-619241274	remove	D-025
S1-467145727	S3-489904659	remove	D-025
S1-467236872	S2-130921355	remove	D-025
S1-46747999	S3-228428439	remove	D-025
S1-467570392	S3-465244259	remove	D-025
S1-467656368	S2-355055987	remove	D-025
S1-467743691	S2-706590546	remove	D-025
S1-467743691	S3-389536448	remove	D-025
S1-467881985	S3-701638376	remove	D-025
S1-467885941	S3-76655813	remove	D-025
S1-467975256	S3-316007346	remove	D-025
S1-468015570	S2-177295500	remove	D-025
S1-468622614	S2-742264522	remove	D-025
S1-468730974	S3-884574730	remove	D-025
S1-468751031	S3-784546857	remove	D-025
S1-469075665	S2-315834550	remove	D-025
S1-469302040	S2-364248521	remove	D-025
S1-469307405	S2-7348525	remove	D-025
S1-469330773	S3-589500087	remove	D-025
S1-46935524	S3-212616454	remove	D-025
S1-469379546	S2-495851893	remove	D-025
S1-469388104	S3-771107809	remove	D-025
S1-469409661	S2-571209156	remove	D-025
S1-469698588	S3-263695323	remove	D-025
S1-469988458	S3-520159223	remove	D-025
S1-470115231	S3-658123823	remove	D-025
S1-470140277	S2-559110848	remove	D-025
S1-470189744	S3-335034033	remove	D-025
S1-470371474	S2-929632231	remove	D-025
S1-470460934	S3-117326602	remove	D-025
S1-47055701	S3-308640229	remove	D-025
S1-470620061	S2-588057600	remove	D-025
S1-470833930	S3-330923443	remove	D-025
S1-470909633	S2-432498047	remove	D-025
S1-471056619	S3-973484596	remove	D-025
S1-471056619	S3-984437634	remove	D-025
S1-471142159	S3-82815865	remove	D-025
S1-471295684	S2-105340605	remove	D-025
S1-471807517	S2-516765275	remove	D-025
S1-471828817	S2-686094837	remove	D-025
S1-472080260	S3-298866995	remove	D-025
S1-472139988	S2-733818773	remove	D-025
S1-472211672	S3-663486621	remove	D-025
S1-472452203	S3-566545139	remove	D-025
S1-472534237	S3-862438010	remove	D-025
S1-473226991	S2-171952668	remove	D-025
S1-473316591	S3-646820802	remove	D-025
S1-473483999	S2-369839849	remove	D-025
S1-473493478	S3-566583854	remove	D-025
S1-473730272	S2-869706239	remove	D-025
S1-473742882	S2-914804829	remove	D-025
S1-473742882	S3-467126023	remove	D-025
S1-473782295	S2-844537274	remove	D-025
S1-473840509	S2-861439919	remove	D-025
S1-474016968	S3-655276779	remove	D-025
S1-474269851	S3-209254204	remove	D-025
S1-474309110	S2-65171518	remove	D-025
S1-474329841	S2-538298436	remove	D-025
S1-47435563	S3-309698207	remove	D-025
S1-474417558	S3-399572119	remove	D-025
S1-474505998	S3-526897715	remove	D-025
S1-47495292	S3-106357296	remove	D-025
S1-475216158	S3-923051745	remove	D-025
S1-47522041	S3-999543807	remove	D-025
S1-475292003	S2-355487293	remove	D-025
S1-475328402	S3-163120763	remove	D-025
S1-475614279	S2-861217705	remove	D-025
S1-475902316	S3-544757279	remove	D-025
S1-47604449	S3-616610983	remove	D-025
S1-476119411	S2-449810825	remove	D-025
S1-476143668	S3-953707546	remove	D-025
S1-476561998	S2-723125410	remove	D-025
S1-476834648	S3-813853926	remove	D-025
S1-477403826	S2-913289053	remove	D-025
S1-477487659	S2-336898404	remove	D-025
S1-477699540	S3-512032972	remove	D-025
S1-477742283	S2-224172416	remove	D-025
S1-477748524	S2-342621826	remove	D-025
S1-477762136	S2-558407020	remove	D-025
S1-477966988	S2-825923611	remove	D-025
S1-478214829	S2-851992619	remove	D-025
S1-478274632	S3-525692291	remove	D-025
S1-478334639	S3-557914741	remove	D-025
S1-478901335	S2-1443818	remove	D-025
S1-478959936	S3-294643174	remove	D-025
S1-478989650	S3-399376660	remove	D-025
S1-479108307	S3-394026975	remove	D-025
S1-479114503	S3-500595201	remove	D-025
S1-479328907	S3-639837851	remove	D-025
S1-479452003	S3-639299995	remove	D-025
S1-47970943	S2-732799408	remove	D-025
S1-479805372	S3-101385107	remove	D-025
S1-480333764	S3-481242710	remove	D-025
S1-480618231	S2-192797396	remove	D-025
S1-480964841	S3-715869485	remove	D-025
S1-481172947	S2-356409517	remove	D-025
S1-481192411	S3-105488585	remove	D-025
S1-481337897	S2-127374936	remove	D-025
S1-481573868	S3-914081374	remove	D-025
S1-481684953	S2-819450151	remove	D-025
S1-48195265	S3-967587052	remove	D-025
S1-481956048	S3-481028151	remove	D-025
S1-48221634	S2-449014624	remove	D-025
S1-482277787	S2-151403280	remove	D-025
S1-482469857	S3-328647853	remove	D-025
S1-482613371	S2-787532340	remove	D-025
S1-482726110	S3-698001427	remove	D-025
S1-482739450	S2-433004202	remove	D-025
S1-483158406	S3-711467753	remove	D-025
S1-483414560	S2-394486960	remove	D-025
S1-483489675	S3-966209710	remove	D-025
S1-48365309	S2-512596306	remove	D-025
S1-483950675	S3-288280094	remove	D-025
S1-483955436	S3-203929763	remove	D-025
S1-484096665	S2-475506840	remove	D-025
S1-484117183	S3-248411587	remove	D-025
S1-484186330	S2-642483928	remove	D-025
S1-484262067	S2-675994617	remove	D-025
S1-484280520	S2-767718857	remove	D-025
S1-484310811	S2-784412984	remove	D-025
S1-484443710	S3-333538671	remove	D-025
S1-484542591	S2-911555811	remove	D-025
S1-485409099	S2-780788770	remove	D-025
S1-485513024	S3-70345610	remove	D-025
S1-485530130	S2-102316342	remove	D-025
S1-485580463	S2-823536896	remove	D-025
S1-485606697	S3-500837886	remove	D-025
S1-485786803	S2-551209292	remove	D-025
S1-485794616	S2-747112642	remove	D-025
S1-486083138	S2-484612158	remove	D-025
S1-486125034	S2-226014567	remove	D-025
S1-486325797	S3-257390166	remove	D-025
S1-486894276	S3-923171124	remove	D-025
S1-48719531	S2-180981976	remove	D-025
S1-487482299	S3-40112450	remove	D-025
S1-487545660	S2-713551375	remove	D-025
S1-487678712	S3-531993346	remove	D-025
S1-487878939	S3-53294455	remove	D-025
S1-48822769	S3-417325960	remove	D-025
S1-488383276	S3-384223391	remove	D-025
S1-488580063	S2-159807218	remove	D-025
S1-488634939	S2-274722698	remove	D-025
S1-488935391	S3-272238997	remove	D-025
S1-488963359	S2-100415047	remove	D-025
S1-489062788	S3-63992792	remove	D-025
S1-489166890	S3-576590699	remove	D-025
S1-489211634	S2-733193825	remove	D-025
S1-48926212	S3-173159263	remove	D-025
S1-489424139	S3-978463012	remove	D-025
S1-489605214	S3-971846153	remove	D-025
S1-489942556	S3-142767364	remove	D-025
S1-489992483	S3-792526113	remove	D-025
S1-490286832	S3-974804110	remove	D-025
S1-49038082	S2-225273082	remove	D-025
S1-490877224	S2-234571947	remove	D-025
S1-490893760	S3-761915897	remove	D-025
S1-490946023	S3-8776490	remove	D-025
S1-490992695	S3-380798222	remove	D-025
S1-491056247	S3-54398488	remove	D-025
S1-491156755	S3-775664881	remove	D-025
S1-491486664	S3-815754066	remove	D-025
S1-4917020	S3-38496877	remove	D-025
S1-4917020	S3-552159351	remove	D-025
S1-49177483	S2-897584636	remove	D-025
S1-491817182	S2-324528492	remove	D-025
S1-491912277	S2-905858720	remove	D-025
S1-492095233	S3-586630133	remove	D-025
S1-492187186	S3-466892630	remove	D-025
S1-492264935	S3-368811231	remove	D-025
S1-493000112	S2-68795376	remove	D-025
S1-493000112	S3-151119348	remove	D-025
S1-493155081	S3-492237929	remove	D-025
S1-493193619	S3-446362584	remove	D-025
S1-493306715	S2-597107136	remove	D-025
S1-493330236	S2-847732439	remove	D-025
S1-493607058	S2-24339370	remove	D-025
S1-494000738	S3-246507822	remove	D-025
S1-494068275	S2-600340191	remove	D-025
S1-494399045	S3-496168629	remove	D-025
S1-494444320	S3-822518732	remove	D-025
S1-49446121	S3-939905	remove	D-025
S1-494695054	S2-672025541	remove	D-025
S1-49470975	S2-299122836	remove	D-025
S1-49533390	S3-634789640	remove	D-025
S1-495439709	S2-623278570	remove	D-025
S1-495627162	S2-377196886	remove	D-025
S1-496000980	S3-461722440	remove	D-025
S1-496267766	S3-976103011	remove	D-025
S1-496652580	S3-583533913	remove	D-025
S1-496695853	S2-577548028	remove	D-025
S1-496719066	S3-749349190	remove	D-025
S1-496991111	S3-873464032	remove	D-025
S1-497517197	S3-933717678	remove	D-025
S1-497573927	S2-462655697	remove	D-025
S1-497838578	S3-570530479	remove	D-025
S1-498021346	S2-745740906	remove	D-025
S1-498030187	S2-474596847	remove	D-025
S1-49806414	S2-51256532	remove	D-025
S1-498491397	S2-513053938	remove	D-025
S1-498635413	S3-801891416	remove	D-025
S1-499025444	S3-992901444	remove	D-025
S1-499199315	S2-109962008	remove	D-025
S1-499251206	S2-496925629	remove	D-025
S1-499754896	S2-481817560	remove	D-025
S1-499921233	S3-747176506	remove	D-025
S1-500276656	S2-973909528	remove	D-025
S1-500369504	S3-977781163	remove	D-025
S1-500609342	S2-184575263	remove	D-025
S1-500985193	S3-139654455	remove	D-025
S1-501248651	S2-15160366	remove	D-025
S1-501335148	S2-519389182	remove	D-025
S1-501456208	S3-664381270	remove	D-025
S1-501700224	S3-362600723	remove	D-025
S1-501818622	S2-128962251	remove	D-025
S1-502014796	S2-367019678	remove	D-025
S1-502081484	S3-406130851	remove	D-025
S1-502204594	S3-939534083	remove	D-025
S1-502546050	S3-859506821	remove	D-025
S1-502635482	S3-530938217	remove	D-025
S1-502694184	S3-246850274	remove	D-025
S1-502847691	S2-922042485	remove	D-025
S1-50320628	S3-453371895	remove	D-025
S1-503285938	S3-471029424	remove	D-025
S1-503387086	S2-585500112	remove	D-025
S1-503442939	S2-293398042	remove	D-025
S1-503672493	S3-908390860	remove	D-025
S1-503818923	S3-81841086	remove	D-025
S1-503854612	S3-297406382	remove	D-025
S1-504568786	S2-910443376	remove	D-025
S1-504609551	S3-62719823	remove	D-025
S1-505225009	S2-489538145	remove	D-025
S1-505555566	S2-518667693	remove	D-025
S1-505691372	S2-791442977	remove	D-025
S1-505695211	S2-242517171	remove	D-025
S1-505695211	S2-879367989	remove	D-025
S1-506368474	S3-640566511	remove	D-025
S1-506754050	S2-194010779	remove	D-025
S1-507180225	S3-901932407	remove	D-025
S1-507248084	S3-329790163	remove	D-025
S1-507348960	S2-760835008	remove	D-025
S1-507365266	S2-268827324	remove	D-025
S1-507612821	S2-190281507	remove	D-025
S1-507919538	S2-610562780	remove	D-025
S1-508219918	S2-40112568	remove	D-025
S1-508362892	S3-3889316	remove	D-025
S1-508410950	S3-684882732	remove	D-025
S1-508791046	S3-154720847	remove	D-025
S1-508804677	S2-292916900	remove	D-025
S1-509372784	S2-531913849	remove	D-025
S1-509421787	S3-202320688	remove	D-025
S1-50952021	S3-21647264	remove	D-025
S1-509662158	S3-159848409	remove	D-025
S1-509744844	S3-602263144	remove	D-025
S1-509827460	S2-215750715	remove	D-025
S1-509849637	S2-861898136	remove	D-025
S1-509880183	S2-394319084	remove	D-025
S1-510201358	S3-562487763	remove	D-025
S1-51044121	S2-538198210	remove	D-025
S1-510823959	S2-650015599	remove	D-025
S1-510829144	S2-783150722	remove	D-025
S1-510909883	S2-126510897	remove	D-025
S1-511200527	S2-743476658	remove	D-025
S1-511233644	S2-735643241	remove	D-025
S1-511284248	S3-687425614	remove	D-025
S1-511299087	S2-488608737	remove	D-025
S1-51190798	S2-865117582	remove	D-025
S1-51212924	S3-334602915	remove	D-025
S1-51268585	S2-322529262	remove	D-025
S1-512702810	S3-933962392	remove	D-025
S1-512730351	S2-46774283	remove	D-025
S1-513139621	S2-187631403	remove	D-025
S1-513139621	S3-122889444	remove	D-025
S1-513283777	S2-153042619	remove	D-025
S1-513466704	S2-38124942	remove	D-025
S1-513599089	S2-477497157	remove	D-025
S1-51369521	S3-248014261	remove	D-025
S1-513804489	S2-315033389	remove	D-025
S1-513934312	S3-825599271	remove	D-025
S1-514042271	S2-421677257	remove	D-025
S1-514207675	S3-676361579	remove	D-025
S1-5143858	S3-260388790	remove	D-025
S1-514806174	S2-773702937	remove	D-025
S1-514812117	S2-20236161	remove	D-025
S1-515087075	S2-378727024	remove	D-025
S1-515361658	S2-420934143	remove	D-025
S1-515931449	S2-51144995	remove	D-025
S1-516114001	S2-745315623	remove	D-025
S1-516302446	S3-589006078	remove	D-025
S1-516388807	S2-239104973	remove	D-025
S1-51639588	S3-973490119	remove	D-025
S1-51667464	S3-273846178	remove	D-025
S1-516937609	S2-211400381	remove	D-025
S1-516940126	S3-766229735	remove	D-025
S1-517019961	S3-199732045	remove	D-025
S1-517403440	S2-78689195	remove	D-025
S1-517537401	S2-677358328	remove	D-025
S1-51756384	S2-343076773	remove	D-025
S1-518272831	S3-209123491	remove	D-025
S1-518373973	S3-485224938	remove	D-025
S1-518707995	S3-951807891	remove	D-025
S1-518887850	S3-131119953	remove	D-025
S1-518931428	S3-190705762	remove	D-025
S1-519017095	S2-288126641	remove	D-025
S1-519034970	S2-980944346	remove	D-025
S1-519190170	S2-594319528	remove	D-025
S1-519205229	S3-873827965	remove	D-025
S1-519208504	S2-718643413	remove	D-025
S1-519288369	S3-296111666	remove	D-025
S1-519321243	S3-265785801	remove	D-025
S1-519413307	S3-132215533	remove	D-025
S1-520054610	S2-349013901	remove	D-025
S1-520204907	S2-881749750	remove	D-025
S1-520694758	S3-652482249	remove	D-025
S1-520759354	S2-60862704	remove	D-025
S1-520821423	S3-936045965	remove	D-025
S1-52083306	S3-307786533	remove	D-025
S1-521196879	S2-890969793	remove	D-025
S1-521776019	S3-733827182	remove	D-025
S1-521829954	S2-794282004	remove	D-025
S1-522476142	S2-541622869	remove	D-025
S1-52248646	S3-613853800	remove	D-025
S1-522764907	S2-162538282	remove	D-025
S1-523487010	S2-757574608	remove	D-025
S1-523531686	S2-673491788	remove	D-025
S1-523651035	S3-579272232	remove	D-025
S1-52365679	S3-398846024	remove	D-025
S1-523662874	S3-183761590	remove	D-025
S1-523777694	S3-893818826	remove	D-025
S1-524002701	S3-21738554	remove	D-025
S1-524164627	S2-450977803	remove	D-025
S1-524361835	S3-242891703	remove	D-025
S1-524483751	S3-998915669	remove	D-025
S1-524613304	S3-422497654	remove	D-025
S1-524774116	S2-572170946	remove	D-025
S1-524921050	S3-90746043	remove	D-025
S1-525276517	S2-533402915	remove	D-025
S1-525483979	S3-107289638	remove	D-025
S1-525551232	S3-305367527	remove	D-025
S1-525680148	S3-661123065	remove	D-025
S1-525683576	S2-900307343	remove	D-025
S1-52570614	S3-336462332	remove	D-025
S1-525915750	S2-794962668	remove	D-025
S1-525996935	S3-373813754	remove	D-025
S1-52606601	S3-335674332	remove	D-025
S1-526299408	S3-674546805	remove	D-025
S1-526473970	S2-408452858	remove	D-025
S1-526563535	S3-819077878	remove	D-025
S1-526751509	S2-764457724	remove	D-025
S1-527300530	S2-840920630	remove	D-025
S1-527325711	S2-685466008	remove	D-025
S1-527347488	S3-680382464	remove	D-025
S1-527863752	S3-307794616	remove	D-025
S1-527902172	S3-583595650	remove	D-025
S1-528212127	S2-977325044	remove	D-025
S1-528503408	S3-340904956	remove	D-025
S1-528781033	S3-338425995	remove	D-025
S1-528879925	S2-845004767	remove	D-025
S1-529094543	S2-676330430	remove	D-025
S1-529108623	S3-694748147	remove	D-025
S1-529257367	S2-318011192	remove	D-025
S1-529257367	S2-954117522	remove	D-025
S1-529645653	S3-378384765	remove	D-025
S1-52975481	S2-748116348	remove	D-025
S1-529820994	S2-169819793	remove	D-025
S1-53013411	S2-129493695	remove	D-025
S1-530540381	S3-36328845	remove	D-025
S1-530835739	S2-78284058	remove	D-025
S1-530842547	S2-491087617	remove	D-025
S1-531300530	S2-623559282	remove	D-025
S1-531313638	S3-199444279	remove	D-025
S1-53137670	S3-813770308	remove	D-025
S1-531458750	S3-669429356	remove	D-025
S1-531606945	S3-35817436	remove	D-025
S1-531750706	S3-346923439	remove	D-025
S1-531824590	S2-3375354	remove	D-025
S1-531927225	S2-930660400	remove	D-025
S1-531935920	S3-863880918	remove	D-025
S1-532033837	S3-872565191	remove	D-025
S1-532353820	S3-789173536	remove	D-025
S1-532694827	S2-856534439	remove	D-025
S1-533405857	S2-535308775	remove	D-025
S1-533428827	S3-755709303	remove	D-025
S1-533580691	S2-901821419	remove	D-025
S1-533610299	S3-36517703	remove	D-025
S1-533660725	S3-651523305	remove	D-025
S1-533874723	S3-373738136	remove	D-025
S1-533896616	S3-909146950	remove	D-025
S1-534009367	S3-869363122	remove	D-025
S1-534085023	S2-617938991	remove	D-025
S1-534089237	S3-529738592	remove	D-025
S1-534163097	S2-26330390	remove	D-025
S1-534163097	S2-446202236	remove	D-025
S1-534214911	S2-196270261	remove	D-025
S1-534650034	S2-809130222	remove	D-025
S1-534673496	S2-932711556	remove	D-025
S1-534946153	S2-244750244	remove	D-025
S1-535223398	S3-987190464	remove	D-025
S1-535461805	S3-246927604	remove	D-025
S1-535739775	S2-228515048	remove	D-025
S1-535752729	S3-516960808	remove	D-025
S1-535753032	S3-695649597	remove	D-025
S1-535754069	S3-544052865	remove	D-025
S1-535911777	S3-816128358	remove	D-025
S1-53595230	S3-417758557	remove	D-025
S1-536067539	S2-461787244	remove	D-025
S1-536650110	S2-104232782	remove	D-025
S1-53674642	S3-916397154	remove	D-025
S1-536828900	S3-478588999	remove	D-025
S1-537555407	S2-999692081	remove	D-025
S1-537673212	S3-953469671	remove	D-025
S1-537778248	S3-15581205	remove	D-025
S1-538041185	S3-293511221	remove	D-025
S1-538221570	S2-761716089	remove	D-025
S1-538221570	S3-291920762	remove	D-025
S1-538343231	S3-433962022	remove	D-025
S1-538559381	S3-63365014	remove	D-025
S1-538703382	S2-139398505	remove	D-025
S1-538953934	S2-515151436	remove	D-025
S1-539252042	S2-391260513	remove	D-025
S1-539612578	S2-340506416	remove	D-025
S1-539802027	S3-763427862	remove	D-025
S1-540091192	S2-868509957	remove	D-025
S1-540205201	S3-345052369	remove	D-025
S1-540234770	S3-307870861	remove	D-025
S1-540275981	S2-747323862	remove	D-025
S1-540802476	S3-504401581	remove	D-025
S1-540867849	S3-885639663	remove	D-025
S1-540952334	S3-683072036	remove	D-025
S1-541197495	S3-303145206	remove	D-025
S1-541219703	S2-660982547	remove	D-025
S1-5415501	S2-988966529	remove	D-025
S1-541650381	S3-877331889	remove	D-025
S1-542000010	S3-733437515	remove	D-025
S1-542290172	S3-496008793	remove	D-025
S1-542672839	S2-374852587	remove	D-025
S1-542998885	S2-114633303	remove	D-025
S1-543115353	S2-110772175	remove	D-025
S1-543198100	S3-209998172	remove	D-025
S1-543210716	S3-829147040	remove	D-025
S1-543557709	S2-199963610	remove	D-025
S1-543759210	S3-582513613	remove	D-025
S1-543773337	S3-213438089	remove	D-025
S1-543900831	S3-392710019	remove	D-025
S1-545220617	S3-796930870	remove	D-025
S1-545293021	S2-352553196	remove	D-025
S1-545339225	S3-933304862	remove	D-025
S1-545590598	S3-407493446	remove	D-025
S1-545650444	S2-362804468	remove	D-025
S1-545747749	S2-393423167	remove	D-025
S1-545964648	S3-220113214	remove	D-025
S1-546139755	S2-260472513	remove	D-025
S1-546141876	S3-27580848	remove	D-025
S1-54622005	S2-88374096	remove	D-025
S1-546520685	S2-199734824	remove	D-025
S1-546850078	S2-76489585	remove	D-025
S1-5477236	S3-454452311	remove	D-025
S1-547724853	S3-55499839	remove	D-025
S1-5479133	S3-844994764	remove	D-025
S1-548343291	S2-852713169	remove	D-025
S1-548671336	S3-861043831	remove	D-025
S1-548726628	S3-54957669	remove	D-025
S1-549015196	S3-322812153	remove	D-025
S1-549246135	S3-143960175	remove	D-025
S1-549405088	S3-288581373	remove	D-025
S1-549419609	S2-975915188	remove	D-025
S1-549645144	S3-986749292	remove	D-025
S1-549997690	S2-572445030	remove	D-025
S1-550136318	S2-653300442	remove	D-025
S1-55028326	S3-261713084	remove	D-025
S1-550407317	S3-76707411	remove	D-025
S1-550690814	S2-104919669	remove	D-025
S1-550836503	S3-650669632	remove	D-025
S1-55085567	S3-417636611	remove	D-025
S1-550985353	S3-349500016	remove	D-025
S1-5510120	S3-612261578	remove	D-025
S1-5510231	S3-907097116	remove	D-025
S1-551259771	S3-410087022	remove	D-025
S1-551465981	S2-872285055	remove	D-025
S1-551516006	S3-348632207	remove	D-025
S1-551552003	S2-118970765	remove	D-025
S1-551572205	S2-751705614	remove	D-025
S1-551780861	S3-682319018	remove	D-025
S1-55184553	S3-101607294	remove	D-025
S1-551942945	S2-904009148	remove	D-025
S1-552230753	S3-206299348	remove	D-025
S1-552240532	S2-418825959	remove	D-025
S1-552747847	S3-60143972	remove	D-025
S1-552887109	S3-117554559	remove	D-025
S1-553112428	S3-380506709	remove	D-025
S1-553226507	S2-570329028	remove	D-025
S1-553241563	S3-642582971	remove	D-025
S1-55334203	S2-64496717	remove	D-025
S1-55360275	S3-814922990	remove	D-025
S1-553631726	S2-328776961	remove	D-025
S1-554199550	S3-681016179	remove	D-025
S1-554520681	S2-983056070	remove	D-025
S1-554545064	S3-94605805	remove	D-025
S1-555132089	S3-432769080	remove	D-025
S1-555152215	S2-862285966	remove	D-025
S1-555407821	S3-17834578	remove	D-025
S1-555518139	S2-914128188	remove	D-025
S1-55588687	S2-194550392	remove	D-025
S1-555912225	S3-151345954	remove	D-025
S1-556193977	S2-577367530	remove	D-025
S1-556371494	S2-533916045	remove	D-025
S1-556509400	S3-664576819	remove	D-025
S1-556512077	S2-248922002	remove	D-025
S1-556867580	S3-201421831	remove	D-025
S1-556933777	S3-995923680	remove	D-025
S1-557187518	S3-612594226	remove	D-025
S1-557231532	S2-392677063	remove	D-025
S1-557407521	S3-135620187	remove	D-025
S1-557558412	S3-352659156	remove	D-025
S1-557590691	S3-825013092	remove	D-025
S1-557816886	S2-794262346	remove	D-025
S1-557990114	S2-542066388	remove	D-025
S1-55807092	S2-223848796	remove	D-025
S1-558105396	S2-880164574	remove	D-025
S1-558413719	S3-482063161	remove	D-025
S1-558577699	S3-78455564	remove	D-025
S1-5586082	S2-356308316	remove	D-025
S1-558926463	S2-377486299	remove	D-025
S1-559030686	S2-576102878	remove	D-025
S1-559281168	S3-526639577	remove	D-025
S1-559641845	S3-985112621	remove	D-025
S1-5596768	S2-997575574	remove	D-025
S1-559828786	S3-551897166	remove	D-025
S1-56009217	S3-850463283	remove	D-025
S1-560495809	S2-421707485	remove	D-025
S1-560517491	S3-144120081	remove	D-025
S1-560617872	S3-793753396	remove	D-025
S1-560869848	S2-147629116	remove	D-025
S1-560869848	S2-543261099	remove	D-025
S1-560869848	S2-853306565	remove	D-025
S1-560872643	S3-977379652	remove	D-025
S1-560877913	S2-758995690	remove	D-025
S1-560878098	S2-673892775	remove	D-025
S1-560966704	S3-116210592	remove	D-025
S1-561365921	S3-815459129	remove	D-025
S1-561378192	S3-456263524	remove	D-025
S1-561859761	S2-349396073	remove	D-025
S1-561904521	S3-847815882	remove	D-025
S1-561967297	S3-328627008	remove	D-025
S1-562059934	S3-125668802	remove	D-025
S1-562217578	S2-994463218	remove	D-025
S1-562343700	S3-111355425	remove	D-025
S1-56245202	S3-684135564	remove	D-025
S1-56279510	S3-987300564	remove	D-025
S1-562874970	S2-863469650	remove	D-025
S1-5629789	S2-270981703	remove	D-025
S1-563261825	S3-978597953	remove	D-025
S1-563934231	S3-774254010	remove	D-025
S1-56410905	S2-944108131	remove	D-025
S1-564331799	S3-808884326	remove	D-025
S1-564382481	S3-631908111	remove	D-025
S1-564401334	S2-346001419	remove	D-025
S1-564417311	S3-151110457	remove	D-025
S1-564714842	S3-211438230	remove	D-025
S1-564919841	S3-357996985	remove	D-025
S1-564958668	S2-650338312	remove	D-025
S1-565140051	S2-895140472	remove	D-025
S1-565162839	S2-868239600	remove	D-025
S1-56516556	S3-366266120	remove	D-025
S1-565533365	S2-143968118	remove	D-025
S1-565638614	S2-441044860	remove	D-025
S1-565753360	S2-357873757	remove	D-025
S1-56577912	S3-707233839	remove	D-025
S1-566109954	S3-691748441	remove	D-025
S1-566559038	S3-613708440	remove	D-025
S1-567062979	S3-381269933	remove	D-025
S1-567312734	S3-240693214	remove	D-025
S1-56763074	S3-593897879	remove	D-025
S1-56803532	S3-900608858	remove	D-025
S1-568067070	S2-117263084	remove	D-025
S1-568435000	S3-847561020	remove	D-025
S1-569199351	S2-274470834	remove	D-025
S1-569293725	S3-407951537	remove	D-025
S1-569399563	S3-324819957	remove	D-025
S1-569481112	S3-27435217	remove	D-025
S1-569496848	S2-152955433	remove	D-025
S1-569497693	S2-123610105	remove	D-025
S1-569653154	S3-178444223	remove	D-025
S1-569710572	S3-892210765	remove	D-025
S1-569927339	S3-422814029	remove	D-025
S1-569942218	S2-7114117	remove	D-025
S1-569989353	S2-661484359	remove	D-025
S1-570608494	S3-370904516	remove	D-025
S1-570743894	S2-523754225	remove	D-025
S1-571227056	S3-856666635	remove	D-025
S1-571227584	S3-81292480	remove	D-025
S1-57128236	S3-437706545	remove	D-025
S1-571704821	S3-911442474	remove	D-025
S1-572200974	S3-223767871	remove	D-025
S1-572482207	S2-735739058	remove	D-025
S1-572589034	S3-469195805	remove	D-025
S1-572738901	S3-748569587	remove	D-025
S1-572948986	S3-265588629	remove	D-025
S1-572987067	S3-161033997	remove	D-025
S1-573016752	S3-745361303	remove	D-025
S1-573176320	S2-421849627	remove	D-025
S1-573265013	S3-390079377	remove	D-025
S1-573341391	S2-166738704	remove	D-025
S1-573460494	S3-30799941	remove	D-025
S1-573480094	S2-3585946	remove	D-025
S1-573564732	S2-798538436	remove	D-025
S1-573816203	S3-778875450	remove	D-025
S1-573947590	S2-854705306	remove	D-025
S1-573954124	S3-263017897	remove	D-025
S1-573976047	S3-782888162	remove	D-025
S1-57404896	S2-498550314	remove	D-025
S1-574567413	S3-280998830	remove	D-025
S1-574698070	S3-47396694	remove	D-025
S1-57530271	S3-39780717	remove	D-025
S1-575666356	S2-947974475	remove	D-025
S1-575668949	S2-407421130	remove	D-025
S1-575689206	S3-889814921	remove	D-025
S1-575689206	S3-957020372	remove	D-025
S1-576093588	S3-73321001	remove	D-025
S1-576093889	S3-134674296	remove	D-025
S1-57614250	S3-937572932	remove	D-025
S1-576554532	S2-86650176	remove	D-025
S1-57661957	S2-9989954	remove	D-025
S1-577094160	S2-666284235	remove	D-025
S1-577169539	S3-196386987	remove	D-025
S1-577245644	S3-178003377	remove	D-025
S1-577274387	S3-756256316	remove	D-025
S1-57737958	S2-120228013	remove	D-025
S1-577402078	S3-170918388	remove	D-025
S1-577444501	S3-671395659	remove	D-025
S1-577631951	S2-649079606	remove	D-025
S1-577768726	S2-75690244	remove	D-025
S1-577969872	S3-530513724	remove	D-025
S1-5780770	S2-585424941	remove	D-025
S1-578089291	S2-214866019	remove	D-025
S1-578368602	S3-110811171	remove	D-025
S1-578994007	S2-835408057	remove	D-025
S1-579113743	S3-662492075	remove	D-025
S1-579323715	S3-484596300	remove	D-025
S1-579700189	S2-511078349	remove	D-025
S1-579846265	S3-598265806	remove	D-025
S1-580060429	S3-716327355	remove	D-025
S1-580840984	S2-695850252	remove	D-025
S1-580865344	S3-670591804	remove	D-025
S1-580905518	S2-59803604	remove	D-025
S1-581009031	S3-447350791	remove	D-025
S1-581145875	S3-174860717	remove	D-025
S1-58116744	S2-901546817	remove	D-025
S1-5815294	S3-108601575	remove	D-025
S1-581682767	S3-107937087	remove	D-025
S1-581758722	S2-80272501	remove	D-025
S1-582419514	S2-708790310	remove	D-025
S1-582522815	S3-529972367	remove	D-025
S1-582717902	S2-802965870	remove	D-025
S1-582808921	S2-471359187	remove	D-025
S1-582960048	S3-542273151	remove	D-025
S1-583043888	S2-956156453	remove	D-025
S1-583362075	S3-36268472	remove	D-025
S1-583384010	S3-262298204	remove	D-025
S1-583447875	S3-693491078	remove	D-025
S1-583465762	S2-615398290	remove	D-025
S1-583631712	S2-549593072	remove	D-025
S1-584205697	S3-817659067	remove	D-025
S1-584227663	S3-631376813	remove	D-025
S1-584240836	S3-831120308	remove	D-025
S1-584326838	S2-530682838	remove	D-025
S1-584349857	S3-544600849	remove	D-025
S1-584490011	S3-730528081	remove	D-025
S1-584924907	S3-901414143	remove	D-025
S1-585219700	S2-424873458	remove	D-025
S1-585546996	S2-651963815	remove	D-025
S1-585849344	S2-627840143	remove	D-025
S1-585883526	S3-304802355	remove	D-025
S1-585892011	S2-570249439	remove	D-025
S1-585947525	S2-376107276	remove	D-025
S1-586161554	S2-997544798	remove	D-025
S1-58616940	S3-873307829	remove	D-025
S1-586400982	S3-808325044	remove	D-025
S1-58652411	S3-386407983	remove	D-025
S1-58671194	S3-97523241	remove	D-025
S1-586849662	S2-123320529	remove	D-025
S1-587137567	S2-481712776	remove	D-025
S1-587533304	S3-202078386	remove	D-025
S1-587606152	S3-999161642	remove	D-025
S1-587815942	S3-803215155	remove	D-025
S1-587822444	S3-541466697	remove	D-025
S1-587844727	S3-9365743	remove	D-025
S1-587901156	S2-498998278	remove	D-025
S1-588082285	S3-416842081	remove	D-025
S1-588135948	S3-896296953	remove	D-025
S1-588226683	S2-60406572	remove	D-025
S1-588275630	S3-299973938	remove	D-025
S1-588444137	S3-527800107	remove	D-025
S1-588758945	S2-313187978	remove	D-025
S1-588758945	S3-950160173	remove	D-025
S1-589127145	S2-110275042	remove	D-025
S1-589699332	S2-895640916	remove	D-025
S1-589796267	S2-41890630	remove	D-025
S1-589796267	S2-728319111	remove	D-025
S1-589877239	S3-387625688	remove	D-025
S1-5899227	S2-648287685	remove	D-025
S1-5899227	S3-558151478	remove	D-025
S1-589971657	S3-45212487	remove	D-025
S1-590231507	S3-850532551	remove	D-025
S1-590345118	S3-716108510	remove	D-025
S1-590368458	S2-252894265	remove	D-025
S1-590443873	S2-37245465	remove	D-025
S1-590514133	S2-924304616	remove	D-025
S1-590670024	S2-458778338	remove	D-025
S1-590723938	S3-724435330	remove	D-025
S1-590868637	S2-866109462	remove	D-025
S1-590868874	S3-196744268	remove	D-025
S1-591072910	S2-581579150	remove	D-025
S1-591220092	S3-579521441	remove	D-025
S1-591278310	S3-282428636	remove	D-025
S1-591282729	S2-31743928	remove	D-025
S1-591285583	S3-123868773	remove	D-025
S1-591289634	S2-916453685	remove	D-025
S1-591683519	S3-789523206	remove	D-025
S1-591906521	S2-643915037	remove	D-025
S1-591914049	S3-340267601	remove	D-025
S1-592062567	S2-660385195	remove	D-025
S1-592589174	S3-766574777	remove	D-025
S1-592680937	S2-296654945	remove	D-025
S1-592859939	S3-993434795	remove	D-025
S1-593018820	S2-82062384	remove	D-025
S1-593185712	S3-277159299	remove	D-025
S1-593397319	S3-307225536	remove	D-025
S1-593497975	S2-476057062	remove	D-025
S1-593588004	S3-855013470	remove	D-025
S1-594135182	S3-997733209	remove	D-025
S1-594228113	S3-260564390	remove	D-025
S1-594479841	S3-8445756	remove	D-025
S1-594859499	S3-590164567	remove	D-025
S1-594920796	S2-947671378	remove	D-025
S1-595010806	S3-392578096	remove	D-025
S1-595039346	S3-710873798	remove	D-025
S1-595062216	S2-64632684	remove	D-025
S1-595336920	S3-574520496	remove	D-025
S1-595757421	S2-799508670	remove	D-025
S1-595833722	S2-249948235	remove	D-025
S1-596089656	S3-222252686	remove	D-025
S1-596089656	S3-786593958	remove	D-025
S1-597041431	S3-781121518	remove	D-025
S1-597305914	S2-395316164	remove	D-025
S1-597340231	S3-672315829	remove	D-025
S1-597397338	S2-900293051	remove	D-025
S1-597421063	S2-975920521	remove	D-025
S1-597434160	S3-359745874	remove	D-025
S1-597436440	S2-829596981	remove	D-025
S1-597755582	S3-513945990	remove	D-025
S1-597923394	S3-494271069	remove	D-025
S1-59793308	S3-99672613	remove	D-025
S1-597987786	S2-400729831	remove	D-025
S1-598374005	S2-467801937	remove	D-025
S1-598455101	S3-945760344	remove	D-025
S1-598806429	S3-741429708	remove	D-025
S1-599126029	S2-442939464	remove	D-025
S1-599182576	S3-398380631	remove	D-025
S1-599219973	S2-863173383	remove	D-025
S1-599258386	S3-101009564	remove	D-025
S1-599618829	S3-511362753	remove	D-025
S1-599687742	S3-660248379	remove	D-025
S1-600020203	S3-5192225	remove	D-025
S1-600096706	S3-357477134	remove	D-025
S1-600514466	S3-449264555	remove	D-025
S1-60078393	S2-3066644	remove	D-025
S1-600784389	S3-382363250	remove	D-025
S1-601162157	S3-61267628	remove	D-025
S1-60117505	S2-490820129	remove	D-025
S1-601351567	S3-354693437	remove	D-025
S1-601379176	S2-784215316	remove	D-025
S1-601597551	S2-907787575	remove	D-025
S1-601724126	S3-398270487	remove	D-025
S1-602118961	S2-617947731	remove	D-025
S1-602156190	S3-947872250	remove	D-025
S1-602214140	S3-184753818	remove	D-025
S1-602395023	S2-681138576	remove	D-025
S1-602627912	S3-150797292	remove	D-025
S1-602667476	S3-945577238	remove	D-025
S1-602721283	S3-884026529	remove	D-025
S1-603239263	S2-365177610	remove	D-025
S1-603419404	S3-412632547	remove	D-025
S1-603455788	S3-52620243	remove	D-025
S1-603471833	S3-984074907	remove	D-025
S1-60348591	S2-318723333	remove	D-025
S1-603778249	S2-614202155	remove	D-025
S1-603926773	S2-483133182	remove	D-025
S1-604214468	S3-841780714	remove	D-025
S1-604569458	S3-450902094	remove	D-025
S1-604803119	S3-620034846	remove	D-025
S1-604969493	S3-366729146	remove	D-025
S1-605163178	S2-940932834	remove	D-025
S1-605222781	S3-240532399	remove	D-025
S1-60531827	S3-254423423	remove	D-025
S1-605345895	S2-310473148	remove	D-025
S1-605415091	S3-256291599	remove	D-025
S1-60570640	S3-12596067	remove	D-025
S1-605965661	S3-416847964	remove	D-025
S1-606051016	S2-303040810	remove	D-025
S1-606255591	S3-414053423	remove	D-025
S1-606600102	S2-545879075	remove	D-025
S1-606939672	S3-28494702	remove	D-025
S1-607014524	S3-533528683	remove	D-025
S1-607535779	S3-313819379	remove	D-025
S1-607662170	S3-721315165	remove	D-025
S1-608087594	S3-109316864	remove	D-025
S1-60825238	S3-454489804	remove	D-025
S1-608613115	S2-991110027	remove	D-025
S1-60861390	S2-739876164	remove	D-025
S1-608616633	S3-207877782	remove	D-025
S1-608616633	S3-951924720	remove	D-025
S1-608636042	S2-10865820	remove	D-025
S1-60894230	S3-611496141	remove	D-025
S1-608973330	S3-153844557	remove	D-025
S1-609237003	S3-565385828	remove	D-025
S1-609458845	S2-519753434	remove	D-025
S1-609486003	S3-756921243	remove	D-025
S1-609584007	S3-230834155	remove	D-025
S1-609707656	S2-612356523	remove	D-025
S1-609826330	S2-731024017	remove	D-025
S1-610121800	S2-7884462	remove	D-025
S1-61045153	S2-669211609	remove	D-025
S1-611189985	S2-4169523	remove	D-025
S1-611219575	S2-381504633	remove	D-025
S1-611295430	S3-143264497	remove	D-025
S1-611424421	S3-968830725	remove	D-025
S1-611910868	S3-628002540	remove	D-025
S1-612144536	S2-32267887	remove	D-025
S1-612152459	S3-206475611	remove	D-025
S1-612168070	S3-631444839	remove	D-025
S1-612207853	S3-600792155	remove	D-025
S1-612491869	S3-293861273	remove	D-025
S1-612549160	S2-984550030	remove	D-025
S1-61264765	S3-811535071	remove	D-025
S1-613011640	S2-615354885	remove	D-025
S1-613370091	S3-874274736	remove	D-025
S1-613757040	S2-173654271	remove	D-025
S1-613843177	S2-294712300	remove	D-025
S1-613856122	S2-695509717	remove	D-025
S1-614267612	S2-966646957	remove	D-025
S1-614335432	S3-764078042	remove	D-025
S1-614522635	S2-992538552	remove	D-025
S1-6145275	S2-234998121	remove	D-025
S1-614558388	S3-5860	remove	D-025
S1-614898685	S3-581605236	remove	D-025
S1-615606599	S3-437926738	remove	D-025
S1-615750802	S2-439727245	remove	D-025
S1-616295370	S2-319982125	remove	D-025
S1-616464363	S2-256474750	remove	D-025
S1-616578017	S2-174926567	remove	D-025
S1-616578017	S2-868849005	remove	D-025
S1-616626671	S3-401121743	remove	D-025
S1-616917699	S3-680839460	remove	D-025
S1-61693542	S3-184940334	remove	D-025
S1-61693542	S3-216042469	remove	D-025
S1-616968302	S3-46580184	remove	D-025
S1-617036533	S3-635059036	remove	D-025
S1-617217488	S2-159759985	remove	D-025
S1-617326286	S2-425971156	remove	D-025
S1-617368592	S2-156976336	remove	D-025
S1-617419966	S3-24156188	remove	D-025
S1-617541823	S2-410266339	remove	D-025
S1-617626111	S3-625648887	remove	D-025
S1-617687254	S3-626455292	remove	D-025
S1-617692238	S3-628636765	remove	D-025
S1-617758653	S3-445539158	remove	D-025
S1-617802689	S3-998808236	remove	D-025
S1-617868849	S3-249683711	remove	D-025
S1-617902688	S3-59944626	remove	D-025
S1-61808709	S3-85669008	remove	D-025
S1-618460974	S3-777269011	remove	D-025
S1-618482046	S3-313683624	remove	D-025
S1-618798628	S2-980312161	remove	D-025
S1-618889074	S3-225118464	remove	D-025
S1-618937403	S3-753900175	remove	D-025
S1-619029683	S3-15186098	remove	D-025
S1-619148625	S2-70747989	remove	D-025
S1-619693111	S2-732513160	remove	D-025
S1-619729511	S2-955137754	remove	D-025
S1-619778745	S3-608013606	remove	D-025
S1-619825017	S3-349450944	remove	D-025
S1-619932762	S2-64438605	remove	D-025
S1-619937130	S2-461162225	remove	D-025
S1-619993240	S3-3300851	remove	D-025
S1-620311418	S2-768080888	remove	D-025
S1-620339095	S3-687363753	remove	D-025
S1-620409058	S2-906100597	remove	D-025
S1-620494992	S3-194965434	remove	D-025
S1-62070720	S2-807557423	remove	D-025
S1-621082261	S3-431722333	remove	D-025
S1-621153939	S3-42012269	remove	D-025
S1-621271998	S3-846657824	remove	D-025
S1-621279897	S2-612151473	remove	D-025
S1-621320568	S2-800799432	remove	D-025
S1-621330469	S2-205425492	remove	D-025
S1-621344323	S3-276414294	remove	D-025
S1-621592474	S2-846239779	remove	D-025
S1-621737820	S2-463798141	remove	D-025
S1-622185329	S3-915464238	remove	D-025
S1-62242898	S2-853373116	remove	D-025
S1-62242898	S3-602743485	remove	D-025
S1-622731453	S3-97872791	remove	D-025
S1-622735939	S2-166527848	remove	D-025
S1-623090920	S3-529261872	remove	D-025
S1-623130077	S3-773188167	remove	D-025
S1-623364677	S3-908289136	remove	D-025
S1-623699488	S3-464983245	remove	D-025
S1-62380313	S3-148713739	remove	D-025
S1-623868539	S2-110756218	remove	D-025
S1-623982155	S2-938349453	remove	D-025
S1-623999860	S3-615764566	remove	D-025
S1-624203394	S2-157080522	remove	D-025
S1-624239	S2-418080362	remove	D-025
S1-624257834	S2-445292506	remove	D-025
S1-624385117	S3-471257448	remove	D-025
S1-624528075	S2-184798865	remove	D-025
S1-624739250	S2-77578095	remove	D-025
S1-624809818	S2-415688010	remove	D-025
S1-624809818	S2-55338767	remove	D-025
S1-62498204	S3-939987610	remove	D-025
S1-625311184	S2-914225369	remove	D-025
S1-625525898	S3-511964898	remove	D-025
S1-62571833	S3-763377554	remove	D-025
S1-62571833	S3-807999609	remove	D-025
S1-625801690	S2-664616216	remove	D-025
S1-626047049	S3-542589879	remove	D-025
S1-626305376	S2-108127327	remove	D-025
S1-626410476	S2-265029671	remove	D-025
S1-626611798	S2-59735237	remove	D-025
S1-626717002	S2-877478407	remove	D-025
S1-626717002	S3-997776067	remove	D-025
S1-626721813	S2-47228821	remove	D-025
S1-626872236	S3-9861874	remove	D-025
S1-627140866	S2-686445727	remove	D-025
S1-627227223	S3-874710877	remove	D-025
S1-627350651	S3-480934779	remove	D-025
S1-62770842	S2-881836891	remove	D-025
S1-628370775	S3-71684278	remove	D-025
S1-62855884	S3-421942178	remove	D-025
S1-628606030	S3-523409433	remove	D-025
S1-628717927	S2-502595841	remove	D-025
S1-628774642	S2-103638545	remove	D-025
S1-628892837	S2-153435960	remove	D-025
S1-62914132	S2-300833495	remove	D-025
S1-62935650	S3-803410967	remove	D-025
S1-629428520	S2-6599807	remove	D-025
S1-629479418	S3-377360524	remove	D-025
S1-629824058	S3-62886312	remove	D-025
S1-629968532	S3-447792881	remove	D-025
S1-630062856	S2-806167709	remove	D-025
S1-630194891	S3-518150537	remove	D-025
S1-630214414	S2-768817058	remove	D-025
S1-630235335	S2-975497567	remove	D-025
S1-630317646	S3-461949544	remove	D-025
S1-630476357	S3-470842968	remove	D-025
S1-630513051	S2-604362753	remove	D-025
S1-630870773	S3-113018484	remove	D-025
S1-631065872	S2-202545347	remove	D-025
S1-631250821	S3-793400076	remove	D-025
S1-631402446	S3-668403218	remove	D-025
S1-631915508	S2-156439896	remove	D-025
S1-631956536	S2-748749426	remove	D-025
S1-632213765	S3-850128616	remove	D-025
S1-632229623	S3-956093817	remove	D-025
S1-6325287	S3-844058590	remove	D-025
S1-632619535	S2-759803760	remove	D-025
S1-63313246	S2-27256577	remove	D-025
S1-633262018	S3-559451677	remove	D-025
S1-633522759	S3-568565908	remove	D-025
S1-633541697	S2-466111374	remove	D-025
S1-633594076	S3-592009598	remove	D-025
S1-633708120	S2-141059840	remove	D-025
S1-633708120	S3-711257693	remove	D-025
S1-63381615	S3-283780299	remove	D-025
S1-633994034	S2-392484006	remove	D-025
S1-634015068	S2-655075915	remove	D-025
S1-634149578	S3-774110587	remove	D-025
S1-634517107	S3-382997306	remove	D-025
S1-635028808	S3-761908850	remove	D-025
S1-635028808	S3-921458095	remove	D-025
S1-635099680	S2-124334333	remove	D-025
S1-635562702	S3-661637313	remove	D-025
S1-635580650	S3-643302963	remove	D-025
S1-635803799	S3-791231513	remove	D-025
S1-636045918	S2-783038042	remove	D-025
S1-636281409	S2-393595724	remove	D-025
S1-636289408	S3-230863344	remove	D-025
S1-636289408	S3-961275582	remove	D-025
S1-636397631	S2-766509427	remove	D-025
S1-636733188	S2-582344111	remove	D-025
S1-636825604	S3-459275840	remove	D-025
S1-637033563	S2-146117911	remove	D-025
S1-637263966	S3-74175799	remove	D-025
S1-63728863	S3-333160855	remove	D-025
S1-637316414	S3-690888243	remove	D-025
S1-637572740	S3-264585586	remove	D-025
S1-63833840	S2-75574152	remove	D-025
S1-638382812	S3-127565664	remove	D-025
S1-638711540	S2-162679227	remove	D-025
S1-638846588	S3-84294702	remove	D-025
S1-638910767	S3-577654204	remove	D-025
S1-639000170	S2-142606763	remove	D-025
S1-639065142	S3-577781993	remove	D-025
S1-639065145	S3-434902894	remove	D-025
S1-639333065	S2-511824705	remove	D-025
S1-639333065	S3-522001208	remove	D-025
S1-639939192	S3-628861678	remove	D-025
S1-640050550	S3-427856811	remove	D-025
S1-64027189	S3-590843162	remove	D-025
S1-640381975	S2-489874177	remove	D-025
S1-640468197	S3-472812486	remove	D-025
S1-640525559	S3-132872254	remove	D-025
S1-640628179	S2-842733630	remove	D-025
S1-641043989	S3-307665393	remove	D-025
S1-641261701	S2-390932091	remove	D-025
S1-641848202	S2-576117151	remove	D-025
S1-641851697	S3-71583650	remove	D-025
S1-642016034	S3-314373390	remove	D-025
S1-642039359	S3-50881254	remove	D-025
S1-642250807	S3-259677724	remove	D-025
S1-64232235	S3-243133814	remove	D-025
S1-642363045	S2-153353452	remove	D-025
S1-642417713	S3-384667649	remove	D-025
S1-64245346	S3-501551607	remove	D-025
S1-642472865	S3-167543552	remove	D-025
S1-642496507	S3-170016240	remove	D-025
S1-642647592	S3-293536057	remove	D-025
S1-643126759	S2-865003700	remove	D-025
S1-643172414	S2-750729103	remove	D-025
S1-643509292	S3-514617911	remove	D-025
S1-643656671	S3-569772864	remove	D-025
S1-643687291	S2-806278896	remove	D-025
S1-643703246	S3-586058367	remove	D-025
S1-644218834	S3-451466779	remove	D-025
S1-644255573	S3-879235422	remove	D-025
S1-644353091	S3-572821603	remove	D-025
S1-644463461	S3-674273176	remove	D-025
S1-644489322	S2-109060432	remove	D-025
S1-644702867	S3-686581867	remove	D-025
S1-645195243	S2-212834883	remove	D-025
S1-645303673	S2-62791822	remove	D-025
S1-645410947	S3-322660549	remove	D-025
S1-64541702	S2-27749323	remove	D-025
S1-645553023	S3-753551442	remove	D-025
S1-645684261	S2-293661992	remove	D-025
S1-645930879	S3-40613691	remove	D-025
S1-646148333	S3-245211066	remove	D-025
S1-646168826	S2-669863890	remove	D-025
S1-646299146	S3-16744015	remove	D-025
S1-646411783	S2-307334384	remove	D-025
S1-646431327	S3-817833508	remove	D-025
S1-646431327	S3-918514016	remove	D-025
S1-646481283	S2-146384182	remove	D-025
S1-646897273	S2-600699052	remove	D-025
S1-646906831	S2-709512842	remove	D-025
S1-647609284	S2-529892519	remove	D-025
S1-64764945	S3-480129724	remove	D-025
S1-647663658	S2-21558180	remove	D-025
S1-647746516	S2-972414827	remove	D-025
S1-647751533	S2-443121554	remove	D-025
S1-647780069	S2-552414186	remove	D-025
S1-647813916	S3-660892642	remove	D-025
S1-647877503	S3-479857264	remove	D-025
S1-647878959	S3-472044340	remove	D-025
S1-64800522	S2-638290601	remove	D-025
S1-648459360	S2-347642985	remove	D-025
S1-648543709	S3-956930534	remove	D-025
S1-648673403	S3-442094462	remove	D-025
S1-648683456	S3-432197480	remove	D-025
S1-648888597	S3-772987095	remove	D-025
S1-649207936	S3-286918859	remove	D-025
S1-64932698	S2-424813472	remove	D-025
S1-650000969	S3-657025304	remove	D-025
S1-65006715	S3-982261333	remove	D-025
S1-650374349	S3-373189953	remove	D-025
S1-650531761	S2-255557419	remove	D-025
S1-650927354	S3-955073473	remove	D-025
S1-651128340	S2-526614105	remove	D-025
S1-651228857	S3-848027088	remove	D-025
S1-65135570	S3-36155764	remove	D-025
S1-651359643	S2-267710600	remove	D-025
S1-651995014	S3-522038826	remove	D-025
S1-652056213	S3-339587647	remove	D-025
S1-652284084	S3-99302720	remove	D-025
S1-652322322	S3-675906251	remove	D-025
S1-652322322	S3-816066126	remove	D-025
S1-652448355	S2-459693129	remove	D-025
S1-652471604	S2-604521381	remove	D-025
S1-652517241	S3-929220896	remove	D-025
S1-652569647	S2-959233832	remove	D-025
S1-652589388	S2-914453036	remove	D-025
S1-652622454	S2-5175981	remove	D-025
S1-652641575	S3-724679407	remove	D-025
S1-652976964	S3-63132442	remove	D-025
S1-653001231	S2-249153092	remove	D-025
S1-653368564	S2-389193990	remove	D-025
S1-65358558	S2-774852231	remove	D-025
S1-654159931	S3-179716058	remove	D-025
S1-654191266	S3-10802592	remove	D-025
S1-654348665	S3-316327971	remove	D-025
S1-654484873	S2-281014416	remove	D-025
S1-654588034	S2-218529323	remove	D-025
S1-654902842	S2-252951334	remove	D-025
S1-655204850	S3-929827894	remove	D-025
S1-655263860	S2-949309464	remove	D-025
S1-655686101	S2-2602980	remove	D-025
S1-655689585	S2-717712982	remove	D-025
S1-655852833	S2-85940646	remove	D-025
S1-655865001	S2-326640004	remove	D-025
S1-656355442	S3-119505469	remove	D-025
S1-656528953	S2-137240800	remove	D-025
S1-656568875	S3-75214843	remove	D-025
S1-656708767	S3-455538733	remove	D-025
S1-656756974	S3-135094176	remove	D-025
S1-656972093	S2-761482844	remove	D-025
S1-657170580	S2-467914771	remove	D-025
S1-657170580	S2-686105116	remove	D-025
S1-657251225	S3-96939595	remove	D-025
S1-657468702	S3-499975024	remove	D-025
S1-657623035	S3-908185363	remove	D-025
S1-657664482	S3-1451869	remove	D-025
S1-658398654	S3-952036816	remove	D-025
S1-658411265	S2-843734161	remove	D-025
S1-658449735	S2-872939593	remove	D-025
S1-658494422	S3-549024069	remove	D-025
S1-658567362	S2-137703780	remove	D-025
S1-658619689	S3-211060773	remove	D-025
S1-658724486	S3-191061290	remove	D-025
S1-659198638	S2-899240977	remove	D-025
S1-659283681	S3-783814012	remove	D-025
S1-659335949	S3-836673629	remove	D-025
S1-659517664	S2-853566907	remove	D-025
S1-659531239	S3-924858414	remove	D-025
S1-660043374	S2-834395260	remove	D-025
S1-660246287	S3-308177330	remove	D-025
S1-660246287	S3-906600669	remove	D-025
S1-660263834	S2-836369151	remove	D-025
S1-660267896	S2-272966587	remove	D-025
S1-660396319	S2-833114763	remove	D-025
S1-660425800	S2-76343534	remove	D-025
S1-660732217	S2-660033200	remove	D-025
S1-660760986	S2-426034075	remove	D-025
S1-660760986	S2-538087091	remove	D-025
S1-6608850	S3-677932800	remove	D-025
S1-660975090	S2-188757025	remove	D-025
S1-661050194	S2-175961630	remove	D-025
S1-661071927	S2-21109207	remove	D-025
S1-66123584	S3-740249305	remove	D-025
S1-66131649	S3-730403243	remove	D-025
S1-6613674	S2-126332464	remove	D-025
S1-661510658	S2-109983232	remove	D-025
S1-661516866	S3-523668591	remove	D-025
S1-661889318	S3-684677500	remove	D-025
S1-662035433	S3-414285516	remove	D-025
S1-662107017	S3-581515543	remove	D-025
S1-662174236	S3-783391029	remove	D-025
S1-662238736	S3-863172812	remove	D-025
S1-662469908	S2-201449573	remove	D-025
S1-662620995	S3-288929707	remove	D-025
S1-66275035	S2-491760868	remove	D-025
S1-662759022	S2-988374486	remove	D-025
S1-662851775	S2-323759626	remove	D-025
S1-662947384	S3-595833741	remove	D-025
S1-662970751	S2-58468947	remove	D-025
S1-663141177	S2-813829007	remove	D-025
S1-663246941	S3-987541310	remove	D-025
S1-663868808	S2-650003254	remove	D-025
S1-663948539	S2-641611535	remove	D-025
S1-66401356	S3-270422090	remove	D-025
S1-664044966	S2-796133028	remove	D-025
S1-664181679	S3-36900284	remove	D-025
S1-66419103	S2-139768084	remove	D-025
S1-664464938	S3-362031680	remove	D-025
S1-66451525	S2-763831288	remove	D-025
S1-664712494	S3-696586055	remove	D-025
S1-665318527	S2-261822508	remove	D-025
S1-665459376	S3-14877433	remove	D-025
S1-665465847	S3-694334287	remove	D-025
S1-665530741	S3-391029806	remove	D-025
S1-665709566	S3-673441248	remove	D-025
S1-665779631	S2-502330959	remove	D-025
S1-666064463	S3-553810886	remove	D-025
S1-666253134	S3-43546122	remove	D-025
S1-666363854	S3-789042170	remove	D-025
S1-666580777	S3-436742753	remove	D-025
S1-666796955	S3-540011618	remove	D-025
S1-66721746	S2-107988778	remove	D-025
S1-667565756	S2-652904682	remove	D-025
S1-668246067	S2-878125321	remove	D-025
S1-668257742	S2-797260488	remove	D-025
S1-668538250	S3-906280652	remove	D-025
S1-668621732	S2-536860399	remove	D-025
S1-66890715	S3-581556376	remove	D-025
S1-668954048	S3-399693944	remove	D-025
S1-668986875	S2-937470610	remove	D-025
S1-669026718	S3-370906384	remove	D-025
S1-669026718	S3-698308827	remove	D-025
S1-669103935	S2-383584787	remove	D-025
S1-669128713	S2-368698373	remove	D-025
S1-669140506	S2-449767174	remove	D-025
S1-669154039	S2-428784041	remove	D-025
S1-669266791	S3-40271549	remove	D-025
S1-669571342	S3-510108229	remove	D-025
S1-669806508	S3-876328834	remove	D-025
S1-669867322	S3-404112054	remove	D-025
S1-670004695	S2-527048784	remove	D-025
S1-67005936	S2-759727002	remove	D-025
S1-670111812	S3-738076312	remove	D-025
S1-670182744	S2-19866319	remove	D-025
S1-670232519	S2-158945077	remove	D-025
S1-670364340	S3-43419038	remove	D-025
S1-670859391	S3-331764093	remove	D-025
S1-671131987	S3-704206232	remove	D-025
S1-671200867	S3-877193995	remove	D-025
S1-671322465	S2-929448239	remove	D-025
S1-672185293	S2-241468259	remove	D-025
S1-672256605	S2-492766882	remove	D-025
S1-672396149	S2-980899550	remove	D-025
S1-672405847	S3-633985922	remove	D-025
S1-672424011	S2-277824976	remove	D-025
S1-672674453	S3-160578080	remove	D-025
S1-672752412	S3-452721041	remove	D-025
S1-672872845	S2-217738661	remove	D-025
S1-672971894	S3-717300260	remove	D-025
S1-673031583	S2-978765285	remove	D-025
S1-673186246	S3-438483862	remove	D-025
S1-673327987	S3-794115591	remove	D-025
S1-673536626	S2-133097368	remove	D-025
S1-674248632	S3-101502026	remove	D-025
S1-674411281	S2-695934230	remove	D-025
S1-674613791	S3-835710266	remove	D-025
S1-674626239	S2-890908641	remove	D-025
S1-674753049	S3-755054012	remove	D-025
S1-674759873	S2-808455477	remove	D-025
S1-674784056	S2-48042849	remove	D-025
S1-675375373	S3-386427806	remove	D-025
S1-675781099	S3-196297317	remove	D-025
S1-676131420	S3-977964046	remove	D-025
S1-676489526	S2-12619394	remove	D-025
S1-676630157	S3-139687242	remove	D-025
S1-676695133	S2-988564717	remove	D-025
S1-676695133	S3-968925449	remove	D-025
S1-676765433	S3-800885170	remove	D-025
S1-677101132	S2-733593772	remove	D-025
S1-677335638	S2-455500487	remove	D-025
S1-677374820	S2-919618816	remove	D-025
S1-67760277	S3-667555220	remove	D-025
S1-677616524	S3-933861587	remove	D-025
S1-677648521	S3-995790629	remove	D-025
S1-677733409	S3-750402816	remove	D-025
S1-678467704	S2-201548376	remove	D-025
S1-678653692	S3-28780121	remove	D-025
S1-678708393	S3-136242680	remove	D-025
S1-678841977	S2-954882810	remove	D-025
S1-679011429	S2-819713816	remove	D-025
S1-679011429	S3-825202369	remove	D-025
S1-679205991	S3-369545266	remove	D-025
S1-679298111	S3-938320906	remove	D-025
S1-679476750	S2-739779304	remove	D-025
S1-679615165	S2-435797742	remove	D-025
S1-679824872	S2-838996448	remove	D-025
S1-679852736	S2-793730850	remove	D-025
S1-679950403	S3-742178437	remove	D-025
S1-6802882	S2-559536645	remove	D-025
S1-680596155	S3-158453549	remove	D-025
S1-680620934	S3-894794972	remove	D-025
S1-680987524	S3-208012105	remove	D-025
S1-680994444	S2-506762293	remove	D-025
S1-681040166	S3-210447872	remove	D-025
S1-681072230	S2-284580150	remove	D-025
S1-681245992	S2-426525922	remove	D-025
S1-681287559	S2-857868636	remove	D-025
S1-68128796	S2-185580036	remove	D-025
S1-681493569	S2-284746106	remove	D-025
S1-681658247	S3-211331758	remove	D-025
S1-682085441	S2-355862628	remove	D-025
S1-682181309	S2-455705220	remove	D-025
S1-682615249	S3-906808649	remove	D-025
S1-682805166	S3-831166280	remove	D-025
S1-682892956	S3-434278568	remove	D-025
S1-682978261	S3-817628379	remove	D-025
S1-682996503	S2-828409142	remove	D-025
S1-683166212	S2-353438082	remove	D-025
S1-683265971	S2-388130006	remove	D-025
S1-683323522	S3-971598869	remove	D-025
S1-683347987	S2-436397514	remove	D-025
S1-683438611	S2-761475817	remove	D-025
S1-683556372	S2-951583951	remove	D-025
S1-683879103	S2-832777321	remove	D-025
S1-684082369	S3-145198881	remove	D-025
S1-684217433	S2-171464496	remove	D-025
S1-684303390	S3-129282080	remove	D-025
S1-684354436	S2-409348128	remove	D-025
S1-684478161	S2-980116461	remove	D-025
S1-684484776	S3-919232260	remove	D-025
S1-684726314	S2-261538462	remove	D-025
S1-684809722	S3-751452236	remove	D-025
S1-684864	S3-595043	remove	D-025
S1-684932027	S3-583335059	remove	D-025
S1-685155903	S3-515249560	remove	D-025
S1-685260385	S3-985190831	remove	D-025
S1-685454946	S2-783801203	remove	D-025
S1-685515346	S2-507163097	remove	D-025
S1-685701138	S3-112773734	remove	D-025
S1-685855290	S3-737147075	remove	D-025
S1-686004441	S3-507399366	remove	D-025
S1-686188992	S2-559504039	remove	D-025
S1-687159303	S2-899472504	remove	D-025
S1-687234861	S2-129590225	remove	D-025
S1-687313897	S2-821791335	remove	D-025
S1-687352662	S2-47130007	remove	D-025
S1-687626805	S3-937843008	remove	D-025
S1-687892437	S2-497015625	remove	D-025
S1-688012820	S3-510639237	remove	D-025
S1-688046111	S3-417179229	remove	D-025
S1-688189167	S2-768022643	remove	D-025
S1-688204783	S3-268847655	remove	D-025
S1-688460904	S3-759198729	remove	D-025
S1-688589696	S3-776234175	remove	D-025
S1-6885953	S3-607070999	remove	D-025
S1-688888484	S3-487515259	remove	D-025
S1-688897634	S2-99996167	remove	D-025
S1-689067032	S3-418257923	remove	D-025
S1-689088862	S3-759301650	remove	D-025
S1-689484814	S3-802733611	remove	D-025
S1-689676305	S3-805280991	remove	D-025
S1-689986573	S2-850477972	remove	D-025
S1-690015856	S2-131359879	remove	D-025
S1-690060633	S2-488871574	remove	D-025
S1-690161184	S2-442027432	remove	D-025
S1-690216646	S2-95919220	remove	D-025
S1-69035661	S3-79875656	remove	D-025
S1-690609870	S2-984953394	remove	D-025
S1-690670295	S2-796148830	remove	D-025
S1-690703578	S3-396725357	remove	D-025
S1-691151764	S2-791648279	remove	D-025
S1-691321013	S2-5374913	remove	D-025
S1-691321013	S2-5710075	remove	D-025
S1-691368086	S3-69804264	remove	D-025
S1-691439749	S3-486413389	remove	D-025
S1-69146091	S2-831004628	remove	D-025
S1-691503402	S2-683965672	remove	D-025
S1-691591895	S2-553127320	remove	D-025
S1-691733994	S3-859766445	remove	D-025
S1-692046652	S3-995893889	remove	D-025
S1-69217859	S2-200250932	remove	D-025
S1-692198481	S2-426274600	remove	D-025
S1-692222284	S2-772595571	remove	D-025
S1-692248568	S2-713490071	remove	D-025
S1-692505509	S2-877494688	remove	D-025
S1-692523671	S2-872167684	remove	D-025
S1-692569485	S3-66211374	remove	D-025
S1-692886394	S3-831069261	remove	D-025
S1-692914553	S3-898182746	remove	D-025
S1-692965994	S2-315071596	remove	D-025
S1-69305322	S2-819450871	remove	D-025
S1-693133083	S3-766972625	remove	D-025
S1-693473688	S2-122133534	remove	D-025
S1-693565405	S3-686835653	remove	D-025
S1-693607726	S3-925142948	remove	D-025
S1-693802176	S3-284354830	remove	D-025
S1-69381807	S2-263329982	remove	D-025
S1-693949342	S2-728761342	remove	D-025
S1-694071783	S3-249267075	remove	D-025
S1-694147910	S3-883358612	remove	D-025
S1-694206506	S3-734789247	remove	D-025
S1-694295751	S3-55105473	remove	D-025
S1-694503593	S3-853294320	remove	D-025
S1-694905613	S3-668947557	remove	D-025
S1-694947494	S3-55482392	remove	D-025
S1-694964530	S2-352899245	remove	D-025
S1-695001279	S3-167105739	remove	D-025
S1-695029066	S2-106582839	remove	D-025
S1-695127494	S2-411049964	remove	D-025
S1-695297470	S3-124226826	remove	D-025
S1-695300772	S3-728138204	remove	D-025
S1-695318580	S3-127415443	remove	D-025
S1-695559035	S3-651573745	remove	D-025
S1-69607766	S3-261151176	remove	D-025
S1-696456046	S2-260193909	remove	D-025
S1-696564351	S2-469317292	remove	D-025
S1-696605488	S2-842956402	remove	D-025
S1-69668481	S2-153525186	remove	D-025
S1-696727229	S2-299848729	remove	D-025
S1-696794958	S2-834394211	remove	D-025
S1-696864608	S2-999423252	remove	D-025
S1-69706519	S3-3651067	remove	D-025
S1-697300280	S3-750919821	remove	D-025
S1-697702080	S3-688957241	remove	D-025
S1-697705588	S3-420887467	remove	D-025
S1-698082176	S3-76549637	remove	D-025
S1-69825542	S3-508660210	remove	D-025
S1-698405523	S3-782817883	remove	D-025
S1-698439436	S3-233840372	remove	D-025
S1-698716700	S3-408534674	remove	D-025
S1-699164009	S3-910512673	remove	D-025
S1-699282933	S3-100563141	remove	D-025
S1-699393836	S3-184450787	remove	D-025
S1-699539084	S2-861018511	remove	D-025
S1-699594224	S3-315809367	remove	D-025
S1-699649295	S3-421821477	remove	D-025
S1-699652551	S3-607808308	remove	D-025
S1-700190591	S3-388641771	remove	D-025
S1-700304948	S3-789206970	remove	D-025
S1-700339973	S3-265515462	remove	D-025
S1-700394918	S3-250658409	remove	D-025
S1-700868609	S2-189664311	remove	D-025
S1-701022818	S3-437079889	remove	D-025
S1-701250094	S2-512116927	remove	D-025
S1-70135583	S2-271117540	remove	D-025
S1-701434073	S3-95597424	remove	D-025
S1-701712328	S2-627188846	remove	D-025
S1-701995816	S3-206548176	remove	D-025
S1-702188744	S3-607639870	remove	D-025
S1-702193730	S2-54064752	remove	D-025
S1-702278857	S2-161548993	remove	D-025
S1-702297179	S2-81872592	remove	D-025
S1-70239214	S3-15059328	remove	D-025
S1-702789798	S2-875902069	remove	D-025
S1-703258133	S3-929673680	remove	D-025
S1-703508274	S2-142080980	remove	D-025
S1-703537540	S3-941522400	remove	D-025
S1-703573094	S3-431670255	remove	D-025
S1-703744977	S2-396659388	remove	D-025
S1-703916467	S3-407440342	remove	D-025
S1-703935294	S2-6306130	remove	D-025
S1-703992473	S3-821824546	remove	D-025
S1-704113110	S2-351499773	remove	D-025
S1-704471276	S2-264375202	remove	D-025
S1-704491271	S3-878880148	remove	D-025
S1-704919318	S3-542002998	remove	D-025
S1-705159118	S3-449749745	remove	D-025
S1-705483607	S2-954280192	remove	D-025
S1-705595947	S3-271206857	remove	D-025
S1-705609386	S3-686076501	remove	D-025
S1-705637558	S2-397035367	remove	D-025
S1-705722700	S2-858136907	remove	D-025
S1-706089957	S2-459254187	remove	D-025
S1-706285097	S3-984063680	remove	D-025
S1-706346124	S3-337954619	remove	D-025
S1-706347953	S3-295478798	remove	D-025
S1-706353851	S3-429341677	remove	D-025
S1-706419306	S3-659112606	remove	D-025
S1-706423436	S2-797418557	remove	D-025
S1-706732760	S3-971598430	remove	D-025
S1-706854557	S3-739033846	remove	D-025
S1-707070235	S3-603804709	remove	D-025
S1-70727287	S3-518899445	remove	D-025
S1-707308498	S3-470137302	remove	D-025
S1-707331649	S2-796233518	remove	D-025
S1-707783741	S3-150959494	remove	D-025
S1-707798545	S2-104142436	remove	D-025
S1-708012662	S3-253788193	remove	D-025
S1-708134602	S3-273314313	remove	D-025
S1-708556137	S3-727285958	remove	D-025
S1-708632804	S3-845286858	remove	D-025
S1-708909913	S2-149326390	remove	D-025
S1-709618460	S2-788121043	remove	D-025
S1-70965222	S3-24559376	remove	D-025
S1-709820845	S3-66672588	remove	D-025
S1-71000930	S2-650447939	remove	D-025
S1-710346644	S2-867520399	remove	D-025
S1-710464761	S2-519606230	remove	D-025
S1-710499378	S2-973052379	remove	D-025
S1-710611695	S3-495572501	remove	D-025
S1-710637958	S3-43076620	remove	D-025
S1-710656152	S3-407460644	remove	D-025
S1-710892226	S3-522302817	remove	D-025
S1-710947191	S3-983382761	remove	D-025
S1-711440123	S3-464107781	remove	D-025
S1-71173870	S3-995220099	remove	D-025
S1-711869629	S3-309080807	remove	D-025
S1-711891935	S3-82260862	remove	D-025
S1-71214237	S3-642183271	remove	D-025
S1-712299625	S2-152600728	remove	D-025
S1-712377625	S2-164323718	remove	D-025
S1-712643590	S2-167221248	remove	D-025
S1-71304497	S3-54489015	remove	D-025
S1-713165923	S3-36794146	remove	D-025
S1-713172008	S3-847570469	remove	D-025
S1-713432581	S2-199659374	remove	D-025
S1-713566962	S3-406276532	remove	D-025
S1-71373807	S2-622062282	remove	D-025
S1-714168959	S2-855032575	remove	D-025
S1-714187461	S3-525609209	remove	D-025
S1-714316032	S3-189442627	remove	D-025
S1-714337355	S3-782118253	remove	D-025
S1-714454518	S2-701326778	remove	D-025
S1-714631984	S3-791661347	remove	D-025
S1-715127751	S2-612880350	remove	D-025
S1-715216518	S3-750397488	remove	D-025
S1-715315848	S3-433636990	remove	D-025
S1-715580671	S3-984485315	remove	D-025
S1-715918491	S2-575576396	remove	D-025
S1-716109304	S3-700435508	remove	D-025
S1-71614734	S3-350035717	remove	D-025
S1-716170768	S3-247049629	remove	D-025
S1-716193560	S2-314406769	remove	D-025
S1-716577201	S3-307735480	remove	D-025
S1-716583515	S2-740068592	remove	D-025
S1-716801763	S3-979004181	remove	D-025
S1-716842328	S2-196485584	remove	D-025
S1-717017893	S3-197160370	remove	D-025
S1-717584290	S3-867321970	remove	D-025
S1-717966653	S3-611880381	remove	D-025
S1-718023644	S3-243270539	remove	D-025
S1-718293923	S3-767877622	remove	D-025
S1-718478046	S2-519403814	remove	D-025
S1-718607316	S2-640496596	remove	D-025
S1-718932595	S2-748059325	remove	D-025
S1-719035402	S2-612156638	remove	D-025
S1-719303178	S2-54096172	remove	D-025
S1-719303178	S2-914479056	remove	D-025
S1-71931484	S3-304906869	remove	D-025
S1-719383640	S3-472278631	remove	D-025
S1-719584611	S3-758928313	remove	D-025
S1-719613286	S3-524061937	remove	D-025
S1-719646616	S2-245718095	remove	D-025
S1-720216777	S3-361006909	remove	D-025
S1-720272784	S2-370890486	remove	D-025
S1-720303094	S2-19241563	remove	D-025
S1-720712661	S3-139279457	remove	D-025
S1-720934758	S2-276173268	remove	D-025
S1-720942756	S2-370638327	remove	D-025
S1-721038029	S3-176201454	remove	D-025
S1-721192018	S2-843704650	remove	D-025
S1-721272720	S3-511971454	remove	D-025
S1-721344650	S3-462666472	remove	D-025
S1-721464722	S2-970630127	remove	D-025
S1-721743065	S2-802463848	remove	D-025
S1-721995112	S3-603713867	remove	D-025
S1-722004548	S2-779553117	remove	D-025
S1-722451107	S2-473844757	remove	D-025
S1-722477949	S3-94045624	remove	D-025
S1-722714380	S2-101423648	remove	D-025
S1-722847774	S2-990796854	remove	D-025
S1-722854658	S2-571504970	remove	D-025
S1-722956018	S2-492431674	remove	D-025
S1-722956018	S3-75403697	remove	D-025
S1-723175417	S2-714923079	remove	D-025
S1-723298721	S3-275314192	remove	D-025
S1-723475842	S2-157229759	remove	D-025
S1-723615529	S2-798418906	remove	D-025
S1-72441767	S2-98901268	remove	D-025
S1-724428812	S3-519097961	remove	D-025
S1-724774835	S3-311694828	remove	D-025
S1-72478316	S2-544760359	remove	D-025
S1-724927662	S2-297505977	remove	D-025
S1-724968678	S3-767375867	remove	D-025
S1-724968895	S3-43548097	remove	D-025
S1-725075806	S3-293606376	remove	D-025
S1-7251786	S3-172620682	remove	D-025
S1-725246444	S3-815135641	remove	D-025
S1-725505156	S3-763645417	remove	D-025
S1-725580140	S2-850087787	remove	D-025
S1-725677682	S3-690007236	remove	D-025
S1-725729556	S2-596494297	remove	D-025
S1-725879288	S3-104721710	remove	D-025
S1-72609327	S3-508987129	remove	D-025
S1-726439826	S3-458129357	remove	D-025
S1-726616815	S2-690463969	remove	D-025
S1-726769370	S3-172440530	remove	D-025
S1-727216649	S2-670194793	remove	D-025
S1-727244945	S3-40969855	remove	D-025
S1-727430662	S2-20620331	remove	D-025
S1-727722947	S3-137727903	remove	D-025
S1-727746224	S3-497908358	remove	D-025
S1-727746224	S3-651960691	remove	D-025
S1-72785480	S3-628230337	remove	D-025
S1-72804714	S3-527060263	remove	D-025
S1-728105930	S3-100264482	remove	D-025
S1-728228756	S2-499116698	remove	D-025
S1-728281743	S2-510113235	remove	D-025
S1-728378028	S3-205620480	remove	D-025
S1-728952318	S2-718372420	remove	D-025
S1-729115400	S3-193090080	remove	D-025
S1-729182366	S3-515304891	remove	D-025
S1-729254487	S3-778313650	remove	D-025
S1-729510256	S3-927388900	remove	D-025
S1-729739706	S3-424793494	remove	D-025
S1-729747701	S2-643564274	remove	D-025
S1-729909544	S3-163135555	remove	D-025
S1-729952306	S3-271301728	remove	D-025
S1-730472337	S3-880352637	remove	D-025
S1-730712530	S3-146635705	remove	D-025
S1-730999110	S3-562512338	remove	D-025
S1-73108306	S2-448850204	remove	D-025
S1-73133001	S2-730849302	remove	D-025
S1-731350417	S3-104266088	remove	D-025
S1-731703923	S2-241445078	remove	D-025
S1-731807771	S2-285956785	remove	D-025
S1-731980480	S2-501962082	remove	D-025
S1-732145283	S2-899724668	remove	D-025
S1-732564295	S3-468471665	remove	D-025
S1-732594080	S3-837976472	remove	D-025
S1-732807739	S3-764326901	remove	D-025
S1-733091197	S3-692459514	remove	D-025
S1-733260606	S2-890249650	remove	D-025
S1-733316213	S3-60964693	remove	D-025
S1-733350896	S3-736790615	remove	D-025
S1-733448036	S2-297731659	remove	D-025
S1-733496466	S2-400005669	remove	D-025
S1-7335983	S2-902588585	remove	D-025
S1-733715127	S3-67484665	remove	D-025
S1-733789080	S2-583847373	remove	D-025
S1-73387793	S2-690130860	remove	D-025
S1-73397219	S3-928934063	remove	D-025
S1-734127182	S2-61955545	remove	D-025
S1-734299563	S3-487136581	remove	D-025
S1-73443526	S2-686935416	remove	D-025
S1-734788722	S3-150074733	remove	D-025
S1-734864965	S2-982340620	remove	D-025
S1-734931823	S2-690610350	remove	D-025
S1-735133035	S2-815131678	remove	D-025
S1-735154903	S2-402910902	remove	D-025
S1-735154903	S2-498337856	remove	D-025
S1-735247563	S3-224426524	remove	D-025
S1-735298139	S2-236256174	remove	D-025
S1-735379286	S2-580161626	remove	D-025
S1-735400494	S3-233750480	remove	D-025
S1-735449231	S2-176712634	remove	D-025
S1-735504078	S2-869833497	remove	D-025
S1-735825556	S3-173168433	remove	D-025
S1-73593443	S3-329422376	remove	D-025
S1-73593443	S3-860883140	remove	D-025
S1-735941671	S2-246551709	remove	D-025
S1-736341239	S3-896747245	remove	D-025
S1-736602321	S3-903192943	remove	D-025
S1-7369098	S2-617907604	remove	D-025
S1-737536183	S2-518618272	remove	D-025
S1-737753926	S3-94384648	remove	D-025
S1-737941523	S3-965180046	remove	D-025
S1-73835709	S3-489565109	remove	D-025
S1-738359011	S2-535978347	remove	D-025
S1-738448835	S3-894715052	remove	D-025
S1-738685255	S3-879571428	remove	D-025
S1-739039800	S3-203554874	remove	D-025
S1-739096115	S2-950002994	remove	D-025
S1-739098020	S2-221851699	remove	D-025
S1-73939254	S3-472903438	remove	D-025
S1-739439410	S3-43820921	remove	D-025
S1-739550308	S3-877795755	remove	D-025
S1-739724841	S3-973441581	remove	D-025
S1-739812300	S3-560009613	remove	D-025
S1-739952698	S2-608145363	remove	D-025
S1-740124255	S3-679412738	remove	D-025
S1-740998308	S2-486887994	remove	D-025
S1-740999791	S2-397100643	remove	D-025
S1-741085791	S3-816135539	remove	D-025
S1-741723332	S3-866679211	remove	D-025
S1-7417757	S3-139865750	remove	D-025
S1-74182983	S2-297389154	remove	D-025
S1-74186211	S2-414948216	remove	D-025
S1-741987992	S3-481718462	remove	D-025
S1-742437505	S3-56215292	remove	D-025
S1-742687010	S2-496923289	remove	D-025
S1-743176631	S2-237875382	remove	D-025
S1-743387654	S2-141096582	remove	D-025
S1-74346481	S2-105134595	remove	D-025
S1-743678221	S3-852797742	remove	D-025
S1-743772652	S2-874834521	remove	D-025
S1-743912226	S2-292822432	remove	D-025
S1-744325800	S3-724696917	remove	D-025
S1-744443945	S2-475524845	remove	D-025
S1-744589691	S2-92235150	remove	D-025
S1-744626055	S2-349475998	remove	D-025
S1-744651212	S3-943810152	remove	D-025
S1-744951885	S2-479811102	remove	D-025
S1-745201869	S3-610293861	remove	D-025
S1-745490425	S3-816939812	remove	D-025
S1-745743578	S2-182382925	remove	D-025
S1-745804795	S2-849769418	remove	D-025
S1-745852233	S2-954840386	remove	D-025
S1-745903946	S3-445648567	remove	D-025
S1-745928201	S3-296449648	remove	D-025
S1-746025494	S2-850064081	remove	D-025
S1-746045860	S3-569196211	remove	D-025
S1-746199928	S2-316363263	remove	D-025
S1-746749845	S2-861107632	remove	D-025
S1-746824485	S3-311572710	remove	D-025
S1-746857023	S3-851515947	remove	D-025
S1-746869601	S2-741657732	remove	D-025
S1-746874375	S3-812820561	remove	D-025
S1-746912332	S3-191230804	remove	D-025
S1-746955189	S2-897991334	remove	D-025
S1-747167532	S3-491338587	remove	D-025
S1-747167532	S3-77328583	remove	D-025
S1-747251344	S2-808319133	remove	D-025
S1-74762364	S2-647861575	remove	D-025
S1-747748787	S2-673156086	remove	D-025
S1-747770972	S3-230819167	remove	D-025
S1-747822526	S3-449584807	remove	D-025
S1-747880103	S3-577940950	remove	D-025
S1-748313212	S2-112993848	remove	D-025
S1-748313212	S3-407907376	remove	D-025
S1-748436006	S3-148312094	remove	D-025
S1-748532780	S3-229251297	remove	D-025
S1-748564006	S3-33787066	remove	D-025
S1-748693809	S2-368405805	remove	D-025
S1-748708240	S2-120008142	remove	D-025
S1-748800551	S3-303840782	remove	D-025
S1-748967796	S3-938081711	remove	D-025
S1-749160473	S3-489907672	remove	D-025
S1-749217260	S2-986073294	remove	D-025
S1-749223173	S2-435340447	remove	D-025
S1-749242763	S3-805102175	remove	D-025
S1-749257483	S3-42718121	remove	D-025
S1-74944761	S2-483614143	remove	D-025
S1-74975696	S3-700816817	remove	D-025
S1-750278753	S3-289665735	remove	D-025
S1-750830713	S3-164642557	remove	D-025
S1-750998267	S2-481036051	remove	D-025
S1-751049370	S2-344161741	remove	D-025
S1-751122562	S3-582670133	remove	D-025
S1-751167906	S2-135181435	remove	D-025
S1-751214045	S3-80091697	remove	D-025
S1-751299721	S3-557830350	remove	D-025
S1-751426044	S3-184291094	remove	D-025
S1-751473996	S3-69031455	remove	D-025
S1-751520372	S2-371800007	remove	D-025
S1-751666793	S3-778010756	remove	D-025
S1-751991840	S3-489740486	remove	D-025
S1-752065882	S3-887552433	remove	D-025
S1-752296915	S2-846316707	remove	D-025
S1-75241687	S2-406799908	remove	D-025
S1-752498113	S3-187885255	remove	D-025
S1-752783032	S3-208385887	remove	D-025
S1-752875458	S2-343673334	remove	D-025
S1-752902537	S2-609817810	remove	D-025
S1-752909828	S3-246075497	remove	D-025
S1-753290490	S3-750943922	remove	D-025
S1-75329588	S3-576355962	remove	D-025
S1-753609021	S2-219564483	remove	D-025
S1-753615093	S3-179535586	remove	D-025
S1-754084288	S2-642977986	remove	D-025
S1-754084288	S3-721555693	remove	D-025
S1-75414578	S3-907999083	remove	D-025
S1-754189773	S3-534039578	remove	D-025
S1-75429038	S2-219097536	remove	D-025
S1-755021450	S2-592492980	remove	D-025
S1-755177111	S3-573285134	remove	D-025
S1-755208479	S3-334315383	remove	D-025
S1-755296886	S2-312125524	remove	D-025
S1-755359659	S3-686231718	remove	D-025
S1-75543495	S2-895365623	remove	D-025
S1-755566982	S2-961365625	remove	D-025
S1-755578595	S2-412091566	remove	D-025
S1-75564570	S2-126212742	remove	D-025
S1-7557172	S3-64207327	remove	D-025
S1-75594696	S3-9078976	remove	D-025
S1-755989533	S2-24472730	remove	D-025
S1-756065888	S3-62960989	remove	D-025
S1-756227041	S2-991703777	remove	D-025
S1-756240100	S3-127829761	remove	D-025
S1-756407965	S3-194635341	remove	D-025
S1-756501432	S2-353168016	remove	D-025
S1-756719324	S2-465399810	remove	D-025
S1-756719324	S3-870289256	remove	D-025
S1-756859907	S3-350579478	remove	D-025
S1-756936230	S3-698970840	remove	D-025
S1-757005085	S2-825023053	remove	D-025
S1-757220911	S3-574881315	remove	D-025
S1-757352041	S3-965513400	remove	D-025
S1-757904060	S2-736975150	remove	D-025
S1-757956214	S3-645906546	remove	D-025
S1-758122572	S3-62501271	remove	D-025
S1-758229149	S3-16925688	remove	D-025
S1-758387978	S2-832359634	remove	D-025
S1-758777301	S3-254641730	remove	D-025
S1-759024873	S2-896271450	remove	D-025
S1-759024873	S3-257531614	remove	D-025
S1-759293620	S2-809532889	remove	D-025
S1-759294324	S3-993717229	remove	D-025
S1-759541819	S2-691444684	remove	D-025
S1-75954323	S3-639007331	remove	D-025
S1-760005934	S2-229696916	remove	D-025
S1-760008957	S2-261884479	remove	D-025
S1-760801450	S2-424713873	remove	D-025
S1-760825504	S2-906085929	remove	D-025
S1-761119051	S3-509991204	remove	D-025
S1-761221521	S2-115009349	remove	D-025
S1-761643913	S3-723675980	remove	D-025
S1-761926709	S3-455438993	remove	D-025
S1-761946705	S3-545532243	remove	D-025
S1-762034514	S3-173092274	remove	D-025
S1-762034870	S3-230824388	remove	D-025
S1-762294803	S3-18459299	remove	D-025
S1-762311847	S3-436917494	remove	D-025
S1-762375289	S2-554337476	remove	D-025
S1-762799382	S2-530642608	remove	D-025
S1-763069170	S3-693368808	remove	D-025
S1-763121621	S3-654677742	remove	D-025
S1-763136901	S3-820396200	remove	D-025
S1-763205838	S2-382910805	remove	D-025
S1-763557679	S3-633867666	remove	D-025
S1-763724325	S2-365591847	remove	D-025
S1-764510155	S2-374816371	remove	D-025
S1-764553492	S2-263333054	remove	D-025
S1-764777038	S3-668937953	remove	D-025
S1-764784889	S3-52294745	remove	D-025
S1-765215954	S2-332255482	remove	D-025
S1-765446965	S3-698510549	remove	D-025
S1-765525812	S2-83677699	remove	D-025
S1-765587326	S2-592712983	remove	D-025
S1-765611287	S2-878199369	remove	D-025
S1-765743397	S3-172426156	remove	D-025
S1-765750396	S3-570581551	remove	D-025
S1-765852842	S3-410980130	remove	D-025
S1-765937010	S2-978926539	remove	D-025
S1-766716222	S2-250473244	remove	D-025
S1-766915843	S3-451174556	remove	D-025
S1-767053100	S3-663949879	remove	D-025
S1-767143680	S3-329758864	remove	D-025
S1-767159339	S2-719428810	remove	D-025
S1-767636139	S2-199237666	remove	D-025
S1-767636139	S2-219331528	remove	D-025
S1-76764813	S3-811686359	remove	D-025
S1-76779605	S3-87608302	remove	D-025
S1-767912639	S2-920636166	remove	D-025
S1-767953785	S2-269347370	remove	D-025
S1-768045513	S3-5604012	remove	D-025
S1-76822716	S2-366427777	remove	D-025
S1-768265643	S3-484313527	remove	D-025
S1-76882361	S2-921043188	remove	D-025
S1-768955522	S2-780470974	remove	D-025
S1-769008209	S3-217486983	remove	D-025
S1-76910546	S3-472852078	remove	D-025
S1-769133591	S2-352164867	remove	D-025
S1-7693062	S2-982717941	remove	D-025
S1-769364744	S3-877387885	remove	D-025
S1-769490469	S3-306575900	remove	D-025
S1-769624351	S3-775255252	remove	D-025
S1-769674649	S2-500245473	remove	D-025
S1-769679603	S3-476112220	remove	D-025
S1-769720410	S3-901635248	remove	D-025
S1-769740389	S3-568731400	remove	D-025
S1-769773193	S3-884485808	remove	D-025
S1-769863396	S3-835884385	remove	D-025
S1-77002049	S3-52944637	remove	D-025
S1-77011150	S3-553748479	remove	D-025
S1-770245093	S2-596806262	remove	D-025
S1-770533817	S3-919961139	remove	D-025
S1-770731325	S3-821319140	remove	D-025
S1-770733036	S3-326015775	remove	D-025
S1-770753794	S2-16862174	remove	D-025
S1-770806334	S3-685432682	remove	D-025
S1-77086726	S3-640730361	remove	D-025
S1-771240219	S2-809471501	remove	D-025
S1-771254630	S3-791894343	remove	D-025
S1-771744721	S3-775495802	remove	D-025
S1-771817539	S2-258854864	remove	D-025
S1-771871616	S3-411620045	remove	D-025
S1-771993918	S3-892446738	remove	D-025
S1-772028508	S2-654992052	remove	D-025
S1-772152709	S3-405813188	remove	D-025
S1-77224524	S3-607060287	remove	D-025
S1-772374004	S2-668787001	remove	D-025
S1-772463065	S2-494145812	remove	D-025
S1-772561297	S3-312460203	remove	D-025
S1-772602898	S2-987185723	remove	D-025
S1-772665603	S3-572671036	remove	D-025
S1-772896569	S2-768024358	remove	D-025
S1-772911967	S2-978376231	remove	D-025
S1-773016138	S2-846139146	remove	D-025
S1-773086869	S2-400246545	remove	D-025
S1-773119592	S3-67716412	remove	D-025
S1-773209892	S2-553070522	remove	D-025
S1-773222694	S2-416653902	remove	D-025
S1-773280861	S3-887779211	remove	D-025
S1-773599858	S3-910090201	remove	D-025
S1-773615782	S3-652708205	remove	D-025
S1-773653517	S2-75892463	remove	D-025
S1-773906491	S2-387784061	remove	D-025
S1-773915423	S3-680091902	remove	D-025
S1-773945814	S2-499233038	remove	D-025
S1-774005410	S3-191365434	remove	D-025
S1-774108184	S2-28020204	remove	D-025
S1-77457598	S3-781681399	remove	D-025
S1-774928253	S3-493746608	remove	D-025
S1-774973739	S3-295941631	remove	D-025
S1-775173364	S2-59426443	remove	D-025
S1-775272460	S2-499464716	remove	D-025
S1-775419882	S3-834399178	remove	D-025
S1-775835636	S2-851419088	remove	D-025
S1-775999354	S3-434436304	remove	D-025
S1-776029687	S3-361942904	remove	D-025
S1-776755413	S2-260082390	remove	D-025
S1-777805707	S2-296108666	remove	D-025
S1-777999422	S3-810373613	remove	D-025
S1-778048451	S3-633141133	remove	D-025
S1-778136404	S2-503403751	remove	D-025
S1-778207265	S2-268068880	remove	D-025
S1-778405265	S2-860611971	remove	D-025
S1-778510383	S3-958929394	remove	D-025
S1-778923901	S2-440410588	remove	D-025
S1-779111091	S3-408363429	remove	D-025
S1-779703887	S3-881757902	remove	D-025
S1-779919267	S2-267842676	remove	D-025
S1-780215859	S2-588394008	remove	D-025
S1-780447971	S3-865145091	remove	D-025
S1-780823286	S3-138252688	remove	D-025
S1-780917457	S2-517381829	remove	D-025
S1-781146990	S2-215044069	remove	D-025
S1-781238613	S3-263311402	remove	D-025
S1-781248571	S2-92625789	remove	D-025
S1-781371448	S3-736032477	remove	D-025
S1-781447053	S3-374773603	remove	D-025
S1-781670321	S2-546742996	remove	D-025
S1-781789051	S2-981837010	remove	D-025
S1-781865622	S2-355518031	remove	D-025
S1-782053212	S2-483955448	remove	D-025
S1-782199673	S2-378279129	remove	D-025
S1-782296673	S2-527978776	remove	D-025
S1-782367072	S2-919085877	remove	D-025
S1-782398985	S3-30646662	remove	D-025
S1-78245227	S3-234764881	remove	D-025
S1-782668360	S2-268419445	remove	D-025
S1-782700871	S2-417521814	remove	D-025
S1-782773966	S2-129988264	remove	D-025
S1-782785260	S3-674171663	remove	D-025
S1-782926327	S3-706843446	remove	D-025
S1-783032759	S3-215813291	remove	D-025
S1-783072450	S2-785491892	remove	D-025
S1-783161218	S3-249114770	remove	D-025
S1-783415004	S3-122539576	remove	D-025
S1-783597097	S2-523196347	remove	D-025
S1-783731177	S3-345399343	remove	D-025
S1-783776134	S3-24884074	remove	D-025
S1-784001167	S3-553549837	remove	D-025
S1-784018975	S2-804372961	remove	D-025
S1-784028400	S3-380712857	remove	D-025
S1-784123621	S2-423578547	remove	D-025
S1-784439419	S3-331397943	remove	D-025
S1-784596560	S3-174784681	remove	D-025
S1-785040596	S3-385675291	remove	D-025
S1-785250579	S2-322530152	remove	D-025
S1-785258525	S2-397575953	remove	D-025
S1-785324236	S3-941575909	remove	D-025
S1-785510785	S2-880484613	remove	D-025
S1-785845655	S3-431724780	remove	D-025
S1-785900220	S2-566031957	remove	D-025
S1-786226018	S2-445815495	remove	D-025
S1-786283303	S2-16595188	remove	D-025
S1-786923727	S2-599302262	remove	D-025
S1-787377236	S3-957098047	remove	D-025
S1-787410047	S2-104416856	remove	D-025
S1-787538863	S3-710163457	remove	D-025
S1-787566465	S2-726603740	remove	D-025
S1-787872734	S2-510076529	remove	D-025
S1-78805727	S3-805942947	remove	D-025
S1-788150090	S3-48319735	remove	D-025
S1-788255162	S3-240385176	remove	D-025
S1-788393008	S3-479454803	remove	D-025
S1-788542379	S2-72117862	remove	D-025
S1-78860867	S3-113474152	remove	D-025
S1-788617176	S2-643784681	remove	D-025
S1-788639886	S2-202058904	remove	D-025
S1-788658601	S3-222400915	remove	D-025
S1-788970852	S2-800566149	remove	D-025
S1-789441401	S3-977558318	remove	D-025
S1-789738764	S3-394362488	remove	D-025
S1-789970253	S2-10063347	remove	D-025
S1-790005240	S3-91368872	remove	D-025
S1-790318550	S3-382096293	remove	D-025
S1-790453465	S2-8075082	remove	D-025
S1-790678002	S3-354147936	remove	D-025
S1-79106547	S3-841744296	remove	D-025
S1-791168711	S3-211594277	remove	D-025
S1-791503965	S2-276024471	remove	D-025
S1-791700495	S2-635589548	remove	D-025
S1-791753298	S2-932342959	remove	D-025
S1-792413115	S3-56852856	remove	D-025
S1-792644178	S3-778054844	remove	D-025
S1-792686777	S2-21966834	remove	D-025
S1-792701462	S3-436236356	remove	D-025
S1-792880484	S2-73113702	remove	D-025
S1-792896932	S2-956946205	remove	D-025
S1-793407742	S2-876237505	remove	D-025
S1-793572463	S3-489032319	remove	D-025
S1-79365298	S2-778023287	remove	D-025
S1-794851591	S2-303384554	remove	D-025
S1-795193099	S2-40668692	remove	D-025
S1-795320213	S3-727904176	remove	D-025
S1-795614321	S3-186246698	remove	D-025
S1-795757487	S2-500719667	remove	D-025
S1-795835722	S2-432904882	remove	D-025
S1-795846154	S3-589165350	remove	D-025
S1-796544318	S3-840133558	remove	D-025
S1-79676878	S3-432643785	remove	D-025
S1-796874556	S2-375102363	remove	D-025
S1-797032483	S3-128076208	remove	D-025
S1-797194021	S2-818910316	remove	D-025
S1-797213937	S3-966308133	remove	D-025
S1-797591160	S3-904959694	remove	D-025
S1-797602363	S2-983331684	remove	D-025
S1-797980045	S3-583821083	remove	D-025
S1-797981333	S2-485469818	remove	D-025
S1-798178260	S2-520082855	remove	D-025
S1-798299793	S3-765046761	remove	D-025
S1-798503432	S2-815823906	remove	D-025
S1-798715757	S3-768911076	remove	D-025
S1-799018146	S3-550489110	remove	D-025
S1-799019422	S3-341127986	remove	D-025
S1-799305204	S2-568643794	remove	D-025
S1-799338907	S3-167476346	remove	D-025
S1-799653028	S3-504521475	remove	D-025
S1-799842367	S3-750111898	remove	D-025
S1-799978973	S2-610287100	remove	D-025
S1-799993945	S3-473347132	remove	D-025
S1-800264001	S2-339220922	remove	D-025
S1-800349880	S2-643056747	remove	D-025
S1-800566339	S3-925167523	remove	D-025
S1-800594350	S2-585296627	remove	D-025
S1-80072086	S2-515946295	remove	D-025
S1-801164258	S3-691737801	remove	D-025
S1-80121864	S3-916619448	remove	D-025
S1-801253120	S2-866888640	remove	D-025
S1-801305446	S2-578106497	remove	D-025
S1-801394317	S2-233522455	remove	D-025
S1-801450307	S3-977657900	remove	D-025
S1-801487663	S2-16733831	remove	D-025
S1-801487663	S2-37093042	remove	D-025
S1-801605899	S2-937079623	remove	D-025
S1-801699809	S2-213263267	remove	D-025
S1-801734297	S2-237105140	remove	D-025
S1-801995879	S3-17164161	remove	D-025
S1-80207909	S3-440066769	remove	D-025
S1-802174367	S2-216350600	remove	D-025
S1-802326473	S2-924120181	remove	D-025
S1-802427677	S3-45931994	remove	D-025
S1-802615733	S2-680051263	remove	D-025
S1-802665831	S3-606786913	remove	D-025
S1-802702435	S3-593634944	remove	D-025
S1-802964721	S3-914915351	remove	D-025
S1-802975963	S2-812254527	remove	D-025
S1-803090662	S2-178077514	remove	D-025
S1-803090662	S2-898933428	remove	D-025
S1-803090662	S3-208664949	remove	D-025
S1-803121483	S2-483282499	remove	D-025
S1-803193221	S2-323776986	remove	D-025
S1-803209425	S3-659490341	remove	D-025
S1-803209425	S3-787824140	remove	D-025
S1-803457173	S3-245480284	remove	D-025
S1-803466758	S2-50023102	remove	D-025
S1-80358054	S2-78734242	remove	D-025
S1-803649090	S3-71848110	remove	D-025
S1-803879246	S2-945002974	remove	D-025
S1-803948136	S2-9357709	remove	D-025
S1-804243379	S3-876720280	remove	D-025
S1-804330130	S3-858719599	remove	D-025
S1-8043886	S3-690816231	remove	D-025
S1-804544444	S2-170181994	remove	D-025
S1-804601120	S3-752844331	remove	D-025
S1-804828422	S3-992393664	remove	D-025
S1-804845893	S2-2484675	remove	D-025
S1-80492000	S3-681521247	remove	D-025
S1-80516161	S2-531086827	remove	D-025
S1-805328238	S2-586398924	remove	D-025
S1-805402704	S3-438191063	remove	D-025
S1-805441401	S3-848643358	remove	D-025
S1-805675341	S3-679056455	remove	D-025
S1-805743753	S3-240387344	remove	D-025
S1-80599870	S2-683883895	remove	D-025
S1-80599870	S3-880263029	remove	D-025
S1-806095621	S3-422128955	remove	D-025
S1-806206210	S2-919653953	remove	D-025
S1-806528063	S3-580493537	remove	D-025
S1-806723735	S2-137523716	remove	D-025
S1-807026250	S3-608577515	remove	D-025
S1-807266008	S2-290001886	remove	D-025
S1-807338840	S2-369911717	remove	D-025
S1-807363437	S2-458605966	remove	D-025
S1-807401343	S3-676617834	remove	D-025
S1-80787925	S3-722351064	remove	D-025
S1-807895520	S3-758830141	remove	D-025
S1-807924292	S2-354393374	remove	D-025
S1-808293729	S3-877470721	remove	D-025
S1-808322555	S3-1181567	remove	D-025
S1-808639521	S3-768706281	remove	D-025
S1-808701209	S2-543600894	remove	D-025
S1-80888956	S2-799268827	remove	D-025
S1-809634214	S2-305823753	remove	D-025
S1-809652623	S3-986594419	remove	D-025
S1-809733973	S2-810170947	remove	D-025
S1-80991991	S3-328771554	remove	D-025
S1-810000467	S2-75020993	remove	D-025
S1-810122236	S3-706941463	remove	D-025
S1-810138651	S3-567404292	remove	D-025
S1-810380985	S3-608032363	remove	D-025
S1-810461731	S3-550559710	remove	D-025
S1-810532219	S3-748327149	remove	D-025
S1-810760458	S3-215712906	remove	D-025
S1-810764133	S3-631905490	remove	D-025
S1-810848751	S3-16045979	remove	D-025
S1-810993572	S2-793245348	remove	D-025
S1-811074169	S2-836482063	remove	D-025
S1-811477232	S3-379383323	remove	D-025
S1-811586243	S3-777597745	remove	D-025
S1-81171584	S2-923825196	remove	D-025
S1-812050570	S3-242453616	remove	D-025
S1-812054031	S2-36728536	remove	D-025
S1-812359419	S3-338168196	remove	D-025
S1-812829651	S3-184686096	remove	D-025
S1-812877475	S2-798913930	remove	D-025
S1-812908453	S3-531802375	remove	D-025
S1-813013666	S3-777288943	remove	D-025
S1-813045201	S2-457157250	remove	D-025
S1-813141805	S2-385382945	remove	D-025
S1-813338471	S2-651737139	remove	D-025
S1-813580669	S3-423992379	remove	D-025
S1-813618102	S2-577451924	remove	D-025
S1-813671041	S2-804972466	remove	D-025
S1-813700312	S3-505113043	remove	D-025
S1-813882571	S3-774987952	remove	D-025
S1-814391880	S3-873207006	remove	D-025
S1-814672120	S3-370535573	remove	D-025
S1-814725686	S3-192091411	remove	D-025
S1-81484340	S2-257242871	remove	D-025
S1-815089816	S2-69460338	remove	D-025
S1-815110406	S3-105928566	remove	D-025
S1-815167470	S3-913674886	remove	D-025
S1-815208213	S2-976861506	remove	D-025
S1-815464404	S3-789414580	remove	D-025
S1-815722704	S3-36255094	remove	D-025
S1-815750695	S2-570173429	remove	D-025
S1-815758625	S3-801647950	remove	D-025
S1-816043071	S2-603942759	remove	D-025
S1-816303752	S3-946322455	remove	D-025
S1-816312539	S2-336749018	remove	D-025
S1-816497890	S2-15177133	remove	D-025
S1-816663723	S3-541318499	remove	D-025
S1-816752228	S3-761080214	remove	D-025
S1-816924260	S3-644579031	remove	D-025
S1-816964485	S3-598605239	remove	D-025
S1-817013680	S2-246624048	remove	D-025
S1-817166289	S3-487302003	remove	D-025
S1-817197639	S2-707348641	remove	D-025
S1-817374402	S2-637903589	remove	D-025
S1-817524749	S3-518263995	remove	D-025
S1-817531132	S2-9838082	remove	D-025
S1-818083137	S2-692686241	remove	D-025
S1-818139027	S2-159308663	remove	D-025
S1-819027609	S3-84952450	remove	D-025
S1-819361225	S2-49156214	remove	D-025
S1-81959441	S2-449534357	remove	D-025
S1-819671975	S2-634159066	remove	D-025
S1-81972191	S3-228009349	remove	D-025
S1-819726164	S3-816105973	remove	D-025
S1-819821860	S2-423400440	remove	D-025
S1-82027990	S3-226309816	remove	D-025
S1-820281625	S3-908408895	remove	D-025
S1-820310457	S3-507450405	remove	D-025
S1-820647564	S3-807273911	remove	D-025
S1-820677333	S2-476934663	remove	D-025
S1-820677333	S2-709931685	remove	D-025
S1-820992546	S2-582628374	remove	D-025
S1-821008848	S2-920102123	remove	D-025
S1-821136531	S2-325535773	remove	D-025
S1-821196132	S2-721900557	remove	D-025
S1-821198980	S3-723228080	remove	D-025
S1-821198980	S3-744795054	remove	D-025
S1-821457952	S3-501301498	remove	D-025
S1-821471443	S2-348326678	remove	D-025
S1-822187236	S3-828834881	remove	D-025
S1-822674082	S3-706551218	remove	D-025
S1-822730971	S3-621441192	remove	D-025
S1-822957809	S3-316014051	remove	D-025
S1-823002506	S2-895079758	remove	D-025
S1-823056696	S3-794433708	remove	D-025
S1-82333455	S3-916688469	remove	D-025
S1-823470777	S2-588253227	remove	D-025
S1-823543460	S2-890631354	remove	D-025
S1-823640868	S3-301206115	remove	D-025
S1-824162369	S3-112517216	remove	D-025
S1-824468891	S3-906244741	remove	D-025
S1-82447849	S3-516804422	remove	D-025
S1-824576596	S3-241214022	remove	D-025
S1-82459758	S2-203903337	remove	D-025
S1-824602152	S3-303917076	remove	D-025
S1-82487862	S3-899136601	remove	D-025
S1-825012159	S3-379716697	remove	D-025
S1-825090894	S3-680905983	remove	D-025
S1-825123696	S2-706201398	remove	D-025
S1-825329860	S2-855489617	remove	D-025
S1-825404207	S2-945517681	remove	D-025
S1-825421489	S2-423302252	remove	D-025
S1-825440933	S3-581346542	remove	D-025
S1-825706239	S3-633834297	remove	D-025
S1-825810634	S2-618845454	remove	D-025
S1-826068817	S2-487050726	remove	D-025
S1-826121971	S3-233955405	remove	D-025
S1-826278577	S3-16687427	remove	D-025
S1-826502420	S2-4575675	remove	D-025
S1-826735819	S3-755186529	remove	D-025
S1-826746164	S3-651290546	remove	D-025
S1-826774060	S3-525940144	remove	D-025
S1-827716753	S2-139001652	remove	D-025
S1-827795534	S3-312635454	remove	D-025
S1-828270947	S3-408799212	remove	D-025
S1-828314643	S3-348100507	remove	D-025
S1-828397431	S2-635761867	remove	D-025
S1-828535412	S3-5970524	remove	D-025
S1-828628224	S3-241209526	remove	D-025
S1-828666043	S2-599555513	remove	D-025
S1-828907788	S2-72052832	remove	D-025
S1-828912628	S3-173983620	remove	D-025
S1-829294065	S2-75405091	remove	D-025
S1-82966659	S3-267588768	remove	D-025
S1-829800100	S2-359393145	remove	D-025
S1-829903067	S3-592453928	remove	D-025
S1-829924395	S2-698019303	remove	D-025
S1-830232968	S2-59652375	remove	D-025
S1-830350473	S2-397980380	remove	D-025
S1-830362595	S2-550121980	remove	D-025
S1-830485982	S3-628824226	remove	D-025
S1-830784659	S2-223588943	remove	D-025
S1-83087621	S3-533280981	remove	D-025
S1-831034917	S3-166343691	remove	D-025
S1-831275066	S2-755409849	remove	D-025
S1-831505389	S3-529774066	remove	D-025
S1-831776669	S2-416754510	remove	D-025
S1-832298656	S2-831133273	remove	D-025
S1-832386743	S3-701072476	remove	D-025
S1-832505697	S3-1284470	remove	D-025
S1-832565156	S3-70037509	remove	D-025
S1-832588105	S3-113986316	remove	D-025
S1-832640423	S2-677436166	remove	D-025
S1-832644834	S2-820133274	remove	D-025
S1-832769354	S3-890806673	remove	D-025
S1-832777559	S3-72655851	remove	D-025
S1-833008465	S2-737924890	remove	D-025
S1-833071577	S3-23314134	remove	D-025
S1-833141068	S2-224944874	remove	D-025
S1-833150931	S2-417580054	remove	D-025
S1-833443345	S3-132311692	remove	D-025
S1-833445086	S3-574041258	remove	D-025
S1-833928805	S3-115592329	remove	D-025
S1-834000008	S2-772122312	remove	D-025
S1-834530204	S3-555333137	remove	D-025
S1-834619294	S3-993200991	remove	D-025
S1-834671066	S2-517718152	remove	D-025
S1-834675217	S2-665550639	remove	D-025
S1-834724861	S3-910034135	remove	D-025
S1-834928596	S3-74508257	remove	D-025
S1-834981475	S3-630943253	remove	D-025
S1-835364604	S3-220731789	remove	D-025
S1-8356163	S2-440455079	remove	D-025
S1-835672467	S3-974615807	remove	D-025
S1-835965931	S2-721797375	remove	D-025
S1-836014120	S3-217733846	remove	D-025
S1-836166698	S3-22489961	remove	D-025
S1-836223176	S3-555336606	remove	D-025
S1-836225646	S3-118426388	remove	D-025
S1-836456122	S2-214700446	remove	D-025
S1-836599232	S3-970968150	remove	D-025
S1-836724924	S2-676161227	remove	D-025
S1-836770109	S3-646082771	remove	D-025
S1-836825093	S3-153938544	remove	D-025
S1-837401515	S3-785608275	remove	D-025
S1-837435288	S3-125548463	remove	D-025
S1-837661645	S2-615925586	remove	D-025
S1-837716327	S3-543016160	remove	D-025
S1-838006972	S2-63668561	remove	D-025
S1-838103915	S3-453176183	remove	D-025
S1-838151199	S2-696534189	remove	D-025
S1-838310648	S3-791134181	remove	D-025
S1-838619347	S2-717559491	remove	D-025
S1-83863064	S3-561804246	remove	D-025
S1-8386443	S2-610494771	remove	D-025
S1-838949079	S3-874976562	remove	D-025
S1-839157868	S3-111087402	remove	D-025
S1-839940386	S3-244866834	remove	D-025
S1-840038065	S2-347642119	remove	D-025
S1-840178827	S2-623333811	remove	D-025
S1-84058405	S3-6958909	remove	D-025
S1-840601464	S2-622845177	remove	D-025
S1-840899588	S3-195839394	remove	D-025
S1-840942414	S2-785555111	remove	D-025
S1-841369975	S2-321466365	remove	D-025
S1-841455168	S3-615610824	remove	D-025
S1-841521207	S2-139796727	remove	D-025
S1-841587066	S2-345525108	remove	D-025
S1-84190146	S3-662168378	remove	D-025
S1-841917625	S3-80355972	remove	D-025
S1-841971594	S3-378120226	remove	D-025
S1-842070894	S3-636425383	remove	D-025
S1-842192495	S3-614074245	remove	D-025
S1-842210045	S2-418325236	remove	D-025
S1-842271037	S2-637568417	remove	D-025
S1-842282406	S3-660470319	remove	D-025
S1-842672913	S2-378294613	remove	D-025
S1-842775015	S3-443378254	remove	D-025
S1-84280126	S3-111136003	remove	D-025
S1-842949540	S3-916375742	remove	D-025
S1-843140457	S3-817476976	remove	D-025
S1-843995847	S3-44705954	remove	D-025
S1-844045665	S3-832966019	remove	D-025
S1-844119481	S3-565464412	remove	D-025
S1-844374702	S3-912830180	remove	D-025
S1-844466573	S3-450592835	remove	D-025
S1-844956457	S2-20600931	remove	D-025
S1-845014659	S3-737617699	remove	D-025
S1-845067484	S2-753052077	remove	D-025
S1-845153090	S2-357759267	remove	D-025
S1-845442078	S3-405582125	remove	D-025
S1-845719402	S2-768880587	remove	D-025
S1-845765912	S2-930590178	remove	D-025
S1-845842045	S3-48361828	remove	D-025
S1-845927678	S3-396176119	remove	D-025
S1-845961552	S3-450771331	remove	D-025
S1-846090225	S2-993515460	remove	D-025
S1-846240586	S2-409367709	remove	D-025
S1-846549820	S3-389885945	remove	D-025
S1-846576754	S2-891121589	remove	D-025
S1-846577511	S2-328377648	remove	D-025
S1-846577511	S3-760844849	remove	D-025
S1-846788137	S2-381820413	remove	D-025
S1-846813539	S2-469161929	remove	D-025
S1-846923333	S3-726890037	remove	D-025
S1-84694411	S3-634439656	remove	D-025
S1-846951953	S2-242544161	remove	D-025
S1-847100200	S3-763587560	remove	D-025
S1-847365068	S2-468077361	remove	D-025
S1-847380636	S3-999902673	remove	D-025
S1-84740426	S2-604020767	remove	D-025
S1-847408706	S3-974460260	remove	D-025
S1-847476605	S2-404929182	remove	D-025
S1-847542080	S3-210068473	remove	D-025
S1-847580914	S3-637027719	remove	D-025
S1-847748131	S2-984146143	remove	D-025
S1-848019721	S2-11544716	remove	D-025
S1-848047301	S3-97613103	remove	D-025
S1-848057770	S2-636860206	remove	D-025
S1-848220143	S3-525695162	remove	D-025
S1-848286123	S2-479735339	remove	D-025
S1-84900825	S3-379087816	remove	D-025
S1-849316477	S3-55429839	remove	D-025
S1-849387229	S3-191225659	remove	D-025
S1-849642770	S2-941045664	remove	D-025
S1-849649515	S3-933060496	remove	D-025
S1-849821522	S3-462448682	remove	D-025
S1-850358628	S2-238216701	remove	D-025
S1-850392468	S3-563699390	remove	D-025
S1-850515022	S2-172027085	remove	D-025
S1-850645438	S2-762131988	remove	D-025
S1-850757050	S2-987668471	remove	D-025
S1-850895312	S3-75657801	remove	D-025
S1-851089319	S2-348528842	remove	D-025
S1-851475649	S3-621177852	remove	D-025
S1-851559079	S2-935536293	remove	D-025
S1-851724792	S2-752309711	remove	D-025
S1-852095591	S2-105870672	remove	D-025
S1-852211605	S3-930621117	remove	D-025
S1-852274341	S3-299009234	remove	D-025
S1-852371087	S3-385116811	remove	D-025
S1-852583376	S2-648958565	remove	D-025
S1-852731667	S3-210325084	remove	D-025
S1-852974254	S3-918483367	remove	D-025
S1-853043155	S3-54319048	remove	D-025
S1-853163223	S3-742910856	remove	D-025
S1-853467425	S2-788964401	remove	D-025
S1-853599994	S3-437785232	remove	D-025
S1-853638771	S2-394019718	remove	D-025
S1-854472400	S3-632870363	remove	D-025
S1-854639374	S2-392089417	remove	D-025
S1-854651366	S3-392471870	remove	D-025
S1-854819812	S2-606333699	remove	D-025
S1-855148128	S2-915731714	remove	D-025
S1-85527845	S3-300563282	remove	D-025
S1-855398344	S2-669675792	remove	D-025
S1-855666091	S2-26167856	remove	D-025
S1-8556767	S3-693116628	remove	D-025
S1-855889789	S2-608268159	remove	D-025
S1-855933979	S2-813808143	remove	D-025
S1-856016873	S2-519953497	remove	D-025
S1-856176686	S2-981253211	remove	D-025
S1-856259714	S3-441387909	remove	D-025
S1-856309250	S3-293282184	remove	D-025
S1-856438358	S2-702846130	remove	D-025
S1-856524385	S2-822444978	remove	D-025
S1-856568324	S3-629448137	remove	D-025
S1-856573128	S3-963913629	remove	D-025
S1-856679322	S2-428929334	remove	D-025
S1-857118591	S3-159321433	remove	D-025
S1-857339227	S3-484211149	remove	D-025
S1-857476267	S3-662455577	remove	D-025
S1-857600787	S2-914312373	remove	D-025
S1-857854465	S2-984159410	remove	D-025
S1-857901032	S2-629084399	remove	D-025
S1-857913262	S2-963097124	remove	D-025
S1-857924267	S3-259762147	remove	D-025
S1-858495410	S3-973464961	remove	D-025
S1-858520755	S3-770137623	remove	D-025
S1-858608606	S3-360363774	remove	D-025
S1-858667488	S2-746432889	remove	D-025
S1-859438896	S2-228429577	remove	D-025
S1-859664443	S3-199532745	remove	D-025
S1-859760392	S2-758618607	remove	D-025
S1-85980769	S3-412329858	remove	D-025
S1-860107297	S3-812785336	remove	D-025
S1-86020801	S2-335078937	remove	D-025
S1-860480549	S2-501715056	remove	D-025
S1-860518764	S3-939351836	remove	D-025
S1-860639003	S3-746362251	remove	D-025
S1-86071446	S3-915408508	remove	D-025
S1-860727677	S3-59818660	remove	D-025
S1-860937236	S2-396780259	remove	D-025
S1-861034415	S2-819424014	remove	D-025
S1-86124008	S3-897848507	remove	D-025
S1-861558543	S3-345815059	remove	D-025
S1-86159852	S3-368825229	remove	D-025
S1-861870251	S3-816587160	remove	D-025
S1-862001115	S2-482998555	remove	D-025
S1-862023552	S3-684065311	remove	D-025
S1-862359870	S3-871661915	remove	D-025
S1-862372528	S3-790566072	remove	D-025
S1-862405490	S2-928138227	remove	D-025
S1-862490313	S3-167976040	remove	D-025
S1-862638392	S3-789047579	remove	D-025
S1-862656386	S2-191188886	remove	D-025
S1-862916752	S2-982835447	remove	D-025
S1-86307361	S3-66106052	remove	D-025
S1-863580028	S2-618411564	remove	D-025
S1-863646426	S2-823644381	remove	D-025
S1-863712861	S3-237344053	remove	D-025
S1-863715687	S2-407574934	remove	D-025
S1-864284141	S3-787985669	remove	D-025
S1-864289239	S2-997492509	remove	D-025
S1-864691603	S2-937494227	remove	D-025
S1-865093377	S2-886125884	remove	D-025
S1-865259979	S3-210405191	remove	D-025
S1-865608091	S3-647169390	remove	D-025
S1-865778492	S3-948541061	remove	D-025
S1-865806377	S3-579469264	remove	D-025
S1-865915746	S3-927870752	remove	D-025
S1-866190501	S2-723182869	remove	D-025
S1-866192203	S2-401834548	remove	D-025
S1-866578454	S3-23589225	remove	D-025
S1-86679512	S2-254524574	remove	D-025
S1-866865434	S3-459647621	remove	D-025
S1-866981672	S3-801439793	remove	D-025
S1-867331448	S3-510837409	remove	D-025
S1-867399990	S2-708966775	remove	D-025
S1-867400169	S3-634459650	remove	D-025
S1-867614235	S3-483665754	remove	D-025
S1-867645335	S2-586483905	remove	D-025
S1-868061933	S2-166759933	remove	D-025
S1-868166443	S3-480919086	remove	D-025
S1-868488174	S3-178486703	remove	D-025
S1-868622557	S3-651455901	remove	D-025
S1-868740619	S3-124281558	remove	D-025
S1-868870554	S3-915670205	remove	D-025
S1-86888768	S3-150112664	remove	D-025
S1-868911507	S3-745677090	remove	D-025
S1-86902343	S3-66341333	remove	D-025
S1-869214720	S3-52922856	remove	D-025
S1-869581254	S3-193988688	remove	D-025
S1-869589617	S2-265567861	remove	D-025
S1-869612666	S3-811948521	remove	D-025
S1-869647527	S2-286770473	remove	D-025
S1-869653673	S2-389580691	remove	D-025
S1-869822652	S2-246949630	remove	D-025
S1-869869730	S2-857317344	remove	D-025
S1-869894052	S2-579674023	remove	D-025
S1-869962102	S2-340689671	remove	D-025
S1-870186886	S2-109140129	remove	D-025
S1-870329128	S2-223304158	remove	D-025
S1-87095906	S2-916577586	remove	D-025
S1-871013005	S3-594150983	remove	D-025
S1-871171715	S3-291915892	remove	D-025
S1-87122004	S2-868925264	remove	D-025
S1-871397422	S2-429373290	remove	D-025
S1-871661267	S3-377958642	remove	D-025
S1-8716731	S2-249444145	remove	D-025
S1-872160778	S3-638951699	remove	D-025
S1-872572550	S2-788335525	remove	D-025
S1-872754102	S3-105087700	remove	D-025
S1-872859457	S3-906842840	remove	D-025
S1-873135462	S3-442753831	remove	D-025
S1-873183913	S3-817471404	remove	D-025
S1-873254460	S3-893727743	remove	D-025
S1-873478077	S3-571046024	remove	D-025
S1-873541117	S3-739567771	remove	D-025
S1-873552676	S2-220456161	remove	D-025
S1-873812962	S2-433079	remove	D-025
S1-873812962	S2-454912016	remove	D-025
S1-87382237	S2-126489473	remove	D-025
S1-873884283	S3-131174265	remove	D-025
S1-875346873	S3-286559675	remove	D-025
S1-875518517	S3-924072204	remove	D-025
S1-875592164	S2-12672009	remove	D-025
S1-8756511	S3-415853625	remove	D-025
S1-875994008	S2-475298328	remove	D-025
S1-876042395	S3-892631959	remove	D-025
S1-876091727	S3-866057616	remove	D-025
S1-876203896	S3-716534045	remove	D-025
S1-876472529	S2-433621645	remove	D-025
S1-876498614	S3-405025400	remove	D-025
S1-87677555	S2-79497174	remove	D-025
S1-876778206	S2-283628151	remove	D-025
S1-876797053	S3-779919676	remove	D-025
S1-876830070	S2-446822785	remove	D-025
S1-877330805	S3-993824292	remove	D-025
S1-877550957	S3-759601829	remove	D-025
S1-877603588	S3-673712155	remove	D-025
S1-877830926	S2-113452916	remove	D-025
S1-877929903	S3-192527942	remove	D-025
S1-878124816	S3-190552104	remove	D-025
S1-878133999	S2-521634620	remove	D-025
S1-878190147	S3-263846942	remove	D-025
S1-878190147	S3-662417840	remove	D-025
S1-878295984	S3-316527227	remove	D-025
S1-878482480	S2-444073301	remove	D-025
S1-878701972	S3-282246792	remove	D-025
S1-878706231	S2-604615559	remove	D-025
S1-878853955	S2-387167483	remove	D-025
S1-879389728	S3-661304837	remove	D-025
S1-879645215	S3-806376679	remove	D-025
S1-880232251	S3-796359591	remove	D-025
S1-880517260	S3-854346282	remove	D-025
S1-881003637	S2-385190722	remove	D-025
S1-881193445	S3-757699536	remove	D-025
S1-881996790	S3-939768476	remove	D-025
S1-882024521	S2-17108292	remove	D-025
S1-882024521	S3-498113607	remove	D-025
S1-882066473	S2-163140521	remove	D-025
S1-882120153	S2-863323206	remove	D-025
S1-882152849	S2-32309463	remove	D-025
S1-882210251	S3-108764621	remove	D-025
S1-882388733	S2-160052141	remove	D-025
S1-882388733	S2-978277151	remove	D-025
S1-883016014	S3-984558312	remove	D-025
S1-883156229	S2-36121273	remove	D-025
S1-883401416	S2-939788382	remove	D-025
S1-88343324	S3-468670491	remove	D-025
S1-883476375	S3-367496720	remove	D-025
S1-883485676	S3-233775028	remove	D-025
S1-883523715	S3-643273892	remove	D-025
S1-883722630	S3-484144361	remove	D-025
S1-883724966	S2-423692782	remove	D-025
S1-883777792	S2-194352933	remove	D-025
S1-883777792	S2-42697221	remove	D-025
S1-883973489	S3-175434157	remove	D-025
S1-884061858	S2-746582569	remove	D-025
S1-884192605	S3-522121762	remove	D-025
S1-884714518	S2-504615633	remove	D-025
S1-884854279	S3-920843717	remove	D-025
S1-884937955	S3-768756414	remove	D-025
S1-884939193	S3-146161878	remove	D-025
S1-885307253	S3-28239048	remove	D-025
S1-88534099	S3-423966518	remove	D-025
S1-885443865	S2-539197074	remove	D-025
S1-885455599	S2-225769787	remove	D-025
S1-885933793	S3-553544853	remove	D-025
S1-885974124	S2-619541039	remove	D-025
S1-886298551	S3-202097415	remove	D-025
S1-886613054	S3-675880064	remove	D-025
S1-886966528	S2-413738127	remove	D-025
S1-886976973	S3-717990919	remove	D-025
S1-887376638	S3-714449746	remove	D-025
S1-887469669	S2-174404833	remove	D-025
S1-88791388	S2-368882579	remove	D-025
S1-887975711	S3-716103202	remove	D-025
S1-888331397	S3-265967301	remove	D-025
S1-88847847	S2-253235963	remove	D-025
S1-888594895	S2-228066232	remove	D-025
S1-888608520	S3-719503730	remove	D-025
S1-888711065	S3-283324256	remove	D-025
S1-888736154	S3-796118048	remove	D-025
S1-888816949	S3-679881028	remove	D-025
S1-888858495	S3-503095244	remove	D-025
S1-888991628	S2-99023689	remove	D-025
S1-889005069	S3-258682253	remove	D-025
S1-889046822	S2-875760284	remove	D-025
S1-889884048	S3-482294187	remove	D-025
S1-889990281	S3-967819060	remove	D-025
S1-890034345	S3-959442798	remove	D-025
S1-890132854	S3-518279585	remove	D-025
S1-890239393	S2-112652066	remove	D-025
S1-890371657	S2-525303173	remove	D-025
S1-890497547	S3-103698085	remove	D-025
S1-890619937	S3-254243488	remove	D-025
S1-890666621	S3-797097959	remove	D-025
S1-890684821	S3-967889987	remove	D-025
S1-890838027	S3-86083300	remove	D-025
S1-891143944	S2-122237904	remove	D-025
S1-891552495	S3-988119990	remove	D-025
S1-89178048	S3-217153171	remove	D-025
S1-891966529	S3-213110528	remove	D-025
S1-892217562	S3-976687153	remove	D-025
S1-892491627	S2-292101476	remove	D-025
S1-892969551	S3-41629137	remove	D-025
S1-89321136	S2-449872777	remove	D-025
S1-893352693	S3-43450335	remove	D-025
S1-893395926	S2-737151423	remove	D-025
S1-893439684	S3-406054177	remove	D-025
S1-89352148	S3-871937051	remove	D-025
S1-893558390	S2-293445175	remove	D-025
S1-893810213	S3-665293121	remove	D-025
S1-894359935	S2-608130966	remove	D-025
S1-894436149	S2-667194238	remove	D-025
S1-894693957	S3-786784162	remove	D-025
S1-895096773	S2-780147856	remove	D-025
S1-895151182	S3-106402912	remove	D-025
S1-89526958	S3-707695059	remove	D-025
S1-895287933	S2-724244275	remove	D-025
S1-895538326	S3-66833679	remove	D-025
S1-895788222	S3-630154328	remove	D-025
S1-896040428	S3-727723048	remove	D-025
S1-896156545	S3-920367029	remove	D-025
S1-896419343	S2-982915823	remove	D-025
S1-896466832	S3-411879078	remove	D-025
S1-896714892	S2-99946774	remove	D-025
S1-896789483	S3-932668714	remove	D-025
S1-897071908	S3-825686790	remove	D-025
S1-897216216	S2-964638559	remove	D-025
S1-897266461	S3-665769951	remove	D-025
S1-897314156	S3-344011818	remove	D-025
S1-89747648	S3-681208051	remove	D-025
S1-897604358	S3-693657971	remove	D-025
S1-897675505	S2-341340028	remove	D-025
S1-897959549	S2-883050588	remove	D-025
S1-898060900	S3-397392047	remove	D-025
S1-898198249	S2-86841763	remove	D-025
S1-89828197	S2-36074405	remove	D-025
S1-898382606	S3-842898611	remove	D-025
S1-898412369	S2-927113497	remove	D-025
S1-898499193	S2-815016714	remove	D-025
S1-898532168	S2-329683214	remove	D-025
S1-898787736	S3-559445184	remove	D-025
S1-899268033	S3-787401959	remove	D-025
S1-899282829	S3-904931236	remove	D-025
S1-899379378	S2-917919113	remove	D-025
S1-899587751	S3-439652743	remove	D-025
S1-899598484	S2-471843247	remove	D-025
S1-899687632	S2-500771517	remove	D-025
S1-899892651	S3-912185228	remove	D-025
S1-900060627	S2-824961318	remove	D-025
S1-900585442	S2-957999707	remove	D-025
S1-900686524	S2-280814529	remove	D-025
S1-901123415	S3-558105456	remove	D-025
S1-901240122	S3-265149607	remove	D-025
S1-901290337	S2-472590293	remove	D-025
S1-901473560	S3-466723791	remove	D-025
S1-901753690	S2-201508537	remove	D-025
S1-901845772	S2-82997585	remove	D-025
S1-902443340	S2-866449091	remove	D-025
S1-902583932	S2-147030415	remove	D-025
S1-902819942	S3-375788370	remove	D-025
S1-902823170	S2-690942940	remove	D-025
S1-902846038	S2-732456885	remove	D-025
S1-90311466	S3-701732821	remove	D-025
S1-903198095	S2-270760566	remove	D-025
S1-90354033	S3-737047939	remove	D-025
S1-90389602	S3-614944419	remove	D-025
S1-904056411	S3-55718365	remove	D-025
S1-904084835	S3-894119205	remove	D-025
S1-904114603	S2-60049338	remove	D-025
S1-9042908	S3-196174176	remove	D-025
S1-904451027	S2-506647401	remove	D-025
S1-904626175	S2-115048314	remove	D-025
S1-904626175	S2-795521540	remove	D-025
S1-904847625	S3-363072635	remove	D-025
S1-90508259	S2-118175582	remove	D-025
S1-905667249	S3-878756386	remove	D-025
S1-905798389	S2-513389183	remove	D-025
S1-90580913	S2-65667144	remove	D-025
S1-906087809	S2-370158594	remove	D-025
S1-906087809	S2-498760256	remove	D-025
S1-906087809	S3-853939875	remove	D-025
S1-906219679	S2-296326741	remove	D-025
S1-906309609	S3-462858834	remove	D-025
S1-906463036	S2-526526670	remove	D-025
S1-9065703	S2-85065457	remove	D-025
S1-906865347	S3-854841358	remove	D-025
S1-907086083	S2-888893686	remove	D-025
S1-90712707	S2-969074639	remove	D-025
S1-907824783	S2-108326099	remove	D-025
S1-907897852	S3-885330858	remove	D-025
S1-908105967	S3-10579575	remove	D-025
S1-908188096	S2-765402532	remove	D-025
S1-908332500	S3-541816522	remove	D-025
S1-908332500	S3-654162367	remove	D-025
S1-908367178	S3-402141946	remove	D-025
S1-908457048	S3-698587096	remove	D-025
S1-908981976	S3-635746075	remove	D-025
S1-909276927	S2-629342116	remove	D-025
S1-909344075	S2-571874981	remove	D-025
S1-909420695	S3-258358532	remove	D-025
S1-909492971	S2-598632839	remove	D-025
S1-909567554	S2-380895775	remove	D-025
S1-909641641	S3-397653134	remove	D-025
S1-909703519	S3-174200527	remove	D-025
S1-909731716	S3-6744124	remove	D-025
S1-910028470	S2-700678012	remove	D-025
S1-91007773	S3-911328721	remove	D-025
S1-910167785	S3-665890162	remove	D-025
S1-910200209	S2-971569545	remove	D-025
S1-910350271	S3-197250839	remove	D-025
S1-91039598	S2-992244109	remove	D-025
S1-910434028	S3-548942517	remove	D-025
S1-910512789	S3-390525486	remove	D-025
S1-910738139	S3-626373647	remove	D-025
S1-91086222	S3-99490514	remove	D-025
S1-910907312	S3-979183992	remove	D-025
S1-911020626	S3-916980151	remove	D-025
S1-911041952	S2-629204579	remove	D-025
S1-911099423	S3-419544480	remove	D-025
S1-911152137	S2-209464958	remove	D-025
S1-91116077	S2-256087984	remove	D-025
S1-911218109	S3-42053377	remove	D-025
S1-91194229	S2-584626945	remove	D-025
S1-912212058	S3-538715536	remove	D-025
S1-912250993	S3-469237181	remove	D-025
S1-91234679	S2-174113025	remove	D-025
S1-91234815	S3-378597006	remove	D-025
S1-912725363	S3-781832548	remove	D-025
S1-912897319	S2-566494083	remove	D-025
S1-913058431	S2-328112188	remove	D-025
S1-913113178	S3-484638689	remove	D-025
S1-913135989	S3-642593819	remove	D-025
S1-913248983	S2-186665648	remove	D-025
S1-913319171	S3-932003034	remove	D-025
S1-913452418	S2-544499922	remove	D-025
S1-913816867	S2-534938257	remove	D-025
S1-914599272	S3-821429552	remove	D-025
S1-914879607	S2-113539538	remove	D-025
S1-915028369	S3-632276020	remove	D-025
S1-915050522	S3-613926192	remove	D-025
S1-915058685	S3-739865524	remove	D-025
S1-915124578	S3-81692253	remove	D-025
S1-915173633	S3-984852551	remove	D-025
S1-915246118	S3-741510005	remove	D-025
S1-915252969	S2-788695865	remove	D-025
S1-915260340	S3-395593674	remove	D-025
S1-915296165	S3-718274326	remove	D-025
S1-915400025	S3-504559628	remove	D-025
S1-91550004	S3-917495742	remove	D-025
S1-915819896	S2-871983642	remove	D-025
S1-916386562	S3-167799759	remove	D-025
S1-916409881	S3-159532866	remove	D-025
S1-916519846	S2-240531982	remove	D-025
S1-916560746	S3-125625515	remove	D-025
S1-917171126	S2-934925003	remove	D-025
S1-917459164	S3-92192358	remove	D-025
S1-917752681	S2-818482288	remove	D-025
S1-917958470	S2-944191075	remove	D-025
S1-918056634	S3-17528483	remove	D-025
S1-918091086	S3-990377851	remove	D-025
S1-918147315	S2-539394063	remove	D-025
S1-918181068	S2-425318097	remove	D-025
S1-918192711	S2-856802929	remove	D-025
S1-918272088	S3-38954957	remove	D-025
S1-918293759	S2-825868471	remove	D-025
S1-918507966	S3-792958791	remove	D-025
S1-918553438	S2-954484342	remove	D-025
S1-918847419	S2-738396937	remove	D-025
S1-918941457	S3-893852871	remove	D-025
S1-918976124	S3-558372506	remove	D-025
S1-919332945	S2-451460368	remove	D-025
S1-919467709	S2-343589628	remove	D-025
S1-91977804	S3-42545720	remove	D-025
S1-920031339	S3-691447234	remove	D-025
S1-920215193	S3-593386990	remove	D-025
S1-920304308	S3-252166076	remove	D-025
S1-920313724	S3-806860450	remove	D-025
S1-920414070	S3-924546115	remove	D-025
S1-920626619	S3-871885788	remove	D-025
S1-920903860	S2-734160177	remove	D-025
S1-920903860	S2-888650259	remove	D-025
S1-921006773	S3-499422461	remove	D-025
S1-921026979	S3-648852136	remove	D-025
S1-92103615	S2-344530977	remove	D-025
S1-921067805	S3-960392830	remove	D-025
S1-921333163	S2-398867472	remove	D-025
S1-921370791	S3-155647877	remove	D-025
S1-921577913	S3-728236824	remove	D-025
S1-921734937	S2-149543387	remove	D-025
S1-92178847	S3-352223259	remove	D-025
S1-922292368	S3-879935161	remove	D-025
S1-922645301	S3-858404432	remove	D-025
S1-922830760	S3-411722759	remove	D-025
S1-922958001	S3-786073276	remove	D-025
S1-922966673	S3-417796873	remove	D-025
S1-923066988	S3-214534046	remove	D-025
S1-923077323	S2-155944868	remove	D-025
S1-923093341	S3-18590082	remove	D-025
S1-923210633	S3-57195464	remove	D-025
S1-923543145	S3-896427377	remove	D-025
S1-92356456	S3-811468486	remove	D-025
S1-92458002	S3-849613641	remove	D-025
S1-924678325	S3-495999972	remove	D-025
S1-924868287	S3-782468760	remove	D-025
S1-925012921	S2-307174606	remove	D-025
S1-925034453	S3-909696616	remove	D-025
S1-925249879	S3-445291298	remove	D-025
S1-925469008	S3-604329744	remove	D-025
S1-925962996	S3-293529733	remove	D-025
S1-926124532	S3-497350503	remove	D-025
S1-926342693	S2-567595826	remove	D-025
S1-926776547	S2-282928715	remove	D-025
S1-926776547	S2-414412568	remove	D-025
S1-927480344	S3-274448790	remove	D-025
S1-927490698	S3-503973768	remove	D-025
S1-927752237	S2-489692523	remove	D-025
S1-928447784	S2-587859459	remove	D-025
S1-928492850	S3-696803572	remove	D-025
S1-928538996	S3-290767200	remove	D-025
S1-92891464	S3-786004482	remove	D-025
S1-928995269	S3-501868064	remove	D-025
S1-929197200	S2-669567503	remove	D-025
S1-929219187	S2-492779455	remove	D-025
S1-929251743	S2-828034316	remove	D-025
S1-929432288	S3-420473030	remove	D-025
S1-929452881	S2-224549994	remove	D-025
S1-929531970	S3-441543468	remove	D-025
S1-92995938	S3-649256738	remove	D-025
S1-930023258	S2-362998178	remove	D-025
S1-930035292	S3-473123060	remove	D-025
S1-930419713	S3-622377400	remove	D-025
S1-930632603	S3-985272096	remove	D-025
S1-93068599	S2-430696606	remove	D-025
S1-930892351	S2-461501434	remove	D-025
S1-930955506	S3-998551717	remove	D-025
S1-930963193	S3-254095056	remove	D-025
S1-93116924	S3-949395480	remove	D-025
S1-931223375	S2-715492499	remove	D-025
S1-93136974	S2-442700287	remove	D-025
S1-931454706	S2-405197667	remove	D-025
S1-931455186	S3-287289256	remove	D-025
S1-931456814	S3-815732138	remove	D-025
S1-931540248	S2-855088330	remove	D-025
S1-931574597	S3-328170209	remove	D-025
S1-931662489	S3-491534325	remove	D-025
S1-931687404	S3-366279208	remove	D-025
S1-931824896	S3-682905220	remove	D-025
S1-931838368	S2-566680709	remove	D-025
S1-932061218	S3-102015339	remove	D-025
S1-932174252	S3-767780372	remove	D-025
S1-932520346	S3-460203847	remove	D-025
S1-932564792	S3-939895894	remove	D-025
S1-932619788	S3-560065257	remove	D-025
S1-932824781	S3-66144913	remove	D-025
S1-932957038	S3-614559980	remove	D-025
S1-933045296	S3-49447731	remove	D-025
S1-933108480	S3-586530577	remove	D-025
S1-933276873	S3-359198456	remove	D-025
S1-93342695	S3-827818652	remove	D-025
S1-933483235	S3-527850286	remove	D-025
S1-933742651	S2-381126046	remove	D-025
S1-934010730	S2-77126813	remove	D-025
S1-934249702	S3-384544507	remove	D-025
S1-934653032	S2-947084965	remove	D-025
S1-934943612	S2-448425656	remove	D-025
S1-934961225	S3-988758901	remove	D-025
S1-93499981	S2-297017722	remove	D-025
S1-935141385	S2-805101584	remove	D-025
S1-935231381	S3-272602696	remove	D-025
S1-93551308	S3-323932202	remove	D-025
S1-935976426	S3-415658688	remove	D-025
S1-935978634	S2-692106288	remove	D-025
S1-935979838	S2-47633068	remove	D-025
S1-935984648	S3-531378057	remove	D-025
S1-936000523	S3-265468309	remove	D-025
S1-936005217	S2-534676213	remove	D-025
S1-936006391	S3-881950878	remove	D-025
S1-936160624	S3-261717246	remove	D-025
S1-936213201	S3-925259077	remove	D-025
S1-936314663	S2-345515341	remove	D-025
S1-936448094	S3-396920516	remove	D-025
S1-936453641	S3-584806735	remove	D-025
S1-936814652	S2-144843284	remove	D-025
S1-936895047	S2-693365147	remove	D-025
S1-937115638	S2-115335846	remove	D-025
S1-937124562	S3-587045783	remove	D-025
S1-937282475	S3-558260810	remove	D-025
S1-937396922	S2-691682003	remove	D-025
S1-937429639	S3-162672162	remove	D-025
S1-937481315	S3-567729444	remove	D-025
S1-937501412	S3-153430999	remove	D-025
S1-937507862	S3-131311196	remove	D-025
S1-937540594	S3-990969654	remove	D-025
S1-937597681	S2-326626542	remove	D-025
S1-93811226	S3-625043579	remove	D-025
S1-938206440	S2-751896774	remove	D-025
S1-938671413	S3-159612396	remove	D-025
S1-938729720	S3-884231614	remove	D-025
S1-938953755	S3-189718665	remove	D-025
S1-939065620	S2-763293948	remove	D-025
S1-939236644	S2-661625569	remove	D-025
S1-939450191	S2-688402169	remove	D-025
S1-939499496	S2-391783022	remove	D-025
S1-93960214	S2-259667109	remove	D-025
S1-939630003	S2-23401195	remove	D-025
S1-93965202	S3-839939842	remove	D-025
S1-939797873	S3-153746895	remove	D-025
S1-940034544	S2-866219557	remove	D-025
S1-940085159	S3-993782376	remove	D-025
S1-940322356	S2-961523027	remove	D-025
S1-941136611	S3-615108991	remove	D-025
S1-941260264	S3-578606110	remove	D-025
S1-941281829	S2-339342623	remove	D-025
S1-941295973	S3-161629678	remove	D-025
S1-94155357	S2-372683724	remove	D-025
S1-941992248	S2-83959347	remove	D-025
S1-942189810	S3-75180417	remove	D-025
S1-942294945	S2-606906430	remove	D-025
S1-942350291	S3-546749391	remove	D-025
S1-942444269	S2-716868053	remove	D-025
S1-942482361	S3-559565455	remove	D-025
S1-94278192	S3-945976011	remove	D-025
S1-942844616	S3-666158002	remove	D-025
S1-942983915	S3-159887688	remove	D-025
S1-943020275	S3-596638711	remove	D-025
S1-943042934	S3-382512365	remove	D-025
S1-943242717	S2-921486401	remove	D-025
S1-94326177	S2-861661931	remove	D-025
S1-943323871	S3-268493908	remove	D-025
S1-94342063	S2-56459184	remove	D-025
S1-943463472	S2-102078953	remove	D-025
S1-944248855	S2-319020116	remove	D-025
S1-944325904	S3-790976710	remove	D-025
S1-944382192	S3-872090155	remove	D-025
S1-944606609	S3-345742626	remove	D-025
S1-944846719	S2-58033254	remove	D-025
S1-944872169	S3-943915511	remove	D-025
S1-944877221	S3-470493978	remove	D-025
S1-945417979	S2-84415688	remove	D-025
S1-945540517	S3-979748811	remove	D-025
S1-945742620	S2-716001107	remove	D-025
S1-945982790	S3-696233063	remove	D-025
S1-946574674	S3-513932086	remove	D-025
S1-946625233	S3-230684105	remove	D-025
S1-947042067	S2-702931674	remove	D-025
S1-9470511	S3-434571624	remove	D-025
S1-947332943	S3-977958185	remove	D-025
S1-947442616	S3-88044414	remove	D-025
S1-947525339	S2-179685014	remove	D-025
S1-947525339	S2-742533386	remove	D-025
S1-947820988	S3-82694904	remove	D-025
S1-948166329	S2-946476647	remove	D-025
S1-948181243	S2-891115791	remove	D-025
S1-948503517	S3-227047607	remove	D-025
S1-948536670	S3-52947368	remove	D-025
S1-948564308	S2-528099227	remove	D-025
S1-948746554	S2-717523018	remove	D-025
S1-948806988	S2-984788567	remove	D-025
S1-948828130	S3-655397546	remove	D-025
S1-948941234	S2-95888362	remove	D-025
S1-949080768	S3-11764136	remove	D-025
S1-949318666	S2-947664132	remove	D-025
S1-949346215	S3-53654288	remove	D-025
S1-949567490	S2-140085659	remove	D-025
S1-949591127	S3-639498794	remove	D-025
S1-949642063	S2-376755151	remove	D-025
S1-949642063	S2-58865044	remove	D-025
S1-949666291	S3-81182781	remove	D-025
S1-949679652	S2-662956918	remove	D-025
S1-949691955	S2-318185018	remove	D-025
S1-949847496	S3-46432697	remove	D-025
S1-949879188	S3-83551685	remove	D-025
S1-950628846	S3-158016092	remove	D-025
S1-950759118	S2-265144757	remove	D-025
S1-950928155	S3-201981373	remove	D-025
S1-951116650	S3-382764231	remove	D-025
S1-951296966	S3-902889191	remove	D-025
S1-951443670	S3-569969680	remove	D-025
S1-951702007	S3-154964841	remove	D-025
S1-951907918	S2-955420464	remove	D-025
S1-952165592	S3-286630082	remove	D-025
S1-952191830	S2-646439364	remove	D-025
S1-952419487	S2-159495462	remove	D-025
S1-952603375	S2-644515954	remove	D-025
S1-952632602	S3-211656479	remove	D-025
S1-95276180	S2-203782023	remove	D-025
S1-95277773	S2-922157150	remove	D-025
S1-952912554	S2-607888479	remove	D-025
S1-952974752	S3-500798455	remove	D-025
S1-953223485	S3-629184118	remove	D-025
S1-953232822	S3-663352532	remove	D-025
S1-953524067	S3-121326569	remove	D-025
S1-953580988	S3-15889305	remove	D-025
S1-953907421	S2-311059776	remove	D-025
S1-953946195	S3-519494971	remove	D-025
S1-954274546	S3-834769759	remove	D-025
S1-954373924	S2-106978847	remove	D-025
S1-954584422	S3-824759337	remove	D-025
S1-954748053	S2-709999270	remove	D-025
S1-95480427	S2-421706571	remove	D-025
S1-954881779	S2-170562840	remove	D-025
S1-95515487	S3-373301584	remove	D-025
S1-955231324	S3-648801650	remove	D-025
S1-955267225	S3-55812917	remove	D-025
S1-955332032	S3-221019077	remove	D-025
S1-955334383	S3-700607733	remove	D-025
S1-955379763	S3-364021077	remove	D-025
S1-955444944	S3-323792886	remove	D-025
S1-955563178	S3-220946281	remove	D-025
S1-955776935	S2-822785683	remove	D-025
S1-956064961	S2-189264217	remove	D-025
S1-956233078	S3-853723400	remove	D-025
S1-956395917	S3-633004163	remove	D-025
S1-956503740	S3-76915937	remove	D-025
S1-956525516	S3-198306837	remove	D-025
S1-95658818	S2-243661963	remove	D-025
S1-956737832	S3-307927252	remove	D-025
S1-957463057	S2-167409914	remove	D-025
S1-957648616	S3-780244076	remove	D-025
S1-957654643	S3-61403515	remove	D-025
S1-95774439	S2-612223084	remove	D-025
S1-957842012	S3-21295446	remove	D-025
S1-958026208	S2-656352993	remove	D-025
S1-958390841	S3-431257082	remove	D-025
S1-958502657	S3-520304329	remove	D-025
S1-958745460	S3-738019278	remove	D-025
S1-95876384	S2-498974963	remove	D-025
S1-958882616	S3-456007385	remove	D-025
S1-959034896	S3-658340082	remove	D-025
S1-959116296	S2-362106629	remove	D-025
S1-959731111	S2-824952629	remove	D-025
S1-959749120	S3-608618001	remove	D-025
S1-95977323	S2-813057313	remove	D-025
S1-959895643	S3-488508558	remove	D-025
S1-960034356	S3-770994364	remove	D-025
S1-960065533	S2-285025597	remove	D-025
S1-960127771	S3-470950014	remove	D-025
S1-960180416	S2-2442685	remove	D-025
S1-9602481	S3-791777172	remove	D-025
S1-960301840	S2-934412375	remove	D-025
S1-960440468	S3-13764317	remove	D-025
S1-961178037	S3-469842504	remove	D-025
S1-961277863	S3-285289053	remove	D-025
S1-961278615	S2-272908813	remove	D-025
S1-96134804	S3-322144569	remove	D-025
S1-961428395	S2-41788056	remove	D-025
S1-961555068	S3-481189362	remove	D-025
S1-961591399	S3-203912891	remove	D-025
S1-961873229	S3-292845965	remove	D-025
S1-961969726	S2-679354232	remove	D-025
S1-962078518	S2-198158641	remove	D-025
S1-962134149	S2-350381742	remove	D-025
S1-96241056	S2-210794364	remove	D-025
S1-96241056	S2-523396148	remove	D-025
S1-962801351	S2-838065659	remove	D-025
S1-962993144	S2-180166259	remove	D-025
S1-963299728	S3-250875744	remove	D-025
S1-963385221	S2-589365376	remove	D-025
S1-96338565	S3-793605582	remove	D-025
S1-96375393	S3-962780777	remove	D-025
S1-963884778	S2-794167955	remove	D-025
S1-963932249	S2-109566122	remove	D-025
S1-963989413	S2-709607622	remove	D-025
S1-963997633	S3-481758243	remove	D-025
S1-964305432	S2-630377126	remove	D-025
S1-964306424	S2-136579683	remove	D-025
S1-964385104	S2-572269731	remove	D-025
S1-964457473	S3-591452184	remove	D-025
S1-964558735	S3-285778606	remove	D-025
S1-964935747	S2-123101461	remove	D-025
S1-965199487	S3-370660022	remove	D-025
S1-965293440	S3-161072535	remove	D-025
S1-965754228	S3-886843172	remove	D-025
S1-965851287	S3-175357767	remove	D-025
S1-966021110	S3-426557835	remove	D-025
S1-966396666	S3-478783927	remove	D-025
S1-966622585	S2-678563648	remove	D-025
S1-966758827	S2-897424786	remove	D-025
S1-9671600	S2-250083493	remove	D-025
S1-96716388	S3-877811719	remove	D-025
S1-967413156	S2-228225878	remove	D-025
S1-967535671	S2-196472496	remove	D-025
S1-967571829	S3-307820258	remove	D-025
S1-968044108	S2-365621281	remove	D-025
S1-968065859	S3-830515614	remove	D-025
S1-968581330	S3-695607501	remove	D-025
S1-96888726	S3-979876741	remove	D-025
S1-968937325	S3-201525685	remove	D-025
S1-969088395	S2-27070239	remove	D-025
S1-969472566	S3-786277286	remove	D-025
S1-969541761	S3-312598450	remove	D-025
S1-969603331	S3-747260064	remove	D-025
S1-96972230	S3-323041537	remove	D-025
S1-969760980	S3-699726025	remove	D-025
S1-970311651	S3-202282144	remove	D-025
S1-970628575	S3-388317195	remove	D-025
S1-970904024	S3-62743301	remove	D-025
S1-97124733	S2-270695759	remove	D-025
S1-971468370	S2-759577925	remove	D-025
S1-971758753	S2-111586508	remove	D-025
S1-971819147	S2-424243147	remove	D-025
S1-971899504	S2-928227897	remove	D-025
S1-971932728	S2-460154114	remove	D-025
S1-972002156	S3-514240069	remove	D-025
S1-97213157	S3-296805613	remove	D-025
S1-972412930	S2-335647938	remove	D-025
S1-972836952	S2-518502005	remove	D-025
S1-972836952	S3-334922244	remove	D-025
S1-972997796	S3-686746155	remove	D-025
S1-973232318	S3-328618867	remove	D-025
S1-973362963	S3-440317941	remove	D-025
S1-973483363	S3-336624474	remove	D-025
S1-973713988	S3-687329973	remove	D-025
S1-973713988	S3-753136012	remove	D-025
S1-974254897	S3-261471442	remove	D-025
S1-974422608	S3-464514495	remove	D-025
S1-974506216	S3-112597229	remove	D-025
S1-974601279	S3-217835507	remove	D-025
S1-975434923	S3-90665254	remove	D-025
S1-975795679	S3-285874143	remove	D-025
S1-975827134	S2-546804008	remove	D-025
S1-975903464	S3-692326031	remove	D-025
S1-976089726	S3-661010855	remove	D-025
S1-976802123	S2-39586278	remove	D-025
S1-977020241	S2-66426396	remove	D-025
S1-9771924	S3-188986106	remove	D-025
S1-97722295	S2-483653961	remove	D-025
S1-977285219	S2-30281367	remove	D-025
S1-977321528	S3-315168292	remove	D-025
S1-977442378	S3-8363006	remove	D-025
S1-977464759	S2-497038954	remove	D-025
S1-977464759	S3-238166539	remove	D-025
S1-977483477	S2-109067903	remove	D-025
S1-977495971	S3-240424364	remove	D-025
S1-977521859	S2-699135493	remove	D-025
S1-977617063	S3-232222748	remove	D-025
S1-977900355	S3-701530772	remove	D-025
S1-977968319	S3-536090812	remove	D-025
S1-978205824	S3-625351883	remove	D-025
S1-978538454	S3-10870303	remove	D-025
S1-978954695	S3-799379564	remove	D-025
S1-978980329	S2-713938136	remove	D-025
S1-979110321	S2-329346840	remove	D-025
S1-979186879	S2-239906324	remove	D-025
S1-979207697	S2-884365389	remove	D-025
S1-979248720	S3-148915	remove	D-025
S1-979248720	S3-495474034	remove	D-025
S1-979256647	S2-474775979	remove	D-025
S1-979542543	S2-560283685	remove	D-025
S1-979549041	S2-46863599	remove	D-025
S1-979595536	S3-798787406	remove	D-025
S1-979680861	S2-682816553	remove	D-025
S1-980156409	S3-535002144	remove	D-025
S1-981013876	S2-254059840	remove	D-025
S1-981261277	S3-231206615	remove	D-025
S1-981394973	S3-53286890	remove	D-025
S1-981522041	S3-665210112	remove	D-025
S1-981671483	S2-640048172	remove	D-025
S1-981675593	S3-941649655	remove	D-025
S1-981676521	S2-886659405	remove	D-025
S1-981831784	S2-884209604	remove	D-025
S1-981847796	S2-481050774	remove	D-025
S1-981856152	S2-896090029	remove	D-025
S1-981948453	S3-449605749	remove	D-025
S1-981964898	S2-114620268	remove	D-025
S1-981976585	S2-231730557	remove	D-025
S1-981976585	S3-530169956	remove	D-025
S1-982332001	S3-199841825	remove	D-025
S1-983116381	S3-717817314	remove	D-025
S1-983154884	S3-137200429	remove	D-025
S1-983538369	S3-565252965	remove	D-025
S1-983738555	S3-660120749	remove	D-025
S1-983773738	S3-372396099	remove	D-025
S1-983842477	S2-651081326	remove	D-025
S1-983852670	S3-84734402	remove	D-025
S1-983876854	S2-754944084	remove	D-025
S1-983911094	S2-353205736	remove	D-025
S1-984068797	S3-650395426	remove	D-025
S1-984354971	S2-298894811	remove	D-025
S1-984382455	S2-263527281	remove	D-025
S1-984393101	S3-797988440	remove	D-025
S1-984623253	S3-402857017	remove	D-025
S1-985088099	S3-948216897	remove	D-025
S1-985247629	S2-724387241	remove	D-025
S1-9854913	S3-777933842	remove	D-025
S1-985663218	S3-707113819	remove	D-025
S1-985701484	S3-695753218	remove	D-025
S1-985960532	S3-333020158	remove	D-025
S1-986133939	S2-482442707	remove	D-025
S1-986163662	S3-771277922	remove	D-025
S1-986316218	S2-601500717	remove	D-025
S1-986348285	S2-134073346	remove	D-025
S1-986511764	S2-442027948	remove	D-025
S1-986575633	S3-337212984	remove	D-025
S1-986741502	S3-905315333	remove	D-025
S1-986933578	S2-271463820	remove	D-025
S1-986937325	S3-273110693	remove	D-025
S1-987004977	S2-383590293	remove	D-025
S1-987637722	S3-638238805	remove	D-025
S1-987656795	S3-390199198	remove	D-025
S1-987795837	S3-86307478	remove	D-025
S1-987899769	S2-214954479	remove	D-025
S1-987911360	S3-923161868	remove	D-025
S1-98796971	S3-653904822	remove	D-025
S1-988234413	S3-931742908	remove	D-025
S1-988283934	S2-961167609	remove	D-025
S1-988402681	S3-996368645	remove	D-025
S1-988428583	S3-250830876	remove	D-025
S1-988448038	S3-232126441	remove	D-025
S1-988457949	S2-510244798	remove	D-025
S1-988576687	S2-55351851	remove	D-025
S1-988651515	S2-646428230	remove	D-025
S1-988875392	S3-850291227	remove	D-025
S1-989305363	S3-660012795	remove	D-025
S1-989642819	S3-17636671	remove	D-025
S1-989759969	S3-299336473	remove	D-025
S1-989784790	S3-417451874	remove	D-025
S1-990280828	S3-745878833	remove	D-025
S1-99037668	S2-558155750	remove	D-025
S1-990392673	S3-652963608	remove	D-025
S1-991130796	S3-473091432	remove	D-025
S1-991187325	S2-526238512	remove	D-025
S1-991289095	S3-840312406	remove	D-025
S1-991432305	S2-857238954	remove	D-025
S1-992040828	S3-14953555	remove	D-025
S1-992069398	S3-75227889	remove	D-025
S1-992129421	S3-250219973	remove	D-025
S1-992208079	S2-291438072	remove	D-025
S1-992248145	S3-929984275	remove	D-025
S1-992591965	S2-937230860	remove	D-025
S1-992962978	S3-941880118	remove	D-025
S1-993000212	S2-417242512	remove	D-025
S1-993350603	S3-867503041	remove	D-025
S1-993599142	S3-223993126	remove	D-025
S1-993731538	S3-44820940	remove	D-025
S1-994189795	S3-754941304	remove	D-025
S1-99442055	S3-803944611	remove	D-025
S1-994474753	S3-35081226	remove	D-025
S1-994585905	S3-144667912	remove	D-025
S1-994835125	S3-433639384	remove	D-025
S1-995215763	S3-634801907	remove	D-025
S1-995238462	S2-346407989	remove	D-025
S1-995415870	S2-588421103	remove	D-025
S1-995662426	S2-416283075	remove	D-025
S1-995681100	S3-651492975	remove	D-025
S1-99569894	S3-580812766	remove	D-025
S1-99569894	S3-721415177	remove	D-025
S1-996346202	S2-672953635	remove	D-025
S1-997459311	S2-491352581	remove	D-025
S1-99780354	S3-449019625	remove	D-025
S1-997842530	S2-835330033	remove	D-025
S1-997856033	S3-609380885	remove	D-025
S1-99787382	S3-74607982	remove	D-025
S1-997910394	S2-9273907	remove	D-025
S1-997978279	S2-606815832	remove	D-025
S1-998005615	S2-881846222	remove	D-025
S1-99818653	S3-739736078	remove	D-025
S1-998500016	S3-584346371	remove	D-025
S1-998660087	S3-887906968	remove	D-025
S1-998671628	S3-964579768	remove	D-025
S1-998749235	S3-58706366	remove	D-025
S1-998765422	S3-233692510	remove	D-025
S1-998791789	S2-211778865	remove	D-025
S1-999256940	S2-97020418	remove	D-025
S1-999434067	S2-969481353	remove	D-025
S1-999525506	S3-294423943	remove	D-025
S1-999551182	S3-380056857	remove	D-025
S1-999911571	S3-531750483	remove	D-025
S1-101298049	S2-912200610	add	D-025
S1-102008053	S3-378548224	add	D-025
S1-102429324	S2-372489593	add	D-025
S1-103953356	S3-22921800	add	D-025
S1-107617716	S2-859784837	add	D-025
S1-108773474	S2-969257048	add	D-025
S1-109999671	S3-18811993	add	D-025
S1-110693712	S2-633387464	add	D-025
S1-112159846	S3-686595818	add	D-025
S1-112379953	S2-266465311	add	D-025
S1-114848711	S3-123973787	add	D-025
S1-115738214	S3-791263135	add	D-025
S1-116005249	S3-583024179	add	D-025
S1-116213562	S3-429677029	add	D-025
S1-116564212	S2-31781146	add	D-025
S1-118958706	S3-739925092	add	D-025
S1-11897645	S3-231460479	add	D-025
S1-121148709	S2-166764134	add	D-025
S1-122538805	S3-231180091	add	D-025
S1-122616891	S3-474341218	add	D-025
S1-123425826	S3-678636314	add	D-025
S1-12427643	S3-694486057	add	D-025
S1-125043649	S2-937049875	add	D-025
S1-125236426	S3-117586411	add	D-025
S1-125407281	S3-357821788	add	D-025
S1-125874999	S3-873801483	add	D-025
S1-126934027	S3-81847325	add	D-025
S1-128820631	S2-86743932	add	D-025
S1-1289470	S2-952001705	add	D-025
S1-131299333	S3-468284116	add	D-025
S1-13227540	S3-290655215	add	D-025
S1-132293902	S2-873318634	add	D-025
S1-13266088	S2-971472132	add	D-025
S1-13335523	S3-667968077	add	D-025
S1-134343181	S2-292742989	add	D-025
S1-134364507	S2-166378033	add	D-025
S1-135017331	S2-917201565	add	D-025
S1-135632574	S2-962701287	add	D-025
S1-1368484	S3-665709376	add	D-025
S1-13759436	S2-198550128	add	D-025
S1-137596496	S2-390048012	add	D-025
S1-139540862	S3-675591154	add	D-025
S1-139570044	S2-528318634	add	D-025
S1-140348966	S3-127414495	add	D-025
S1-141899667	S2-785353302	add	D-025
S1-144336662	S2-389070436	add	D-025
S1-145681327	S3-917421578	add	D-025
S1-146408445	S2-316069411	add	D-025
S1-147423838	S3-448145650	add	D-025
S1-148613404	S2-764155320	add	D-025
S1-150158632	S3-676249175	add	D-025
S1-150718539	S2-138049297	add	D-025
S1-150851749	S2-290186910	add	D-025
S1-151860334	S2-832396194	add	D-025
S1-156679419	S3-425909651	add	D-025
S1-15738180	S3-683762659	add	D-025
S1-157449107	S2-293303435	add	D-025
S1-158851634	S2-987979298	add	D-025
S1-159982629	S2-613657858	add	D-025
S1-160591258	S3-797527894	add	D-025
S1-161146302	S2-581890448	add	D-025
S1-162477586	S3-497997938	add	D-025
S1-164051427	S2-261654923	add	D-025
S1-164160577	S3-507327279	add	D-025
S1-16420503	S3-357811480	add	D-025
S1-166065274	S2-835438997	add	D-025
S1-166860963	S3-133457238	add	D-025
S1-167676948	S2-287293043	add	D-025
S1-16778423	S3-670825478	add	D-025
S1-168233002	S2-115191972	add	D-025
S1-168450031	S3-170313506	add	D-025
S1-168457441	S2-695293095	add	D-025
S1-16884899	S3-264388214	add	D-025
S1-169922693	S2-843055725	add	D-025
S1-170508065	S3-794310510	add	D-025
S1-170835205	S2-262104723	add	D-025
S1-172347789	S2-562643337	add	D-025
S1-172673715	S3-717986237	add	D-025
S1-172885409	S2-522870491	add	D-025
S1-173662179	S2-22078822	add	D-025
S1-173812788	S2-322815993	add	D-025
S1-175342475	S2-976275098	add	D-025
S1-175468285	S3-494312079	add	D-025
S1-176636579	S2-594064133	add	D-025
S1-17855469	S2-952958550	add	D-025
S1-179036841	S2-410531828	add	D-025
S1-180046758	S2-842863178	add	D-025
S1-180147596	S2-861006856	add	D-025
S1-180739181	S2-866711479	add	D-025
S1-182302545	S2-309950888	add	D-025
S1-182532647	S3-927223589	add	D-025
S1-187362203	S2-812555412	add	D-025
S1-187411584	S3-436523641	add	D-025
S1-187488849	S2-696766198	add	D-025
S1-187636578	S3-183918875	add	D-025
S1-188635291	S3-198687442	add	D-025
S1-189084064	S3-880630319	add	D-025
S1-19044941	S2-464398034	add	D-025
S1-191090832	S2-362827759	add	D-025
S1-194310172	S2-56442996	add	D-025
S1-196341373	S3-991139809	add	D-025
S1-198329062	S3-134004670	add	D-025
S1-204053459	S3-673148138	add	D-025
S1-204398890	S2-20932438	add	D-025
S1-205526153	S2-878811397	add	D-025
S1-212356606	S2-580635745	add	D-025
S1-212682493	S2-340139971	add	D-025
S1-213148061	S3-357357166	add	D-025
S1-214244109	S3-423760219	add	D-025
S1-215223413	S3-771022648	add	D-025
S1-216846755	S3-297512164	add	D-025
S1-218351050	S2-682808856	add	D-025
S1-221195853	S2-598566552	add	D-025
S1-221264568	S3-301819733	add	D-025
S1-22136205	S2-872299774	add	D-025
S1-223406828	S2-447372420	add	D-025
S1-22352061	S3-386639453	add	D-025
S1-224010241	S2-781085337	add	D-025
S1-225287291	S2-569278311	add	D-025
S1-225341454	S3-777726530	add	D-025
S1-226219435	S2-260708827	add	D-025
S1-226517943	S3-403168678	add	D-025
S1-227456542	S3-768229215	add	D-025
S1-227974654	S3-795457353	add	D-025
S1-228095846	S3-50648351	add	D-025
S1-228427152	S3-330377482	add	D-025
S1-228690908	S2-677889952	add	D-025
S1-230645889	S2-255830526	add	D-025
S1-235491144	S3-131123049	add	D-025
S1-235532148	S3-640315980	add	D-025
S1-236937959	S2-18102629	add	D-025
S1-241252762	S2-912233297	add	D-025
S1-242850206	S2-55684111	add	D-025
S1-243927946	S3-759994999	add	D-025
S1-246208049	S3-859019529	add	D-025
S1-25082110	S2-489424494	add	D-025
S1-251848520	S2-760324105	add	D-025
S1-252469526	S3-91773425	add	D-025
S1-252770187	S3-75777539	add	D-025
S1-255247858	S3-109034419	add	D-025
S1-255726285	S3-727451446	add	D-025
S1-260181280	S3-378828324	add	D-025
S1-26131225	S3-635396396	add	D-025
S1-261624168	S2-362405458	add	D-025
S1-262098305	S2-61516747	add	D-025
S1-262605789	S3-945394247	add	D-025
S1-263427308	S3-471217644	add	D-025
S1-264789285	S3-25651358	add	D-025
S1-265971682	S2-13052515	add	D-025
S1-266427400	S2-921009115	add	D-025
S1-267556750	S3-147753088	add	D-025
S1-269375989	S2-902497291	add	D-025
S1-269890350	S3-730694911	add	D-025
S1-27070546	S3-281238338	add	D-025
S1-274172762	S3-148005732	add	D-025
S1-274696497	S2-890658837	add	D-025
S1-275607506	S2-511387629	add	D-025
S1-275697229	S3-585126473	add	D-025
S1-275990766	S2-159751796	add	D-025
S1-276910723	S3-156460745	add	D-025
S1-278177249	S2-995220903	add	D-025
S1-278256526	S3-104599568	add	D-025
S1-28306503	S3-838147539	add	D-025
S1-284231878	S2-781765067	add	D-025
S1-287495934	S2-582713806	add	D-025
S1-289078815	S2-186737577	add	D-025
S1-289094460	S3-852199721	add	D-025
S1-290213927	S3-162208043	add	D-025
S1-2907596	S3-900009271	add	D-025
S1-293221170	S2-861672738	add	D-025
S1-293579598	S2-594390728	add	D-025
S1-294908258	S3-803790991	add	D-025
S1-295430283	S3-10543050	add	D-025
S1-295432375	S2-142862883	add	D-025
S1-295848121	S3-336335223	add	D-025
S1-296285123	S2-106941506	add	D-025
S1-297552093	S2-592373595	add	D-025
S1-297618669	S3-949773925	add	D-025
S1-30114508	S3-605421798	add	D-025
S1-30149982	S2-942077320	add	D-025
S1-302114729	S2-722755059	add	D-025
S1-302479354	S3-787630804	add	D-025
S1-302759879	S3-328198371	add	D-025
S1-304409979	S2-52768548	add	D-025
S1-30540164	S2-601912147	add	D-025
S1-307085473	S2-219548874	add	D-025
S1-309250273	S2-296170402	add	D-025
S1-309928185	S2-899510262	add	D-025
S1-312797805	S2-108301176	add	D-025
S1-314548961	S3-575097459	add	D-025
S1-315463581	S3-337235150	add	D-025
S1-316430494	S2-987570654	add	D-025
S1-318036308	S2-561947387	add	D-025
S1-318567522	S3-696824893	add	D-025
S1-3187590	S2-893854021	add	D-025
S1-320035945	S3-253464190	add	D-025
S1-321157347	S3-961706443	add	D-025
S1-321699677	S3-181698945	add	D-025
S1-322472111	S2-324853878	add	D-025
S1-324298905	S2-806749188	add	D-025
S1-325285519	S2-457104708	add	D-025
S1-326142085	S3-120951969	add	D-025
S1-3261667	S2-27515187	add	D-025
S1-32641796	S2-663964734	add	D-025
S1-327964563	S3-554437095	add	D-025
S1-330505984	S2-690989065	add	D-025
S1-331189764	S3-844024362	add	D-025
S1-332428540	S2-207050351	add	D-025
S1-334529952	S3-346504680	add	D-025
S1-335020725	S2-296674576	add	D-025
S1-335020725	S2-73884358	add	D-025
S1-336846710	S2-101376952	add	D-025
S1-33806067	S3-565433960	add	D-025
S1-338552545	S2-801419084	add	D-025
S1-34319229	S3-621143182	add	D-025
S1-343573392	S3-123552544	add	D-025
S1-343596707	S3-985468194	add	D-025
S1-343865227	S3-93265498	add	D-025
S1-34478642	S2-421585608	add	D-025
S1-346242531	S2-928427272	add	D-025
S1-346333432	S3-253249928	add	D-025
S1-346773796	S2-343584177	add	D-025
S1-346986647	S2-720744534	add	D-025
S1-347340993	S3-416771900	add	D-025
S1-348077363	S3-216870926	add	D-025
S1-351506466	S2-682312585	add	D-025
S1-351747979	S3-456712941	add	D-025
S1-352083394	S3-291727248	add	D-025
S1-35294422	S2-150747305	add	D-025
S1-353876956	S3-86884472	add	D-025
S1-354620949	S3-141710331	add	D-025
S1-355375286	S2-15241330	add	D-025
S1-356060797	S3-460358093	add	D-025
S1-357161181	S2-27840239	add	D-025
S1-364364954	S3-367009223	add	D-025
S1-364720323	S3-163106319	add	D-025
S1-364750475	S3-970744277	add	D-025
S1-365855405	S3-447965135	add	D-025
S1-366078931	S2-720433873	add	D-025
S1-36773833	S2-49935581	add	D-025
S1-368185028	S3-611967101	add	D-025
S1-368608238	S2-572144676	add	D-025
S1-369757193	S3-34205171	add	D-025
S1-371709500	S3-401810079	add	D-025
S1-372622014	S3-854437331	add	D-025
S1-37284743	S3-49206462	add	D-025
S1-373064356	S3-285684073	add	D-025
S1-373516940	S2-566190717	add	D-025
S1-374674522	S3-825125507	add	D-025
S1-374887035	S2-681558542	add	D-025
S1-375171941	S3-500998816	add	D-025
S1-375466254	S2-727608953	add	D-025
S1-375552133	S3-830757484	add	D-025
S1-378645765	S3-98292498	add	D-025
S1-379882162	S3-21070893	add	D-025
S1-38013393	S2-894427229	add	D-025
S1-380454076	S2-55479716	add	D-025
S1-380644435	S3-613584152	add	D-025
S1-382320478	S2-959027223	add	D-025
S1-383071960	S3-454729932	add	D-025
S1-38367413	S3-672921546	add	D-025
S1-384313938	S3-715901310	add	D-025
S1-38573182	S3-225912524	add	D-025
S1-386385944	S3-155005333	add	D-025
S1-386914220	S2-372593031	add	D-025
S1-388507164	S3-737688214	add	D-025
S1-389364846	S2-930787339	add	D-025
S1-38962509	S3-282361949	add	D-025
S1-389996322	S2-511420218	add	D-025
S1-390229543	S3-495782784	add	D-025
S1-39355933	S2-676167847	add	D-025
S1-393847701	S3-523209813	add	D-025
S1-396315545	S3-474457612	add	D-025
S1-39886829	S2-279164805	add	D-025
S1-402871191	S2-516527443	add	D-025
S1-403195921	S2-196597592	add	D-025
S1-403772128	S3-860146858	add	D-025
S1-405543962	S3-430184198	add	D-025
S1-406460666	S3-354228624	add	D-025
S1-408506993	S3-559572638	add	D-025
S1-408584304	S2-535950373	add	D-025
S1-408729855	S2-805908997	add	D-025
S1-409767849	S3-107614661	add	D-025
S1-412981986	S2-7846413	add	D-025
S1-413383315	S3-210033621	add	D-025
S1-414180918	S3-984217767	add	D-025
S1-414267809	S2-490233331	add	D-025
S1-414487910	S3-125093850	add	D-025
S1-416081209	S2-814342734	add	D-025
S1-417270044	S2-664953482	add	D-025
S1-4192400	S3-610470618	add	D-025
S1-419902051	S2-59433909	add	D-025
S1-421902362	S3-680373269	add	D-025
S1-422378540	S2-649572310	add	D-025
S1-424650375	S2-566220338	add	D-025
S1-425623685	S3-394796996	add	D-025
S1-425955231	S2-741687645	add	D-025
S1-426785212	S3-736015813	add	D-025
S1-427152591	S2-741381895	add	D-025
S1-427981245	S2-817359524	add	D-025
S1-432532085	S3-748236531	add	D-025
S1-435676533	S3-854689000	add	D-025
S1-438249166	S3-875106436	add	D-025
S1-439215525	S2-954680982	add	D-025
S1-439317731	S3-459762270	add	D-025
S1-439632426	S2-567850545	add	D-025
S1-43990577	S2-55194035	add	D-025
S1-440311649	S2-439845250	add	D-025
S1-441833415	S2-810411526	add	D-025
S1-441917701	S3-233869415	add	D-025
S1-442252439	S2-723655989	add	D-025
S1-442695337	S3-562852901	add	D-025
S1-444663255	S2-276342130	add	D-025
S1-444829264	S2-992738511	add	D-025
S1-445603252	S2-761325653	add	D-025
S1-447987280	S2-316386813	add	D-025
S1-449328022	S2-15639810	add	D-025
S1-450283604	S3-103207392	add	D-025
S1-450867455	S2-566880356	add	D-025
S1-451385424	S3-252766384	add	D-025
S1-451525277	S3-82338285	add	D-025
S1-452294685	S3-761586448	add	D-025
S1-452295392	S3-480256429	add	D-025
S1-453381266	S3-578511383	add	D-025
S1-453651769	S3-578681310	add	D-025
S1-454034917	S2-251106829	add	D-025
S1-454895797	S3-987625791	add	D-025
S1-455233882	S2-884369670	add	D-025
S1-455269146	S3-634374676	add	D-025
S1-458344948	S3-286056631	add	D-025
S1-459817333	S3-375851947	add	D-025
S1-460512398	S3-44024827	add	D-025
S1-46088050	S3-13334248	add	D-025
S1-461034827	S3-917306450	add	D-025
S1-462960956	S2-885033908	add	D-025
S1-463322685	S2-105686718	add	D-025
S1-463931200	S2-232675885	add	D-025
S1-464493639	S2-552955632	add	D-025
S1-466385884	S2-880769450	add	D-025
S1-467071773	S2-946426406	add	D-025
S1-468459523	S2-358998226	add	D-025
S1-46946044	S3-47792339	add	D-025
S1-470754763	S3-808548987	add	D-025
S1-47227689	S2-925429660	add	D-025
S1-472556134	S2-938244029	add	D-025
S1-474104148	S3-184747451	add	D-025
S1-47679495	S2-131862400	add	D-025
S1-477091131	S3-54540656	add	D-025
S1-477742124	S2-64383497	add	D-025
S1-478228644	S3-427813177	add	D-025
S1-478502424	S3-346585601	add	D-025
S1-480139521	S3-229521929	add	D-025
S1-481304583	S2-754485230	add	D-025
S1-481789049	S2-933073064	add	D-025
S1-482404744	S3-806794691	add	D-025
S1-482951001	S3-187122547	add	D-025
S1-487041399	S2-707979952	add	D-025
S1-487159341	S2-659549165	add	D-025
S1-4876908	S2-250376256	add	D-025
S1-488143005	S2-442127052	add	D-025
S1-488497449	S2-854262048	add	D-025
S1-488653034	S3-490936822	add	D-025
S1-491577038	S3-510747579	add	D-025
S1-491920289	S2-527253307	add	D-025
S1-492673642	S2-14353779	add	D-025
S1-493349832	S2-503276801	add	D-025
S1-494086717	S2-170743761	add	D-025
S1-494176294	S2-707131503	add	D-025
S1-496528516	S3-177890625	add	D-025
S1-496668630	S3-618983504	add	D-025
S1-497868481	S3-951023758	add	D-025
S1-497890842	S3-794840304	add	D-025
S1-501211459	S2-886970346	add	D-025
S1-502145148	S3-949011796	add	D-025
S1-502204499	S3-506260384	add	D-025
S1-502466573	S3-888904546	add	D-025
S1-502997197	S2-360146964	add	D-025
S1-503390179	S3-275917863	add	D-025
S1-503541409	S3-180661916	add	D-025
S1-503906399	S3-118727225	add	D-025
S1-504530181	S3-572578580	add	D-025
S1-504932046	S2-621445975	add	D-025
S1-504995025	S3-281685920	add	D-025
S1-505062081	S2-954142944	add	D-025
S1-506266663	S2-595228221	add	D-025
S1-506577189	S3-436347235	add	D-025
S1-510896104	S2-382516398	add	D-025
S1-511616367	S3-788799646	add	D-025
S1-513162856	S2-535589242	add	D-025
S1-5138332	S2-334429559	add	D-025
S1-516070340	S3-310111100	add	D-025
S1-51824104	S3-46447333	add	D-025
S1-518539934	S2-302592533	add	D-025
S1-51896834	S2-821861429	add	D-025
S1-520588528	S3-461076348	add	D-025
S1-522649640	S2-313611783	add	D-025
S1-524214373	S2-526279845	add	D-025
S1-527422479	S2-225508341	add	D-025
S1-528216307	S3-33994872	add	D-025
S1-528227543	S2-96867740	add	D-025
S1-529168268	S2-570757622	add	D-025
S1-529171873	S3-302038713	add	D-025
S1-532444971	S3-71417989	add	D-025
S1-532458688	S3-939593185	add	D-025
S1-534534371	S2-470508952	add	D-025
S1-535072020	S3-64386516	add	D-025
S1-536440195	S3-491622687	add	D-025
S1-537064668	S3-259382602	add	D-025
S1-539967246	S3-390711395	add	D-025
S1-540541095	S2-998370543	add	D-025
S1-540639980	S3-634292376	add	D-025
S1-541757199	S3-359012667	add	D-025
S1-543054611	S3-573404126	add	D-025
S1-543054611	S3-751998835	add	D-025
S1-543335311	S2-455850880	add	D-025
S1-544903305	S3-630056614	add	D-025
S1-549486243	S3-475535393	add	D-025
S1-549848818	S3-476746376	add	D-025
S1-550170145	S3-161001395	add	D-025
S1-550212037	S3-727735708	add	D-025
S1-551127437	S2-605878467	add	D-025
S1-554955662	S3-248945949	add	D-025
S1-556914837	S2-775044553	add	D-025
S1-557062485	S3-967508755	add	D-025
S1-557280182	S3-379913039	add	D-025
S1-558178947	S3-442681259	add	D-025
S1-558644426	S3-380199905	add	D-025
S1-559007460	S2-172479695	add	D-025
S1-559032743	S2-916593131	add	D-025
S1-561300101	S2-113753448	add	D-025
S1-562468840	S3-552607911	add	D-025
S1-566329717	S2-781434127	add	D-025
S1-566791088	S2-577014034	add	D-025
S1-56722611	S2-51008077	add	D-025
S1-567634428	S3-64458945	add	D-025
S1-568606512	S3-446442423	add	D-025
S1-570344282	S2-183689656	add	D-025
S1-571496092	S3-636444118	add	D-025
S1-571856326	S2-410683814	add	D-025
S1-572612138	S3-160678040	add	D-025
S1-573393593	S2-62675940	add	D-025
S1-574216197	S3-986376616	add	D-025
S1-574309305	S2-942109548	add	D-025
S1-574815582	S3-682364654	add	D-025
S1-574974066	S3-497020512	add	D-025
S1-576023318	S3-474434513	add	D-025
S1-57783760	S3-135159497	add	D-025
S1-580999900	S2-723475753	add	D-025
S1-582358610	S3-565656371	add	D-025
S1-583530188	S3-261157850	add	D-025
S1-584296182	S3-92006989	add	D-025
S1-584446191	S3-104584367	add	D-025
S1-585476678	S3-799456930	add	D-025
S1-58607326	S3-859202233	add	D-025
S1-587904094	S2-287802088	add	D-025
S1-589718095	S2-345864090	add	D-025
S1-59053505	S2-574076705	add	D-025
S1-59060866	S2-530651717	add	D-025
S1-592876723	S2-339016890	add	D-025
S1-593090405	S3-952099630	add	D-025
S1-593302677	S3-890834535	add	D-025
S1-597181612	S2-160029909	add	D-025
S1-598672407	S2-915004621	add	D-025
S1-598745698	S3-750496563	add	D-025
S1-599238941	S2-93948108	add	D-025
S1-599899183	S3-847500191	add	D-025
S1-600310	S2-880268336	add	D-025
S1-601509395	S2-282622961	add	D-025
S1-602215433	S2-677903772	add	D-025
S1-604972987	S3-957304638	add	D-025
S1-606285250	S3-605413842	add	D-025
S1-607346424	S2-124984050	add	D-025
S1-607966851	S3-389132536	add	D-025
S1-609340965	S3-611443681	add	D-025
S1-609491416	S3-235472158	add	D-025
S1-609897543	S2-524503828	add	D-025
S1-610515420	S2-32795833	add	D-025
S1-612501742	S2-902669345	add	D-025
S1-612664105	S2-672515720	add	D-025
S1-613993682	S3-775372298	add	D-025
S1-614749432	S3-29992397	add	D-025
S1-6176704	S3-145566241	add	D-025
S1-618241322	S3-23163984	add	D-025
S1-618583476	S3-528077102	add	D-025
S1-62204806	S3-850309360	add	D-025
S1-623842335	S3-790242277	add	D-025
S1-624140665	S3-407564445	add	D-025
S1-625754010	S3-211838550	add	D-025
S1-625779915	S3-523539981	add	D-025
S1-626157175	S3-326038135	add	D-025
S1-628276562	S3-829757990	add	D-025
S1-628764513	S2-808064622	add	D-025
S1-629237769	S3-752697647	add	D-025
S1-629628413	S3-329319039	add	D-025
S1-630151702	S2-449810432	add	D-025
S1-630229162	S3-597728613	add	D-025
S1-631107171	S3-948411414	add	D-025
S1-636265977	S2-625874703	add	D-025
S1-639556109	S2-425631171	add	D-025
S1-640975323	S2-919948507	add	D-025
S1-641926277	S3-917768217	add	D-025
S1-642327409	S3-446261800	add	D-025
S1-643582307	S3-453959776	add	D-025
S1-643912730	S3-845061026	add	D-025
S1-644370685	S2-434610833	add	D-025
S1-644370685	S2-807565223	add	D-025
S1-644715905	S3-876802434	add	D-025
S1-646572239	S2-566965413	add	D-025
S1-648697475	S3-969184252	add	D-025
S1-648734837	S2-416312455	add	D-025
S1-649662374	S3-763529937	add	D-025
S1-650599631	S2-665865212	add	D-025
S1-650931193	S3-728958806	add	D-025
S1-651106199	S3-832400932	add	D-025
S1-653499912	S2-882270046	add	D-025
S1-653885939	S3-172222945	add	D-025
S1-653979177	S2-946913498	add	D-025
S1-658835711	S2-870632517	add	D-025
S1-65911071	S2-385223065	add	D-025
S1-663166576	S3-726803605	add	D-025
S1-66330715	S3-581182392	add	D-025
S1-663970701	S3-551276050	add	D-025
S1-664573034	S3-464520726	add	D-025
S1-664995816	S2-294123959	add	D-025
S1-665465309	S2-472579652	add	D-025
S1-666126206	S3-450553398	add	D-025
S1-666471158	S2-358493373	add	D-025
S1-669657306	S3-706384566	add	D-025
S1-670424744	S3-643096893	add	D-025
S1-673192614	S2-290009131	add	D-025
S1-673296775	S3-399857160	add	D-025
S1-673640803	S3-214109543	add	D-025
S1-67482810	S3-749290835	add	D-025
S1-677741379	S3-124846218	add	D-025
S1-678568565	S3-555319366	add	D-025
S1-678689690	S2-183103905	add	D-025
S1-678711341	S2-693171348	add	D-025
S1-67885428	S3-758129059	add	D-025
S1-679036539	S3-71611240	add	D-025
S1-679935480	S3-912451697	add	D-025
S1-681372846	S2-431118557	add	D-025
S1-681574147	S3-458401627	add	D-025
S1-68370957	S2-912868898	add	D-025
S1-687518011	S2-123872136	add	D-025
S1-687535292	S2-86915944	add	D-025
S1-688879119	S3-986138434	add	D-025
S1-689563854	S2-81301970	add	D-025
S1-691543053	S2-835773888	add	D-025
S1-6915546	S3-293482839	add	D-025
S1-691645469	S2-801615812	add	D-025
S1-691911328	S2-212138845	add	D-025
S1-692640547	S3-811785266	add	D-025
S1-694266534	S3-537315730	add	D-025
S1-694825862	S2-962164889	add	D-025
S1-696636269	S2-732779433	add	D-025
S1-696702366	S2-908531433	add	D-025
S1-696997521	S2-301174036	add	D-025
S1-697560231	S2-204461634	add	D-025
S1-699392741	S3-171784069	add	D-025
S1-701525520	S2-786682104	add	D-025
S1-701701251	S2-589246968	add	D-025
S1-706536752	S3-847407723	add	D-025
S1-708241684	S3-989318809	add	D-025
S1-70838559	S3-463840018	add	D-025
S1-70855499	S2-301209962	add	D-025
S1-709118524	S3-331528376	add	D-025
S1-709322629	S2-137874598	add	D-025
S1-709420152	S3-462742141	add	D-025
S1-709898699	S2-179527427	add	D-025
S1-712178130	S2-898595465	add	D-025
S1-712203783	S3-549297252	add	D-025
S1-712624803	S2-300378759	add	D-025
S1-713158717	S2-57908833	add	D-025
S1-713341920	S3-287131038	add	D-025
S1-714602128	S3-542754811	add	D-025
S1-716586033	S2-255031026	add	D-025
S1-716904168	S2-762851558	add	D-025
S1-718059245	S2-158310135	add	D-025
S1-719435548	S2-472499461	add	D-025
S1-720033379	S2-911961284	add	D-025
S1-721478807	S2-156435412	add	D-025
S1-721600368	S2-799759221	add	D-025
S1-722141005	S3-336778568	add	D-025
S1-722742315	S2-169228627	add	D-025
S1-72348979	S2-151517298	add	D-025
S1-723576671	S3-177693160	add	D-025
S1-723611755	S3-718784979	add	D-025
S1-724677813	S2-863535780	add	D-025
S1-726030985	S2-705452491	add	D-025
S1-726823884	S2-226577242	add	D-025
S1-727314094	S2-300102735	add	D-025
S1-729490018	S3-50307477	add	D-025
S1-730919848	S2-847239301	add	D-025
S1-732552917	S3-855338086	add	D-025
S1-733144926	S2-501096838	add	D-025
S1-73345523	S2-540041608	add	D-025
S1-735167913	S2-429945290	add	D-025
S1-735804845	S3-496788618	add	D-025
S1-737567174	S3-940177583	add	D-025
S1-738807118	S2-223536961	add	D-025
S1-739464944	S2-426204245	add	D-025
S1-739603163	S2-535534814	add	D-025
S1-740010585	S3-454200336	add	D-025
S1-740262862	S2-736002580	add	D-025
S1-740296733	S3-122130036	add	D-025
S1-740929434	S2-398068285	add	D-025
S1-741421397	S2-853754903	add	D-025
S1-743191178	S2-799343554	add	D-025
S1-743369847	S2-453229329	add	D-025
S1-745768500	S2-734157495	add	D-025
S1-747695192	S2-353963199	add	D-025
S1-748156350	S3-323921229	add	D-025
S1-748883972	S3-772473948	add	D-025
S1-749631838	S2-957067293	add	D-025
S1-75045499	S3-820684698	add	D-025
S1-750613459	S3-114004523	add	D-025
S1-750639882	S3-886660730	add	D-025
S1-751697357	S2-769844874	add	D-025
S1-751904381	S2-597353846	add	D-025
S1-752303167	S2-51252675	add	D-025
S1-757811231	S3-352442398	add	D-025
S1-758377053	S3-374342195	add	D-025
S1-758770968	S3-615442883	add	D-025
S1-760334321	S3-279816354	add	D-025
S1-762492177	S2-230529195	add	D-025
S1-764391369	S2-284469127	add	D-025
S1-765306399	S3-830512992	add	D-025
S1-765727928	S2-852569993	add	D-025
S1-765943496	S2-968917028	add	D-025
S1-76726925	S2-94313794	add	D-025
S1-767894150	S3-563796462	add	D-025
S1-767984331	S2-178822896	add	D-025
S1-768581464	S3-764784284	add	D-025
S1-769189618	S3-676182453	add	D-025
S1-76930182	S2-726055806	add	D-025
S1-770356853	S2-32316241	add	D-025
S1-771139132	S2-211753776	add	D-025
S1-772090965	S2-229167911	add	D-025
S1-77262641	S3-363362288	add	D-025
S1-775829214	S2-749252517	add	D-025
S1-777262696	S3-325773496	add	D-025
S1-777539490	S3-268661638	add	D-025
S1-777628833	S2-452353717	add	D-025
S1-779089449	S2-874587671	add	D-025
S1-781878196	S3-560467469	add	D-025
S1-788048012	S2-228193507	add	D-025
S1-788688145	S3-896269963	add	D-025
S1-790407445	S3-33976314	add	D-025
S1-793330260	S3-372021343	add	D-025
S1-793885990	S3-198281192	add	D-025
S1-795858124	S3-564025160	add	D-025
S1-796243484	S3-986055356	add	D-025
S1-796778936	S3-575776753	add	D-025
S1-797113649	S3-637831985	add	D-025
S1-798694694	S2-675334628	add	D-025
S1-79992232	S2-807904908	add	D-025
S1-801406070	S2-486911618	add	D-025
S1-801406070	S2-881267154	add	D-025
S1-802505448	S2-514255658	add	D-025
S1-80302019	S2-397690438	add	D-025
S1-805464590	S2-243109355	add	D-025
S1-808839505	S3-760558051	add	D-025
S1-810032916	S2-34814078	add	D-025
S1-811511182	S2-964265559	add	D-025
S1-811893056	S2-232301295	add	D-025
S1-812643194	S2-431147512	add	D-025
S1-81297231	S2-176857838	add	D-025
S1-813943433	S3-109257729	add	D-025
S1-81460572	S3-466817090	add	D-025
S1-81585915	S3-197174431	add	D-025
S1-815892379	S3-645634147	add	D-025
S1-818903404	S2-353444982	add	D-025
S1-821019503	S2-306887515	add	D-025
S1-822407210	S2-227669713	add	D-025
S1-823152210	S3-356678467	add	D-025
S1-823900649	S2-454755656	add	D-025
S1-824861897	S3-682307180	add	D-025
S1-825357614	S2-961665445	add	D-025
S1-826120745	S2-811268517	add	D-025
S1-827350486	S2-833550106	add	D-025
S1-827468222	S3-172002092	add	D-025
S1-827693835	S3-283671444	add	D-025
S1-827734196	S2-715552060	add	D-025
S1-830623064	S2-498661429	add	D-025
S1-830829165	S3-570029620	add	D-025
S1-831232863	S2-983366257	add	D-025
S1-832658172	S3-705113197	add	D-025
S1-832701552	S3-505031176	add	D-025
S1-8331705	S2-970713110	add	D-025
S1-834225022	S2-40645365	add	D-025
S1-835139320	S2-47982692	add	D-025
S1-835791808	S2-90648844	add	D-025
S1-836382762	S3-497535443	add	D-025
S1-836924627	S2-377661376	add	D-025
S1-836924627	S2-824463135	add	D-025
S1-837356881	S3-968524841	add	D-025
S1-837412367	S3-967690340	add	D-025
S1-837568026	S3-927230895	add	D-025
S1-838352152	S3-605402835	add	D-025
S1-838998371	S3-13777369	add	D-025
S1-839196355	S2-229894056	add	D-025
S1-839263712	S2-268092511	add	D-025
S1-84161286	S2-511217366	add	D-025
S1-842340268	S3-31427972	add	D-025
S1-843554965	S2-274822324	add	D-025
S1-848066399	S2-870134424	add	D-025
S1-848484481	S2-152521937	add	D-025
S1-849837835	S2-10223318	add	D-025
S1-849925400	S2-754500581	add	D-025
S1-851849336	S2-719617240	add	D-025
S1-851862801	S3-792028751	add	D-025
S1-852745805	S2-824257711	add	D-025
S1-853384647	S3-32202357	add	D-025
S1-853736552	S3-233770190	add	D-025
S1-854115661	S2-430384152	add	D-025
S1-856540959	S2-988435570	add	D-025
S1-857159317	S2-865033914	add	D-025
S1-857722862	S3-242642112	add	D-025
S1-858192646	S3-917909149	add	D-025
S1-85866282	S3-489898964	add	D-025
S1-862510579	S3-489147488	add	D-025
S1-865911806	S2-702439928	add	D-025
S1-866602921	S2-187005578	add	D-025
S1-867317314	S3-550893968	add	D-025
S1-869141365	S2-852904106	add	D-025
S1-871368437	S2-749523008	add	D-025
S1-871882714	S3-6826693	add	D-025
S1-872489774	S3-547971481	add	D-025
S1-873647205	S3-287071394	add	D-025
S1-874027085	S2-891547879	add	D-025
S1-874271974	S2-303227469	add	D-025
S1-874284367	S2-543212633	add	D-025
S1-874477018	S2-937931121	add	D-025
S1-876701891	S3-638441546	add	D-025
S1-882679833	S2-196356148	add	D-025
S1-883831995	S2-460442291	add	D-025
S1-884542378	S2-891736713	add	D-025
S1-885191667	S2-604819812	add	D-025
S1-88529093	S2-53157097	add	D-025
S1-886179911	S3-164603839	add	D-025
S1-886314811	S3-367059221	add	D-025
S1-886508256	S2-341761033	add	D-025
S1-887205485	S3-775323171	add	D-025
S1-887827127	S3-907982679	add	D-025
S1-888739997	S3-635459833	add	D-025
S1-8909530	S3-885624959	add	D-025
S1-891833528	S2-554177497	add	D-025
S1-892625751	S3-751382273	add	D-025
S1-894371894	S2-447840293	add	D-025
S1-895290859	S3-360351922	add	D-025
S1-895672692	S2-113959405	add	D-025
S1-899076179	S3-151244354	add	D-025
S1-899727843	S3-155187591	add	D-025
S1-899923611	S3-559832616	add	D-025
S1-901153311	S3-311213703	add	D-025
S1-903481382	S3-342805439	add	D-025
S1-905546998	S3-435954342	add	D-025
S1-906635005	S2-783294285	add	D-025
S1-907680727	S3-428725095	add	D-025
S1-90864370	S3-283120262	add	D-025
S1-911995274	S2-184013450	add	D-025
S1-912456483	S2-778053819	add	D-025
S1-912477247	S3-346682848	add	D-025
S1-914861672	S3-338436420	add	D-025
S1-916476156	S2-284335918	add	D-025
S1-916864618	S3-535587802	add	D-025
S1-918070924	S2-960906606	add	D-025
S1-919114941	S2-966445095	add	D-025
S1-919836539	S2-714281353	add	D-025
S1-920931339	S2-747038441	add	D-025
S1-921495087	S3-32133970	add	D-025
S1-922778815	S2-16507726	add	D-025
S1-923529992	S3-792101754	add	D-025
S1-924877151	S3-761491305	add	D-025
S1-925051267	S2-117868770	add	D-025
S1-925760712	S3-860726317	add	D-025
S1-927383251	S3-349406123	add	D-025
S1-92784790	S2-417508602	add	D-025
S1-92800400	S3-59233679	add	D-025
S1-928133433	S3-572117510	add	D-025
S1-9282441	S3-749352821	add	D-025
S1-928284226	S3-859296050	add	D-025
S1-928764041	S3-58359071	add	D-025
S1-929391136	S3-540899208	add	D-025
S1-93077210	S2-52802126	add	D-025
S1-932999727	S2-670013940	add	D-025
S1-933433616	S2-603132507	add	D-025
S1-93372293	S2-517091279	add	D-025
S1-93491857	S3-634998184	add	D-025
S1-936590484	S3-756196973	add	D-025
S1-938140792	S3-125757218	add	D-025
S1-939613320	S2-459001582	add	D-025
S1-939619679	S3-963524778	add	D-025
S1-939660784	S3-25248171	add	D-025
S1-941855544	S3-651026753	add	D-025
S1-942244855	S3-912127912	add	D-025
S1-94253820	S3-236248497	add	D-025
S1-943181806	S3-767093821	add	D-025
S1-943545460	S3-426004864	add	D-025
S1-94373582	S3-911637251	add	D-025
S1-943843977	S2-377892651	add	D-025
S1-944179149	S2-696389242	add	D-025
S1-94484116	S2-980911576	add	D-025
S1-945913770	S2-740886100	add	D-025
S1-946209487	S2-773254522	add	D-025
S1-947283574	S2-70373210	add	D-025
S1-947635980	S3-791134364	add	D-025
S1-947740176	S2-760201042	add	D-025
S1-947740176	S3-531388424	add	D-025
S1-947903532	S2-632050052	add	D-025
S1-948302359	S3-368084429	add	D-025
S1-949215160	S2-601507360	add	D-025
S1-950511800	S3-902482124	add	D-025
S1-951429521	S2-742793144	add	D-025
S1-953070439	S2-38276386	add	D-025
S1-953092640	S2-483752872	add	D-025
S1-95448346	S3-834088866	add	D-025
S1-954998821	S3-30519390	add	D-025
S1-956513204	S3-119829567	add	D-025
S1-956666362	S2-110829914	add	D-025
S1-957230289	S3-72057681	add	D-025
S1-957494604	S3-171847691	add	D-025
S1-957790142	S3-480956150	add	D-025
S1-959879999	S3-602066823	add	D-025
S1-963220839	S3-440213520	add	D-025
S1-963703885	S2-634676440	add	D-025
S1-964156493	S3-229570851	add	D-025
S1-96449456	S2-869267375	add	D-025
S1-96511981	S2-689060545	add	D-025
S1-965245456	S3-305232778	add	D-025
S1-966326731	S2-801799506	add	D-025
S1-966656034	S3-965326000	add	D-025
S1-967762585	S3-229077578	add	D-025
S1-968133668	S2-792045708	add	D-025
S1-968448046	S3-133885093	add	D-025
S1-968484551	S2-891314090	add	D-025
S1-969437289	S3-677982273	add	D-025
S1-969657322	S3-548216651	add	D-025
S1-970636087	S2-101991542	add	D-025
S1-971160836	S3-265519173	add	D-025
S1-971739964	S2-801976124	add	D-025
S1-971842760	S2-45012797	add	D-025
S1-972728839	S2-84287011	add	D-025
S1-976217628	S3-220052861	add	D-025
S1-977202025	S2-113737872	add	D-025
S1-979913228	S2-430004658	add	D-025
S1-980784829	S2-738369398	add	D-025
S1-982096181	S3-944417376	add	D-025
S1-982869086	S2-248042290	add	D-025
S1-983675222	S2-849945266	add	D-025
S1-983934376	S3-38003295	add	D-025
S1-985827741	S2-54686631	add	D-025
S1-986529105	S2-788966384	add	D-025
S1-986726597	S2-37943584	add	D-025
S1-986770973	S3-106623265	add	D-025
S1-987655718	S3-932378876	add	D-025
S1-989743427	S3-681347472	add	D-025
S1-989791756	S2-229029431	add	D-025
S1-99015250	S3-293366542	add	D-025
S1-991745602	S3-944651343	add	D-025
S1-992073143	S3-703634526	add	D-025
S1-992327757	S3-669516284	add	D-025
S1-995993173	S3-460297453	add	D-025
S1-997162196	S2-248931289	add	D-025
S1-997772756	S2-227278096	add	D-025
S1-998283192	S2-655479018	add	D-025
S1-100592960	S2-212020973	remove	D-026
S1-113642717	S3-271954821	remove	D-026
S1-114658876	S2-100164944	remove	D-026
S1-114658876	S2-735055406	remove	D-026
S1-114658876	S2-921631990	remove	D-026
S1-116204154	S2-308868729	remove	D-026
S1-118940734	S2-603152165	remove	D-026
S1-120804053	S3-31251435	remove	D-026
S1-122871995	S3-104142624	remove	D-026
S1-122871995	S3-626581225	remove	D-026
S1-123683427	S2-776509145	remove	D-026
S1-124508481	S3-782329127	remove	D-026
S1-129946684	S2-346300884	remove	D-026
S1-13397420	S2-336000564	remove	D-026
S1-136187762	S2-667906898	remove	D-026
S1-136767660	S3-247595507	remove	D-026
S1-140363664	S2-288369993	remove	D-026
S1-143577083	S3-247649662	remove	D-026
S1-144736164	S3-398540507	remove	D-026
S1-147668950	S2-902582323	remove	D-026
S1-148473137	S2-254689753	remove	D-026
S1-14901295	S3-644023809	remove	D-026
S1-151245725	S3-546397105	remove	D-026
S1-152028715	S3-76047122	remove	D-026
S1-155839562	S3-439361755	remove	D-026
S1-156143427	S3-650131934	remove	D-026
S1-156918461	S3-956403582	remove	D-026
S1-159572730	S3-518268698	remove	D-026
S1-160515056	S2-820702154	remove	D-026
S1-162026599	S3-599597125	remove	D-026
S1-162964146	S3-681361919	remove	D-026
S1-164774384	S2-214777095	remove	D-026
S1-164807222	S2-442165002	remove	D-026
S1-169072380	S3-632208867	remove	D-026
S1-169599069	S2-849125263	remove	D-026
S1-172691679	S2-28847590	remove	D-026
S1-17283342	S3-601538992	remove	D-026
S1-182592942	S2-72524754	remove	D-026
S1-182592942	S3-706941518	remove	D-026
S1-182763460	S3-614846297	remove	D-026
S1-190839793	S3-319943152	remove	D-026
S1-199631259	S3-346475439	remove	D-026
S1-199755070	S2-576544055	remove	D-026
S1-201563762	S3-510665652	remove	D-026
S1-202327133	S2-60164147	remove	D-026
S1-202535810	S2-8559178	remove	D-026
S1-203655974	S2-142412201	remove	D-026
S1-204838771	S2-902898083	remove	D-026
S1-204924115	S3-524560334	remove	D-026
S1-207585226	S2-939739746	remove	D-026
S1-207865693	S3-948509771	remove	D-026
S1-209535970	S2-945919178	remove	D-026
S1-209907230	S3-48659161	remove	D-026
S1-211273408	S3-576528540	remove	D-026
S1-216941770	S3-513332377	remove	D-026
S1-218608617	S3-354939977	remove	D-026
S1-220157087	S3-850279058	remove	D-026
S1-222854329	S2-673922885	remove	D-026
S1-22582994	S2-378819654	remove	D-026
S1-227551844	S2-998105004	remove	D-026
S1-229489422	S3-459446598	remove	D-026
S1-229751213	S3-976088575	remove	D-026
S1-23060086	S3-450577356	remove	D-026
S1-236309594	S3-537729133	remove	D-026
S1-238917098	S3-530022191	remove	D-026
S1-241064226	S3-984730756	remove	D-026
S1-241163431	S3-361195819	remove	D-026
S1-241399355	S3-773540314	remove	D-026
S1-243059011	S2-77643010	remove	D-026
S1-246581599	S2-431929267	remove	D-026
S1-246581599	S3-942195903	remove	D-026
S1-250871511	S3-668200284	remove	D-026
S1-252562799	S3-871318799	remove	D-026
S1-252742864	S2-844450887	remove	D-026
S1-258809644	S3-194010194	remove	D-026
S1-260367919	S3-943828551	remove	D-026
S1-260862898	S2-531349063	remove	D-026
S1-260862898	S3-864319437	remove	D-026
S1-261908559	S3-77375838	remove	D-026
S1-261935855	S3-303162408	remove	D-026
S1-263635391	S3-573726849	remove	D-026
S1-263635391	S3-713970568	remove	D-026
S1-264097584	S3-831942865	remove	D-026
S1-264167098	S2-221769801	remove	D-026
S1-264167098	S2-693773532	remove	D-026
S1-270073209	S2-896953560	remove	D-026
S1-270687263	S2-383670839	remove	D-026
S1-270687263	S2-624819268	remove	D-026
S1-270882916	S3-113963256	remove	D-026
S1-272185172	S2-328897663	remove	D-026
S1-275824544	S3-990125938	remove	D-026
S1-278330761	S3-726806716	remove	D-026
S1-27892357	S2-6835295	remove	D-026
S1-281133258	S3-267934387	remove	D-026
S1-283409926	S2-107418742	remove	D-026
S1-286258726	S2-499619847	remove	D-026
S1-287400499	S3-76513277	remove	D-026
S1-29222800	S3-236270347	remove	D-026
S1-293996010	S2-670111264	remove	D-026
S1-295224395	S2-220983664	remove	D-026
S1-297719466	S3-354277102	remove	D-026
S1-300229571	S2-722640514	remove	D-026
S1-301231768	S2-516719319	remove	D-026
S1-30243023	S2-453950504	remove	D-026
S1-308996728	S3-821963242	remove	D-026
S1-310072898	S3-36056770	remove	D-026
S1-314886881	S3-719639177	remove	D-026
S1-318697415	S2-882216589	remove	D-026
S1-32229182	S3-847205476	remove	D-026
S1-325655982	S3-148271920	remove	D-026
S1-326537593	S3-187183824	remove	D-026
S1-327050020	S2-862500333	remove	D-026
S1-329888931	S2-895399435	remove	D-026
S1-330056884	S2-438214004	remove	D-026
S1-330905465	S2-58469579	remove	D-026
S1-331619754	S3-696074573	remove	D-026
S1-333055706	S2-939314595	remove	D-026
S1-333560456	S3-217534677	remove	D-026
S1-33475386	S2-188401895	remove	D-026
S1-337801701	S3-858800361	remove	D-026
S1-340171825	S3-178222325	remove	D-026
S1-344277006	S3-323837862	remove	D-026
S1-344594945	S3-367622010	remove	D-026
S1-345378018	S2-601693223	remove	D-026
S1-346394021	S3-426865482	remove	D-026
S1-348358845	S2-179632966	remove	D-026
S1-351280320	S2-37980863	remove	D-026
S1-352020058	S2-332458732	remove	D-026
S1-3521584	S3-512285353	remove	D-026
S1-352433924	S2-698219510	remove	D-026
S1-366578457	S2-91545448	remove	D-026
S1-368712800	S2-590119194	remove	D-026
S1-369449075	S3-588382437	remove	D-026
S1-370109556	S2-139438653	remove	D-026
S1-375449969	S3-709463074	remove	D-026
S1-376054848	S3-253986534	remove	D-026
S1-376455294	S3-998535194	remove	D-026
S1-377834870	S3-349383232	remove	D-026
S1-378252393	S2-972985334	remove	D-026
S1-379684659	S2-992477735	remove	D-026
S1-379977127	S3-285828219	remove	D-026
S1-381083043	S2-503216146	remove	D-026
S1-39029177	S2-786207911	remove	D-026
S1-391611470	S2-672031865	remove	D-026
S1-392190573	S3-511904802	remove	D-026
S1-39299114	S2-784404572	remove	D-026
S1-393914388	S3-359396392	remove	D-026
S1-396023141	S3-73724052	remove	D-026
S1-400280462	S3-317321127	remove	D-026
S1-402197625	S3-429167621	remove	D-026
S1-403124333	S3-427683814	remove	D-026
S1-403124333	S3-689660161	remove	D-026
S1-403124333	S3-911690289	remove	D-026
S1-403284826	S2-156776737	remove	D-026
S1-403284826	S3-787739254	remove	D-026
S1-404130052	S3-906067354	remove	D-026
S1-406815359	S3-986651144	remove	D-026
S1-408938831	S2-964652861	remove	D-026
S1-416799422	S2-574117351	remove	D-026
S1-417037713	S3-51259675	remove	D-026
S1-418103439	S3-457383118	remove	D-026
S1-418431185	S3-797598484	remove	D-026
S1-418996247	S2-752207981	remove	D-026
S1-420661146	S3-314515202	remove	D-026
S1-421987022	S2-748128191	remove	D-026
S1-423991731	S3-642447566	remove	D-026
S1-427147515	S3-242667011	remove	D-026
S1-431056043	S2-991451693	remove	D-026
S1-431349204	S3-20406587	remove	D-026
S1-437716868	S3-735790495	remove	D-026
S1-437987717	S2-968883347	remove	D-026
S1-439536857	S3-186874284	remove	D-026
S1-442208685	S3-718180001	remove	D-026
S1-442709609	S3-186157591	remove	D-026
S1-443032817	S3-606911453	remove	D-026
S1-443118426	S2-899468915	remove	D-026
S1-444619280	S3-260650590	remove	D-026
S1-447338172	S3-568331464	remove	D-026
S1-448687727	S2-276042429	remove	D-026
S1-452235751	S2-876983107	remove	D-026
S1-453155645	S3-495815934	remove	D-026
S1-455336491	S3-175652979	remove	D-026
S1-457292447	S2-429003027	remove	D-026
S1-458104363	S2-112874249	remove	D-026
S1-46019613	S2-408347665	remove	D-026
S1-460204713	S3-687792614	remove	D-026
S1-462067044	S3-794681078	remove	D-026
S1-462690487	S3-927538992	remove	D-026
S1-46364345	S3-583952856	remove	D-026
S1-464388738	S3-892373485	remove	D-026
S1-466688198	S2-270453201	remove	D-026
S1-467700398	S3-890912509	remove	D-026
S1-470053242	S2-673025243	remove	D-026
S1-470853124	S3-202779721	remove	D-026
S1-472091563	S2-824748330	remove	D-026
S1-472919744	S2-496709475	remove	D-026
S1-47439741	S3-38612219	remove	D-026
S1-483421848	S3-59591293	remove	D-026
S1-485082916	S3-345700144	remove	D-026
S1-488665075	S2-97950655	remove	D-026
S1-494045572	S3-133411813	remove	D-026
S1-495092847	S3-157660497	remove	D-026
S1-496689077	S2-800598810	remove	D-026
S1-49704128	S3-948759035	remove	D-026
S1-499045307	S3-746047226	remove	D-026
S1-499490912	S3-692721041	remove	D-026
S1-501533787	S3-63964491	remove	D-026
S1-503313054	S3-998094975	remove	D-026
S1-508385793	S3-75271834	remove	D-026
S1-509350673	S3-249663514	remove	D-026
S1-509783277	S3-494233276	remove	D-026
S1-51073312	S3-713295933	remove	D-026
S1-514936056	S2-786177501	remove	D-026
S1-519476783	S3-303234188	remove	D-026
S1-524734033	S3-949646528	remove	D-026
S1-525680223	S3-360190786	remove	D-026
S1-525848705	S3-783946694	remove	D-026
S1-525944164	S2-496863128	remove	D-026
S1-525944164	S2-768244444	remove	D-026
S1-525944164	S2-838316057	remove	D-026
S1-527923171	S2-655781656	remove	D-026
S1-529304663	S2-908128216	remove	D-026
S1-529736464	S3-508917441	remove	D-026
S1-531141799	S3-850386270	remove	D-026
S1-531807086	S3-94073012	remove	D-026
S1-53193700	S2-624805458	remove	D-026
S1-541093754	S2-780771991	remove	D-026
S1-542599245	S2-656738263	remove	D-026
S1-542705340	S3-743189465	remove	D-026
S1-546076001	S2-563385885	remove	D-026
S1-546076001	S3-289503690	remove	D-026
S1-549132232	S3-433383216	remove	D-026
S1-550268381	S3-147791644	remove	D-026
S1-551013002	S3-578737239	remove	D-026
S1-551127437	S3-203905480	remove	D-026
S1-554424310	S3-404612597	remove	D-026
S1-557384951	S3-634695654	remove	D-026
S1-557620993	S2-761367067	remove	D-026
S1-558647236	S2-989091110	remove	D-026
S1-55992406	S3-360762774	remove	D-026
S1-560246501	S3-914080386	remove	D-026
S1-565764487	S3-739239682	remove	D-026
S1-570231226	S3-380321058	remove	D-026
S1-572393620	S3-18228602	remove	D-026
S1-57352588	S3-695174529	remove	D-026
S1-576581007	S2-115397592	remove	D-026
S1-579285496	S3-333753429	remove	D-026
S1-579589878	S3-506835388	remove	D-026
S1-579764568	S3-549121261	remove	D-026
S1-581140875	S3-567685216	remove	D-026
S1-584133261	S3-216779199	remove	D-026
S1-584133261	S3-731196239	remove	D-026
S1-588712815	S2-328739326	remove	D-026
S1-59098132	S2-445821969	remove	D-026
S1-596680711	S3-316815933	remove	D-026
S1-597101919	S3-661233667	remove	D-026
S1-599747287	S3-524859336	remove	D-026
S1-600503848	S2-801793482	remove	D-026
S1-60053756	S3-682362869	remove	D-026
S1-601612860	S3-239210760	remove	D-026
S1-606709818	S3-710281058	remove	D-026
S1-606729316	S2-852363850	remove	D-026
S1-608194008	S2-372612989	remove	D-026
S1-609554948	S3-288431782	remove	D-026
S1-609683320	S2-941070444	remove	D-026
S1-610698132	S3-945871010	remove	D-026
S1-611343794	S3-349853561	remove	D-026
S1-611889533	S2-201882500	remove	D-026
S1-614736438	S3-718285049	remove	D-026
S1-61480241	S2-528334234	remove	D-026
S1-616328994	S3-577790778	remove	D-026
S1-618309382	S2-487324099	remove	D-026
S1-619117102	S2-889094842	remove	D-026
S1-623253122	S2-356517883	remove	D-026
S1-624971554	S2-557141365	remove	D-026
S1-627908830	S2-273510059	remove	D-026
S1-628989850	S2-163824709	remove	D-026
S1-631137828	S3-371239783	remove	D-026
S1-634197173	S3-415587660	remove	D-026
S1-636675627	S3-962706775	remove	D-026
S1-64616127	S3-310970796	remove	D-026
S1-652568285	S2-822989233	remove	D-026
S1-652568285	S3-610274424	remove	D-026
S1-655350375	S3-773477218	remove	D-026
S1-655350375	S3-979216285	remove	D-026
S1-656357809	S2-215686023	remove	D-026
S1-656357809	S2-874053733	remove	D-026
S1-657832908	S2-764381678	remove	D-026
S1-658093301	S2-955170889	remove	D-026
S1-658496551	S3-164906103	remove	D-026
S1-6623059	S2-470426768	remove	D-026
S1-665537374	S3-994605563	remove	D-026
S1-665563621	S3-359013172	remove	D-026
S1-665913742	S3-41560479	remove	D-026
S1-668340337	S2-430457143	remove	D-026
S1-66922769	S2-46057908	remove	D-026
S1-669328716	S3-625066405	remove	D-026
S1-671489718	S3-755964484	remove	D-026
S1-676762865	S2-480226837	remove	D-026
S1-677567170	S3-679257920	remove	D-026
S1-677823507	S2-380713828	remove	D-026
S1-680203258	S2-106885556	remove	D-026
S1-681242964	S2-763174790	remove	D-026
S1-682410328	S2-377772034	remove	D-026
S1-682596413	S2-74831620	remove	D-026
S1-682598176	S3-431909437	remove	D-026
S1-684790559	S2-352906911	remove	D-026
S1-684790559	S3-389709011	remove	D-026
S1-685964363	S3-735877407	remove	D-026
S1-689309396	S3-909982149	remove	D-026
S1-689933801	S2-165700032	remove	D-026
S1-690181385	S3-294137652	remove	D-026
S1-699458158	S3-198897148	remove	D-026
S1-700846450	S3-513384602	remove	D-026
S1-700861220	S3-181804590	remove	D-026
S1-702409649	S3-990466199	remove	D-026
S1-70520107	S2-677440696	remove	D-026
S1-706192632	S3-78535220	remove	D-026
S1-709796585	S3-366226516	remove	D-026
S1-710733791	S2-999975058	remove	D-026
S1-711347768	S2-461556494	remove	D-026
S1-714336993	S3-512064532	remove	D-026
S1-715744287	S2-233993336	remove	D-026
S1-719708836	S2-224040787	remove	D-026
S1-721244130	S2-660327070	remove	D-026
S1-721386611	S2-760591300	remove	D-026
S1-722944121	S3-590795027	remove	D-026
S1-722944121	S3-655130280	remove	D-026
S1-723976467	S2-596264967	remove	D-026
S1-725759814	S3-447707098	remove	D-026
S1-725978921	S3-767534991	remove	D-026
S1-726193407	S3-815169333	remove	D-026
S1-72864331	S3-848135705	remove	D-026
S1-728790192	S2-267929881	remove	D-026
S1-728790192	S2-748178750	remove	D-026
S1-728790192	S3-824564856	remove	D-026
S1-728790192	S3-872685111	remove	D-026
S1-729356600	S2-396233130	remove	D-026
S1-729356600	S2-447844828	remove	D-026
S1-72974036	S3-762009353	remove	D-026
S1-730000726	S2-782078995	remove	D-026
S1-730000726	S2-934263840	remove	D-026
S1-730000726	S3-410002601	remove	D-026
S1-730942273	S2-180356702	remove	D-026
S1-734445193	S2-429474021	remove	D-026
S1-741854963	S3-54977166	remove	D-026
S1-743075891	S2-416368989	remove	D-026
S1-744100617	S3-397046837	remove	D-026
S1-750148482	S2-356398800	remove	D-026
S1-750846478	S3-538216828	remove	D-026
S1-751103725	S3-808872399	remove	D-026
S1-756779014	S3-319537984	remove	D-026
S1-760437870	S3-15651706	remove	D-026
S1-760830181	S2-111007619	remove	D-026
S1-760830181	S3-480208058	remove	D-026
S1-770069444	S2-86040706	remove	D-026
S1-770577415	S3-402841116	remove	D-026
S1-77248075	S3-768675105	remove	D-026
S1-772748314	S3-479699315	remove	D-026
S1-773686433	S2-546121255	remove	D-026
S1-773860161	S3-177995205	remove	D-026
S1-781514430	S2-41247905	remove	D-026
S1-783731724	S3-22045834	remove	D-026
S1-788729471	S3-407681561	remove	D-026
S1-788871372	S3-331995819	remove	D-026
S1-791419901	S2-378396571	remove	D-026
S1-792257409	S3-126673137	remove	D-026
S1-792721984	S3-168789897	remove	D-026
S1-792832861	S3-727750137	remove	D-026
S1-794101224	S3-692731053	remove	D-026
S1-805972911	S2-245263697	remove	D-026
S1-808940404	S2-649480728	remove	D-026
S1-812966604	S3-639432972	remove	D-026
S1-814205375	S2-975176957	remove	D-026
S1-815596956	S2-245387052	remove	D-026
S1-819671027	S2-159873910	remove	D-026
S1-819671027	S2-29442131	remove	D-026
S1-82177966	S2-586019212	remove	D-026
S1-82185203	S3-154273509	remove	D-026
S1-823414681	S2-452191300	remove	D-026
S1-823414681	S2-955880668	remove	D-026
S1-825373834	S2-969578570	remove	D-026
S1-829241580	S2-847950185	remove	D-026
S1-829934825	S3-196481114	remove	D-026
S1-83138883	S2-940376217	remove	D-026
S1-832741283	S2-467502533	remove	D-026
S1-836716542	S3-800490341	remove	D-026
S1-841314436	S3-116317314	remove	D-026
S1-843630416	S3-507673499	remove	D-026
S1-846604849	S3-465714084	remove	D-026
S1-847130832	S2-425680822	remove	D-026
S1-856945205	S3-689813772	remove	D-026
S1-858415424	S2-252094789	remove	D-026
S1-860340774	S3-571519920	remove	D-026
S1-860373065	S3-355388797	remove	D-026
S1-861386741	S3-339057751	remove	D-026
S1-862134169	S3-89499461	remove	D-026
S1-863622844	S2-964526773	remove	D-026
S1-866796587	S3-995743732	remove	D-026
S1-868308573	S3-135084606	remove	D-026
S1-86907200	S3-223821951	remove	D-026
S1-873475494	S3-771194825	remove	D-026
S1-873999614	S2-764437239	remove	D-026
S1-874064971	S3-395574643	remove	D-026
S1-874275804	S3-878193790	remove	D-026
S1-874326791	S3-678342760	remove	D-026
S1-876626755	S3-358232167	remove	D-026
S1-877423405	S3-472771779	remove	D-026
S1-880496180	S2-588879601	remove	D-026
S1-884507030	S2-640548300	remove	D-026
S1-888104322	S3-269986148	remove	D-026
S1-891301557	S2-247843	remove	D-026
S1-89208094	S2-91839334	remove	D-026
S1-895759819	S3-894374838	remove	D-026
S1-896454576	S2-494783243	remove	D-026
S1-900617001	S3-610829960	remove	D-026
S1-911419360	S3-241430130	remove	D-026
S1-912231452	S2-601203686	remove	D-026
S1-912907320	S3-152176445	remove	D-026
S1-915340819	S3-941178426	remove	D-026
S1-915673235	S2-933967327	remove	D-026
S1-916243353	S3-392424788	remove	D-026
S1-919594615	S2-913801848	remove	D-026
S1-920275160	S2-676590190	remove	D-026
S1-92570134	S2-770331644	remove	D-026
S1-926165206	S3-156809018	remove	D-026
S1-926165206	S3-837332221	remove	D-026
S1-926583903	S2-702994694	remove	D-026
S1-927419295	S2-991422773	remove	D-026
S1-938957386	S2-143126108	remove	D-026
S1-949368924	S3-977468188	remove	D-026
S1-95018925	S2-873871454	remove	D-026
S1-95189566	S3-198167101	remove	D-026
S1-951904842	S2-156495292	remove	D-026
S1-955648426	S3-2805700	remove	D-026
S1-955648426	S3-31749998	remove	D-026
S1-956063404	S2-115180134	remove	D-026
S1-956068248	S2-728179831	remove	D-026
S1-958396139	S3-616561358	remove	D-026
S1-965242431	S3-379047142	remove	D-026
S1-965724328	S2-163986499	remove	D-026
S1-968157702	S2-783892822	remove	D-026
S1-968304089	S3-742448435	remove	D-026
S1-968702027	S3-349558307	remove	D-026
S1-971200554	S3-108808542	remove	D-026
S1-974424934	S3-568911442	remove	D-026
S1-979450926	S3-703203335	remove	D-026
S1-98916707	S2-931366023	remove	D-026
S1-990159436	S3-521322595	remove	D-026
S1-992094988	S2-718504837	remove	D-026
S1-99246789	S2-873143952	remove	D-026
S1-993100627	S3-670897602	remove	D-026
S1-993325837	S2-505018619	remove	D-026
S1-100120226	S3-340529120	add	D-026
S1-100340723	S2-203968658	add	D-026
S1-100999610	S3-243395330	add	D-026
S1-101651890	S2-21474065	add	D-026
S1-101910308	S3-345287516	add	D-026
S1-102618491	S3-660939711	add	D-026
S1-104349766	S2-654778611	add	D-026
S1-105250970	S3-925514555	add	D-026
S1-105543713	S3-170428671	add	D-026
S1-105886115	S2-186598151	add	D-026
S1-106606012	S3-826904013	add	D-026
S1-10671926	S2-145896880	add	D-026
S1-106859228	S2-703465898	add	D-026
S1-107889359	S2-156348133	add	D-026
S1-108517878	S3-581817119	add	D-026
S1-108815850	S3-818781550	add	D-026
S1-109282321	S3-264316566	add	D-026
S1-109439304	S3-671028718	add	D-026
S1-109537167	S2-909073874	add	D-026
S1-109783216	S3-906552975	add	D-026
S1-110105569	S3-332331795	add	D-026
S1-110272345	S3-966802521	add	D-026
S1-11049790	S2-487809751	add	D-026
S1-110777165	S3-444617817	add	D-026
S1-110965337	S2-440873751	add	D-026
S1-111060521	S2-304389051	add	D-026
S1-111878283	S3-549080720	add	D-026
S1-113284692	S3-146735446	add	D-026
S1-113397394	S3-984096051	add	D-026
S1-113547082	S3-244580329	add	D-026
S1-113703999	S2-612361696	add	D-026
S1-114373796	S3-140493602	add	D-026
S1-114643672	S2-801094728	add	D-026
S1-114814436	S3-309225282	add	D-026
S1-114844205	S3-742689521	add	D-026
S1-115685650	S3-828594829	add	D-026
S1-11614539	S2-397671341	add	D-026
S1-116166957	S3-233421228	add	D-026
S1-1181263	S3-335360202	add	D-026
S1-118242660	S2-934821165	add	D-026
S1-119203399	S2-824930366	add	D-026
S1-119242570	S2-849806362	add	D-026
S1-12048770	S3-128636770	add	D-026
S1-120775271	S2-985306684	add	D-026
S1-12085740	S2-351442312	add	D-026
S1-121607807	S3-605959083	add	D-026
S1-121712694	S3-658999599	add	D-026
S1-122140906	S3-574745308	add	D-026
S1-122354494	S2-975246916	add	D-026
S1-123257311	S3-327693459	add	D-026
S1-123733008	S2-67551016	add	D-026
S1-123814794	S3-614601421	add	D-026
S1-124427312	S3-443222611	add	D-026
S1-125015728	S3-838424901	add	D-026
S1-125029122	S2-349099086	add	D-026
S1-125122196	S2-446313323	add	D-026
S1-125207474	S3-641978355	add	D-026
S1-126892107	S3-210396316	add	D-026
S1-127025968	S2-367104171	add	D-026
S1-127769204	S3-782884599	add	D-026
S1-128380525	S3-960623033	add	D-026
S1-129390346	S3-275688897	add	D-026
S1-129815532	S3-152187889	add	D-026
S1-130174915	S2-367836052	add	D-026
S1-130996018	S2-961096184	add	D-026
S1-131477502	S3-245627981	add	D-026
S1-131887731	S2-22823530	add	D-026
S1-132629322	S3-207352070	add	D-026
S1-133153176	S3-937811160	add	D-026
S1-133401405	S3-888700581	add	D-026
S1-133769297	S3-975871967	add	D-026
S1-134073206	S3-103088029	add	D-026
S1-134404724	S2-972046086	add	D-026
S1-134844831	S3-350764321	add	D-026
S1-135685436	S3-680495934	add	D-026
S1-136011410	S2-225777687	add	D-026
S1-136018452	S3-726044324	add	D-026
S1-13627230	S2-645277567	add	D-026
S1-136412623	S3-902920004	add	D-026
S1-136466720	S2-983023645	add	D-026
S1-137841467	S3-508489784	add	D-026
S1-137846041	S3-694214639	add	D-026
S1-138587382	S3-545614646	add	D-026
S1-140090289	S3-740230544	add	D-026
S1-140837762	S3-29903943	add	D-026
S1-141459482	S3-293725812	add	D-026
S1-141597525	S2-922058600	add	D-026
S1-143289885	S3-800238217	add	D-026
S1-143572778	S2-243829875	add	D-026
S1-143947978	S3-569544770	add	D-026
S1-144206772	S3-980993090	add	D-026
S1-145119942	S3-907362483	add	D-026
S1-145514134	S3-82848557	add	D-026
S1-145560180	S3-73036158	add	D-026
S1-146108507	S2-95861731	add	D-026
S1-146795795	S2-268429812	add	D-026
S1-146884398	S3-418212461	add	D-026
S1-146936107	S3-425239955	add	D-026
S1-147183410	S3-141958746	add	D-026
S1-148752500	S3-497832108	add	D-026
S1-149111775	S2-239422898	add	D-026
S1-150455408	S3-495250995	add	D-026
S1-151041357	S3-634693174	add	D-026
S1-151470960	S3-126669204	add	D-026
S1-15163650	S3-934558	add	D-026
S1-152051149	S2-952409170	add	D-026
S1-15207422	S3-83843305	add	D-026
S1-152518467	S2-848285794	add	D-026
S1-152664874	S3-213361672	add	D-026
S1-152872586	S3-356334652	add	D-026
S1-153399099	S3-628092201	add	D-026
S1-154171402	S3-53612042	add	D-026
S1-154590843	S2-933843582	add	D-026
S1-156168128	S3-835633767	add	D-026
S1-157028951	S2-664778631	add	D-026
S1-157590354	S3-753592550	add	D-026
S1-158140812	S2-80529844	add	D-026
S1-159327319	S2-881291191	add	D-026
S1-15949891	S3-80500908	add	D-026
S1-159567291	S3-148283233	add	D-026
S1-161133434	S3-521261505	add	D-026
S1-161221223	S2-852084239	add	D-026
S1-161231588	S2-355728697	add	D-026
S1-162056656	S2-316020518	add	D-026
S1-162191397	S2-797158782	add	D-026
S1-162750025	S2-752001512	add	D-026
S1-163005039	S3-152841000	add	D-026
S1-163209653	S2-558715461	add	D-026
S1-164349479	S3-977303146	add	D-026
S1-164842677	S2-660373292	add	D-026
S1-16655920	S2-959107144	add	D-026
S1-167146025	S3-579785471	add	D-026
S1-167673347	S3-629950729	add	D-026
S1-167969882	S3-254947438	add	D-026
S1-168468393	S3-99280834	add	D-026
S1-170742928	S2-36532954	add	D-026
S1-17085504	S3-197456251	add	D-026
S1-17097057	S3-379859955	add	D-026
S1-171101229	S3-460861378	add	D-026
S1-172106180	S2-768640895	add	D-026
S1-172265927	S3-840269268	add	D-026
S1-172311837	S2-100552182	add	D-026
S1-172431826	S2-395829077	add	D-026
S1-172821866	S2-329130096	add	D-026
S1-17347368	S2-746394189	add	D-026
S1-174231611	S3-609886638	add	D-026
S1-174648348	S2-377419348	add	D-026
S1-175466494	S3-791435268	add	D-026
S1-175476929	S3-457322641	add	D-026
S1-175733061	S2-421253927	add	D-026
S1-176067345	S3-395827158	add	D-026
S1-176151299	S2-610237598	add	D-026
S1-176221849	S3-991575863	add	D-026
S1-176633595	S3-138061540	add	D-026
S1-177034849	S3-343188982	add	D-026
S1-178383513	S2-545643187	add	D-026
S1-179257231	S2-149830845	add	D-026
S1-179454710	S3-753885577	add	D-026
S1-179876773	S3-164058393	add	D-026
S1-180028407	S2-492206706	add	D-026
S1-180313769	S2-672740587	add	D-026
S1-18123650	S2-743161286	add	D-026
S1-181407553	S3-571271048	add	D-026
S1-181483430	S2-765711289	add	D-026
S1-182136488	S3-100792741	add	D-026
S1-182857527	S2-759486062	add	D-026
S1-182974297	S3-556069738	add	D-026
S1-183956113	S3-211584877	add	D-026
S1-184406933	S2-640843855	add	D-026
S1-184450945	S2-637553710	add	D-026
S1-184719118	S3-946166067	add	D-026
S1-184799894	S2-379506913	add	D-026
S1-184836498	S2-27374246	add	D-026
S1-18572153	S3-692067573	add	D-026
S1-185773614	S2-851456471	add	D-026
S1-185825936	S2-604532030	add	D-026
S1-185834757	S3-683693601	add	D-026
S1-185893800	S2-22687376	add	D-026
S1-186303739	S2-151404533	add	D-026
S1-18672507	S2-535285695	add	D-026
S1-187202383	S3-747054769	add	D-026
S1-18772215	S3-482547232	add	D-026
S1-187884408	S3-520842396	add	D-026
S1-187976079	S3-614871088	add	D-026
S1-188336211	S3-155216169	add	D-026
S1-188379456	S2-113398748	add	D-026
S1-188423221	S2-773649828	add	D-026
S1-188464872	S2-688893851	add	D-026
S1-188533202	S3-900819239	add	D-026
S1-189564356	S2-411327623	add	D-026
S1-189712538	S2-563518203	add	D-026
S1-191269527	S2-820901158	add	D-026
S1-191512135	S2-362126568	add	D-026
S1-191814458	S2-944016833	add	D-026
S1-192406162	S3-712455890	add	D-026
S1-19279416	S3-329106972	add	D-026
S1-193442349	S3-855036898	add	D-026
S1-193839402	S3-363648206	add	D-026
S1-19426242	S2-531714871	add	D-026
S1-194422244	S3-167926899	add	D-026
S1-194436615	S3-2782818	add	D-026
S1-194467977	S2-200494828	add	D-026
S1-19562733	S3-439445658	add	D-026
S1-195632805	S2-992104881	add	D-026
S1-196202095	S2-55240731	add	D-026
S1-196246658	S3-939181213	add	D-026
S1-196669045	S2-240842980	add	D-026
S1-196954317	S3-563792116	add	D-026
S1-197540650	S3-848074233	add	D-026
S1-197555194	S2-171759714	add	D-026
S1-198069625	S2-133122077	add	D-026
S1-198095745	S3-675641261	add	D-026
S1-19827729	S3-974224948	add	D-026
S1-19889093	S3-843570177	add	D-026
S1-198986366	S2-525159041	add	D-026
S1-199453043	S3-300066098	add	D-026
S1-199522306	S3-763877979	add	D-026
S1-200008943	S2-49982754	add	D-026
S1-200037778	S3-953061904	add	D-026
S1-200056666	S3-425280334	add	D-026
S1-200165809	S2-464970999	add	D-026
S1-200210809	S2-49547202	add	D-026
S1-200482832	S3-429308165	add	D-026
S1-200762196	S2-533152345	add	D-026
S1-200854807	S3-994218291	add	D-026
S1-201240623	S2-668331598	add	D-026
S1-201325009	S3-12183294	add	D-026
S1-201638502	S3-15037242	add	D-026
S1-201774146	S2-42407860	add	D-026
S1-201806176	S3-706174240	add	D-026
S1-201832294	S3-978105946	add	D-026
S1-202190739	S3-359075393	add	D-026
S1-202392885	S2-297673730	add	D-026
S1-202526237	S3-422442001	add	D-026
S1-202619039	S3-134617597	add	D-026
S1-20351457	S2-798156451	add	D-026
S1-204490222	S3-83216888	add	D-026
S1-205459912	S3-888016892	add	D-026
S1-205542836	S2-284311664	add	D-026
S1-205641574	S3-600108110	add	D-026
S1-205840296	S2-948204299	add	D-026
S1-205898710	S3-521966005	add	D-026
S1-206358267	S3-29117150	add	D-026
S1-206959575	S2-188388819	add	D-026
S1-206959575	S3-388807836	add	D-026
S1-207112472	S2-905876991	add	D-026
S1-207445972	S3-250919380	add	D-026
S1-20848400	S3-538211067	add	D-026
S1-208639235	S2-280872117	add	D-026
S1-208735484	S3-120569804	add	D-026
S1-209214274	S2-645380307	add	D-026
S1-209359976	S3-69504282	add	D-026
S1-209831143	S3-561629004	add	D-026
S1-211064440	S2-156846059	add	D-026
S1-211486465	S3-323184305	add	D-026
S1-211697628	S3-574751637	add	D-026
S1-211829120	S2-938661370	add	D-026
S1-212659866	S3-306708747	add	D-026
S1-213295021	S2-345950749	add	D-026
S1-213668037	S3-294148385	add	D-026
S1-213687030	S3-135741681	add	D-026
S1-213816272	S3-808565976	add	D-026
S1-213864504	S2-492775940	add	D-026
S1-21497384	S3-734636857	add	D-026
S1-215115183	S2-745347113	add	D-026
S1-215721230	S2-969156314	add	D-026
S1-216496297	S2-887947976	add	D-026
S1-216683762	S2-806316325	add	D-026
S1-217844177	S3-541196217	add	D-026
S1-217875432	S3-262807256	add	D-026
S1-218050178	S2-449246714	add	D-026
S1-21990904	S2-527297572	add	D-026
S1-22002478	S3-228629740	add	D-026
S1-220293125	S2-825536942	add	D-026
S1-220393800	S3-556801461	add	D-026
S1-221292194	S3-738221473	add	D-026
S1-221509173	S3-910744151	add	D-026
S1-222208746	S2-310371105	add	D-026
S1-224421028	S3-199555058	add	D-026
S1-224777371	S3-775634650	add	D-026
S1-224844749	S3-53971353	add	D-026
S1-226059787	S3-123162025	add	D-026
S1-226655124	S2-326344258	add	D-026
S1-226988304	S2-29210197	add	D-026
S1-227035619	S2-313647912	add	D-026
S1-227257217	S3-101953130	add	D-026
S1-227512388	S3-393489731	add	D-026
S1-22926701	S2-807436009	add	D-026
S1-229557758	S2-461977846	add	D-026
S1-229613243	S3-762504267	add	D-026
S1-229777046	S3-730328861	add	D-026
S1-230108425	S3-61104139	add	D-026
S1-230177856	S2-213102097	add	D-026
S1-2306723	S3-783483289	add	D-026
S1-231526883	S3-444678206	add	D-026
S1-231876354	S2-959090909	add	D-026
S1-232068130	S3-834240051	add	D-026
S1-232190400	S2-200265335	add	D-026
S1-232262046	S2-883958816	add	D-026
S1-232288883	S2-900664294	add	D-026
S1-232568408	S3-363476435	add	D-026
S1-232656230	S2-870943481	add	D-026
S1-232671622	S3-106768871	add	D-026
S1-232866570	S3-897481934	add	D-026
S1-233219176	S2-561293849	add	D-026
S1-233295283	S3-686921996	add	D-026
S1-234121342	S3-355548078	add	D-026
S1-234736673	S2-476872851	add	D-026
S1-235188231	S2-50452552	add	D-026
S1-235337830	S3-528251859	add	D-026
S1-235751330	S2-118690701	add	D-026
S1-235929522	S3-749410978	add	D-026
S1-236537780	S2-388708317	add	D-026
S1-236632069	S2-585513651	add	D-026
S1-236923331	S3-50409039	add	D-026
S1-237313682	S3-429140791	add	D-026
S1-238495276	S3-726975160	add	D-026
S1-239502804	S3-997717111	add	D-026
S1-239593292	S3-742479405	add	D-026
S1-240289005	S3-189449386	add	D-026
S1-241618483	S2-513284616	add	D-026
S1-242731026	S2-257502892	add	D-026
S1-243115606	S3-21148395	add	D-026
S1-243367790	S3-528427113	add	D-026
S1-243714352	S2-879320437	add	D-026
S1-243859440	S3-509694014	add	D-026
S1-243950747	S3-670556201	add	D-026
S1-246441618	S2-314853445	add	D-026
S1-246723729	S2-981389591	add	D-026
S1-246889393	S3-380001971	add	D-026
S1-247857261	S3-831518920	add	D-026
S1-247909542	S2-723417595	add	D-026
S1-248261822	S3-175444496	add	D-026
S1-248733873	S3-212580003	add	D-026
S1-248989020	S3-731241137	add	D-026
S1-249604369	S3-688541539	add	D-026
S1-250095736	S3-475246330	add	D-026
S1-25021207	S3-736489085	add	D-026
S1-251040217	S3-105443412	add	D-026
S1-251353152	S3-969743495	add	D-026
S1-251688486	S2-114519033	add	D-026
S1-251929772	S3-902659760	add	D-026
S1-253556940	S2-485999350	add	D-026
S1-253665423	S2-413320674	add	D-026
S1-253687396	S2-892143974	add	D-026
S1-253743499	S3-711957758	add	D-026
S1-253957488	S3-179026843	add	D-026
S1-254097923	S2-747860261	add	D-026
S1-254366559	S2-743893520	add	D-026
S1-254481884	S2-728811295	add	D-026
S1-254629315	S2-863244666	add	D-026
S1-254731981	S3-523095321	add	D-026
S1-25486764	S3-826969922	add	D-026
S1-254915155	S2-603821695	add	D-026
S1-255608267	S2-880578361	add	D-026
S1-255883093	S2-511480711	add	D-026
S1-256454668	S3-407484267	add	D-026
S1-256786162	S3-564468957	add	D-026
S1-256955938	S2-560242791	add	D-026
S1-257008767	S2-464390717	add	D-026
S1-257119906	S2-863791733	add	D-026
S1-257193779	S2-628113767	add	D-026
S1-257233866	S2-55716687	add	D-026
S1-257511253	S3-808164080	add	D-026
S1-257786349	S2-887181351	add	D-026
S1-257827751	S3-499994480	add	D-026
S1-258606402	S3-152056677	add	D-026
S1-259155262	S3-53568577	add	D-026
S1-259530225	S3-482344625	add	D-026
S1-259598665	S2-273571246	add	D-026
S1-25976889	S3-25218649	add	D-026
S1-259925509	S2-207677840	add	D-026
S1-260350425	S2-740318175	add	D-026
S1-260903019	S2-467946410	add	D-026
S1-261007607	S3-147971791	add	D-026
S1-261029237	S2-324991117	add	D-026
S1-261664468	S3-476630858	add	D-026
S1-261703385	S2-618478398	add	D-026
S1-261880915	S2-337178627	add	D-026
S1-262544441	S3-669071302	add	D-026
S1-26267887	S3-494920906	add	D-026
S1-26277367	S3-776971484	add	D-026
S1-264429214	S2-179148743	add	D-026
S1-264458509	S3-429555615	add	D-026
S1-264498352	S3-362420672	add	D-026
S1-264985315	S3-285639746	add	D-026
S1-26510865	S3-229927903	add	D-026
S1-26574293	S3-145488864	add	D-026
S1-266026756	S2-200313243	add	D-026
S1-26634225	S3-616185332	add	D-026
S1-266926928	S2-403624535	add	D-026
S1-266975711	S2-827466434	add	D-026
S1-267562883	S3-546016210	add	D-026
S1-267811740	S3-364023355	add	D-026
S1-268108607	S2-261665726	add	D-026
S1-26824647	S2-232093339	add	D-026
S1-268762188	S3-798620264	add	D-026
S1-269454998	S2-250580703	add	D-026
S1-269849348	S2-541497581	add	D-026
S1-270034684	S2-567645920	add	D-026
S1-271241309	S3-915475554	add	D-026
S1-271276933	S2-60131090	add	D-026
S1-27163124	S2-873975522	add	D-026
S1-271911483	S3-655575592	add	D-026
S1-272739628	S2-130892589	add	D-026
S1-27274450	S3-819762532	add	D-026
S1-27456286	S2-933914624	add	D-026
S1-275072140	S3-540668443	add	D-026
S1-275826585	S3-618171091	add	D-026
S1-276507819	S3-474214436	add	D-026
S1-27651581	S3-353019297	add	D-026
S1-277368879	S3-743277597	add	D-026
S1-277927005	S2-202115322	add	D-026
S1-27842615	S3-263750327	add	D-026
S1-278574418	S3-740353658	add	D-026
S1-279420988	S3-819754125	add	D-026
S1-280104907	S3-712458759	add	D-026
S1-280466151	S3-10063068	add	D-026
S1-280490214	S2-139998361	add	D-026
S1-280672495	S3-690366176	add	D-026
S1-2807646	S2-964719867	add	D-026
S1-281093446	S2-983200864	add	D-026
S1-281487574	S3-25026243	add	D-026
S1-281638813	S3-487968791	add	D-026
S1-282021166	S2-642820542	add	D-026
S1-2822522	S3-192184582	add	D-026
S1-282825570	S2-304080867	add	D-026
S1-282950474	S2-53653588	add	D-026
S1-283206904	S3-41532144	add	D-026
S1-283315692	S3-553557024	add	D-026
S1-28336716	S3-80555541	add	D-026
S1-283536808	S2-925341601	add	D-026
S1-283934619	S3-865477442	add	D-026
S1-284305733	S3-17312235	add	D-026
S1-284407549	S3-460146516	add	D-026
S1-285198980	S2-223279886	add	D-026
S1-28551160	S2-896421950	add	D-026
S1-28578146	S3-281899359	add	D-026
S1-286210109	S3-767764242	add	D-026
S1-28649545	S3-239706140	add	D-026
S1-287166658	S2-487052202	add	D-026
S1-287203252	S2-101670281	add	D-026
S1-288278053	S3-790666366	add	D-026
S1-288295880	S2-777053610	add	D-026
S1-289024874	S2-536206564	add	D-026
S1-289578269	S3-11744465	add	D-026
S1-289686999	S2-741626449	add	D-026
S1-291804058	S2-87817824	add	D-026
S1-292406278	S2-398389967	add	D-026
S1-2930821	S3-586057489	add	D-026
S1-293596304	S2-887020485	add	D-026
S1-293779747	S2-16049350	add	D-026
S1-293798666	S2-424271787	add	D-026
S1-294071577	S3-393400902	add	D-026
S1-294162215	S3-968005597	add	D-026
S1-29472381	S2-91392292	add	D-026
S1-29484089	S2-569858237	add	D-026
S1-294861758	S3-327536084	add	D-026
S1-294879242	S2-698857568	add	D-026
S1-295141313	S2-50822065	add	D-026
S1-295505727	S3-46317102	add	D-026
S1-295836325	S2-802255850	add	D-026
S1-29647505	S2-531833270	add	D-026
S1-296818537	S2-444172815	add	D-026
S1-298471669	S3-814054020	add	D-026
S1-298677838	S3-44463080	add	D-026
S1-298810651	S2-12632369	add	D-026
S1-298862938	S2-830887349	add	D-026
S1-299165427	S2-425802384	add	D-026
S1-299544791	S3-728599056	add	D-026
S1-300512651	S2-182741356	add	D-026
S1-30123399	S3-622930520	add	D-026
S1-30162960	S3-453846318	add	D-026
S1-30162960	S3-939027202	add	D-026
S1-301879755	S2-634341079	add	D-026
S1-302087770	S2-734781088	add	D-026
S1-302862401	S3-461864360	add	D-026
S1-303341489	S3-297028713	add	D-026
S1-303975529	S3-829703985	add	D-026
S1-305034896	S2-530552847	add	D-026
S1-306009605	S3-422456510	add	D-026
S1-306050992	S3-74674724	add	D-026
S1-306807679	S3-410500204	add	D-026
S1-306901733	S2-822113244	add	D-026
S1-307288318	S3-417900348	add	D-026
S1-307466565	S2-66344824	add	D-026
S1-307786587	S2-201518159	add	D-026
S1-308784372	S2-819271790	add	D-026
S1-308791135	S2-930290401	add	D-026
S1-308963090	S3-778464377	add	D-026
S1-309020569	S3-125310567	add	D-026
S1-309456238	S2-626168569	add	D-026
S1-309950055	S3-459915595	add	D-026
S1-309965561	S3-50211923	add	D-026
S1-310796441	S2-886469012	add	D-026
S1-311300955	S2-194566539	add	D-026
S1-311300955	S3-302185414	add	D-026
S1-311508739	S3-477665110	add	D-026
S1-311625871	S3-202965391	add	D-026
S1-311727327	S2-830672417	add	D-026
S1-312420608	S3-789006993	add	D-026
S1-314085946	S2-748611632	add	D-026
S1-314315779	S3-830900010	add	D-026
S1-314407815	S3-218550662	add	D-026
S1-315340510	S3-30612612	add	D-026
S1-315852529	S3-866239898	add	D-026
S1-316419739	S3-282819545	add	D-026
S1-316469090	S2-969964477	add	D-026
S1-316732786	S3-30682418	add	D-026
S1-316759120	S2-122258822	add	D-026
S1-317497946	S2-95745624	add	D-026
S1-318036350	S2-806389428	add	D-026
S1-31838802	S2-191633602	add	D-026
S1-318404780	S3-242429885	add	D-026
S1-318612260	S2-627213594	add	D-026
S1-318612260	S3-9409916	add	D-026
S1-318990506	S3-749923774	add	D-026
S1-319066482	S2-227308475	add	D-026
S1-319690907	S3-899890783	add	D-026
S1-320454158	S3-796540216	add	D-026
S1-320623989	S3-881286265	add	D-026
S1-32077181	S2-413558286	add	D-026
S1-321726149	S2-289489003	add	D-026
S1-321842366	S3-695107231	add	D-026
S1-322537193	S2-326561909	add	D-026
S1-322576716	S3-146009498	add	D-026
S1-324240992	S3-690467190	add	D-026
S1-324512826	S3-247476809	add	D-026
S1-324515794	S2-80024173	add	D-026
S1-325579033	S3-853320229	add	D-026
S1-326141889	S3-543880410	add	D-026
S1-326203271	S3-133629221	add	D-026
S1-327049946	S3-305038893	add	D-026
S1-327845911	S2-708652941	add	D-026
S1-328340870	S2-780444366	add	D-026
S1-328740440	S3-843010050	add	D-026
S1-329870412	S2-237610262	add	D-026
S1-330375917	S2-884439947	add	D-026
S1-330555998	S3-151413156	add	D-026
S1-33092831	S3-295755486	add	D-026
S1-331108460	S2-540470333	add	D-026
S1-331205243	S2-403295809	add	D-026
S1-331366574	S3-883149318	add	D-026
S1-331394461	S3-292415591	add	D-026
S1-332042156	S2-980409167	add	D-026
S1-333246556	S3-614578648	add	D-026
S1-334220186	S3-615704571	add	D-026
S1-33452908	S3-978734736	add	D-026
S1-334909054	S3-105111697	add	D-026
S1-335413341	S2-524096512	add	D-026
S1-335669312	S2-469439123	add	D-026
S1-336257918	S3-608782852	add	D-026
S1-336507490	S2-133138668	add	D-026
S1-336616686	S3-386790889	add	D-026
S1-337384904	S3-806082445	add	D-026
S1-337747152	S3-725720604	add	D-026
S1-338397843	S3-317911427	add	D-026
S1-338456883	S3-15444735	add	D-026
S1-338763134	S2-392857773	add	D-026
S1-3394716	S3-972885181	add	D-026
S1-339502051	S3-977325688	add	D-026
S1-34002781	S3-894651390	add	D-026
S1-340044158	S3-195911961	add	D-026
S1-341062236	S3-473718692	add	D-026
S1-341479466	S3-860679132	add	D-026
S1-342204023	S2-62892814	add	D-026
S1-342237068	S2-227229844	add	D-026
S1-342255272	S3-918146998	add	D-026
S1-342982529	S3-358343328	add	D-026
S1-343817957	S3-546018671	add	D-026
S1-344937530	S2-554828074	add	D-026
S1-345200497	S3-173672236	add	D-026
S1-345788007	S3-230925275	add	D-026
S1-346975644	S3-203348157	add	D-026
S1-347370191	S2-805911331	add	D-026
S1-348861225	S3-170399718	add	D-026
S1-349426395	S2-16888687	add	D-026
S1-349907615	S3-199479410	add	D-026
S1-350635944	S2-279652583	add	D-026
S1-350702201	S3-924138689	add	D-026
S1-350752552	S2-694604151	add	D-026
S1-350801738	S2-406631854	add	D-026
S1-350801738	S3-767388664	add	D-026
S1-350827364	S3-927558428	add	D-026
S1-351124051	S3-546823962	add	D-026
S1-351788074	S3-918051005	add	D-026
S1-35181320	S3-934321597	add	D-026
S1-352427206	S2-968349228	add	D-026
S1-352704372	S2-363786081	add	D-026
S1-353368759	S3-94244644	add	D-026
S1-354568271	S2-492707881	add	D-026
S1-356216212	S2-836534616	add	D-026
S1-356834199	S3-28612256	add	D-026
S1-357243141	S3-397903079	add	D-026
S1-357281442	S3-758880756	add	D-026
S1-357473480	S3-113210939	add	D-026
S1-358122269	S3-845605708	add	D-026
S1-358472329	S3-792946283	add	D-026
S1-358592948	S3-3531519	add	D-026
S1-358602377	S2-60315317	add	D-026
S1-358893241	S3-31838944	add	D-026
S1-359587877	S2-764833927	add	D-026
S1-359659263	S3-795538766	add	D-026
S1-359952848	S2-431401027	add	D-026
S1-360294607	S2-465933741	add	D-026
S1-361004493	S3-886060146	add	D-026
S1-361089533	S2-891588668	add	D-026
S1-361190271	S3-294710366	add	D-026
S1-361222191	S3-53086594	add	D-026
S1-362013540	S2-684459298	add	D-026
S1-36240463	S3-340971265	add	D-026
S1-363395999	S3-58930201	add	D-026
S1-363467563	S3-963428209	add	D-026
S1-3636466	S2-215186029	add	D-026
S1-363695095	S2-702851148	add	D-026
S1-364003969	S2-701043148	add	D-026
S1-364035072	S2-164193762	add	D-026
S1-36462790	S3-470499787	add	D-026
S1-366498133	S3-877682091	add	D-026
S1-367200453	S3-114919334	add	D-026
S1-367694541	S2-34503621	add	D-026
S1-36789888	S3-19252751	add	D-026
S1-368102375	S3-502899105	add	D-026
S1-36864221	S2-104448867	add	D-026
S1-368751418	S2-499434370	add	D-026
S1-368842283	S3-879809450	add	D-026
S1-368988236	S3-135194667	add	D-026
S1-369066536	S3-606729111	add	D-026
S1-371555840	S3-96249600	add	D-026
S1-371626048	S2-534083732	add	D-026
S1-371649192	S3-700507753	add	D-026
S1-371720716	S3-619332125	add	D-026
S1-37190954	S3-971743503	add	D-026
S1-371938582	S2-261813695	add	D-026
S1-371940563	S2-870735234	add	D-026
S1-372105164	S3-289115547	add	D-026
S1-372264286	S3-775567040	add	D-026
S1-373031088	S3-160876980	add	D-026
S1-374812730	S3-165442849	add	D-026
S1-374877742	S2-812472494	add	D-026
S1-375187484	S2-149277151	add	D-026
S1-375559226	S2-470856258	add	D-026
S1-375704618	S3-774962778	add	D-026
S1-376054683	S3-751540050	add	D-026
S1-376780949	S2-65940058	add	D-026
S1-377214376	S3-420998231	add	D-026
S1-377453472	S2-945721526	add	D-026
S1-377464696	S2-975103202	add	D-026
S1-378451334	S3-583027710	add	D-026
S1-378687514	S3-880843151	add	D-026
S1-378986242	S2-63503117	add	D-026
S1-379595891	S2-219263878	add	D-026
S1-380187472	S2-327992077	add	D-026
S1-38134729	S2-903851789	add	D-026
S1-383416563	S2-142285656	add	D-026
S1-383473625	S3-286921534	add	D-026
S1-384005711	S2-290193416	add	D-026
S1-384510342	S2-650608201	add	D-026
S1-384657774	S3-457821733	add	D-026
S1-386264405	S3-289367378	add	D-026
S1-386316278	S2-623378132	add	D-026
S1-386499633	S3-395250756	add	D-026
S1-386835187	S3-239826628	add	D-026
S1-386975936	S3-287239411	add	D-026
S1-387918371	S2-492548446	add	D-026
S1-388523590	S3-762661187	add	D-026
S1-388642562	S2-785955181	add	D-026
S1-389064530	S3-324998776	add	D-026
S1-389887998	S2-275360005	add	D-026
S1-390457171	S2-244364323	add	D-026
S1-391558472	S2-673927157	add	D-026
S1-392217525	S2-569561823	add	D-026
S1-392561315	S3-795094362	add	D-026
S1-393583370	S2-461897646	add	D-026
S1-393740596	S3-805763648	add	D-026
S1-394144945	S3-733379221	add	D-026
S1-394410245	S3-136019378	add	D-026
S1-394598775	S3-78079604	add	D-026
S1-395344347	S2-528346187	add	D-026
S1-395643475	S2-806095896	add	D-026
S1-39575447	S3-798307256	add	D-026
S1-396022908	S2-78858198	add	D-026
S1-396332979	S3-711104330	add	D-026
S1-396804509	S3-851920788	add	D-026
S1-396841619	S2-170945945	add	D-026
S1-397170197	S3-277314476	add	D-026
S1-397438663	S3-386994955	add	D-026
S1-397637158	S2-890647909	add	D-026
S1-397913719	S3-387581746	add	D-026
S1-398105603	S2-483387356	add	D-026
S1-3982295	S3-607769327	add	D-026
S1-398258633	S2-342603514	add	D-026
S1-398683677	S3-233687732	add	D-026
S1-39870020	S2-388078913	add	D-026
S1-4001380	S3-81704590	add	D-026
S1-400190569	S2-367871727	add	D-026
S1-400263522	S3-70020396	add	D-026
S1-400299071	S3-422563948	add	D-026
S1-40031822	S2-285579514	add	D-026
S1-400459264	S3-780235401	add	D-026
S1-400619566	S3-109075437	add	D-026
S1-401111187	S3-123997127	add	D-026
S1-401165643	S2-282028111	add	D-026
S1-401210467	S2-690775650	add	D-026
S1-402080987	S2-198762458	add	D-026
S1-40213601	S2-975723226	add	D-026
S1-402298109	S3-447851516	add	D-026
S1-403395014	S2-177650077	add	D-026
S1-403825767	S3-649429729	add	D-026
S1-40422191	S2-710058816	add	D-026
S1-404483665	S2-760197273	add	D-026
S1-4046149	S2-694913211	add	D-026
S1-405081203	S2-618543564	add	D-026
S1-405303584	S3-740860759	add	D-026
S1-405509750	S3-133961660	add	D-026
S1-40588530	S2-364578822	add	D-026
S1-405947913	S3-349619520	add	D-026
S1-405961693	S2-679490740	add	D-026
S1-406022514	S3-579127815	add	D-026
S1-406224963	S3-710986246	add	D-026
S1-406314360	S2-960008513	add	D-026
S1-407930356	S3-409658386	add	D-026
S1-408150885	S3-80583331	add	D-026
S1-408395775	S3-857448821	add	D-026
S1-408523271	S3-163800444	add	D-026
S1-408674566	S2-665987056	add	D-026
S1-409062059	S2-898668192	add	D-026
S1-409121668	S3-829038546	add	D-026
S1-409444669	S2-67630765	add	D-026
S1-409550747	S3-48582834	add	D-026
S1-410034477	S2-795603348	add	D-026
S1-410311353	S3-216392057	add	D-026
S1-411764031	S2-244320049	add	D-026
S1-411926237	S2-400790709	add	D-026
S1-412448663	S2-971839751	add	D-026
S1-412536582	S3-534161827	add	D-026
S1-414333746	S2-434988699	add	D-026
S1-414439407	S3-24142097	add	D-026
S1-414692084	S2-984618566	add	D-026
S1-414838086	S2-836430512	add	D-026
S1-414935728	S3-260429871	add	D-026
S1-415498634	S3-7624152	add	D-026
S1-415645252	S3-544631030	add	D-026
S1-416401514	S2-203016308	add	D-026
S1-416552968	S2-905790106	add	D-026
S1-416753935	S2-586197046	add	D-026
S1-416896235	S3-462784348	add	D-026
S1-416905484	S2-380658855	add	D-026
S1-41698360	S3-840681839	add	D-026
S1-417095676	S3-17213024	add	D-026
S1-417599090	S3-30362882	add	D-026
S1-417605097	S2-734264864	add	D-026
S1-417731206	S2-574235228	add	D-026
S1-41814399	S3-966174178	add	D-026
S1-418151240	S2-489333240	add	D-026
S1-418152124	S3-893409061	add	D-026
S1-418400698	S2-695572664	add	D-026
S1-418640948	S2-454548216	add	D-026
S1-420071439	S3-851605314	add	D-026
S1-420088999	S2-558111913	add	D-026
S1-420149510	S3-589397907	add	D-026
S1-420395543	S3-230908670	add	D-026
S1-420743854	S3-684140357	add	D-026
S1-421018406	S2-598070209	add	D-026
S1-421061679	S3-661589072	add	D-026
S1-421370441	S2-103470857	add	D-026
S1-422300971	S3-812328739	add	D-026
S1-422478018	S3-582357386	add	D-026
S1-422683907	S2-602693733	add	D-026
S1-422957602	S3-236179806	add	D-026
S1-42309532	S2-77716686	add	D-026
S1-42537879	S3-200586778	add	D-026
S1-42616163	S3-709399975	add	D-026
S1-426299364	S2-385623512	add	D-026
S1-426927927	S3-970022820	add	D-026
S1-427114733	S3-176005892	add	D-026
S1-42753931	S3-104776312	add	D-026
S1-427640721	S2-806207818	add	D-026
S1-427934507	S2-330790961	add	D-026
S1-42811198	S2-898102952	add	D-026
S1-428184208	S3-92184102	add	D-026
S1-428184954	S2-957295884	add	D-026
S1-429556148	S3-731947883	add	D-026
S1-429616620	S3-778571888	add	D-026
S1-431170342	S2-72002268	add	D-026
S1-431510384	S2-459272469	add	D-026
S1-431823634	S3-122924660	add	D-026
S1-432330479	S3-19192625	add	D-026
S1-432375470	S3-71693811	add	D-026
S1-432781641	S2-931211566	add	D-026
S1-4329295	S3-509843951	add	D-026
S1-433209073	S2-623886485	add	D-026
S1-433247985	S3-956385243	add	D-026
S1-433247985	S3-986421529	add	D-026
S1-433599541	S3-455578316	add	D-026
S1-43365340	S3-209365592	add	D-026
S1-435348735	S2-839750711	add	D-026
S1-435383965	S2-641231429	add	D-026
S1-435845792	S3-192014250	add	D-026
S1-436210307	S2-942918630	add	D-026
S1-436221863	S3-534439602	add	D-026
S1-436258259	S3-435679661	add	D-026
S1-436371620	S2-559567749	add	D-026
S1-437286557	S2-901961123	add	D-026
S1-437471684	S2-143170278	add	D-026
S1-437537777	S3-613685123	add	D-026
S1-437629510	S2-235094873	add	D-026
S1-437996172	S2-686347341	add	D-026
S1-438144755	S3-168282348	add	D-026
S1-439346276	S2-36313915	add	D-026
S1-4394705	S2-950911990	add	D-026
S1-439722008	S2-544243197	add	D-026
S1-439761962	S3-465283024	add	D-026
S1-439945654	S3-998509492	add	D-026
S1-440032290	S3-662350839	add	D-026
S1-44034622	S2-308179747	add	D-026
S1-440562768	S3-810178523	add	D-026
S1-440590158	S2-520893466	add	D-026
S1-441464171	S2-925452932	add	D-026
S1-442400598	S3-527955385	add	D-026
S1-442525175	S3-539836674	add	D-026
S1-442713398	S2-347488554	add	D-026
S1-4429462	S3-870369382	add	D-026
S1-443610970	S3-865917689	add	D-026
S1-44374000	S2-470553759	add	D-026
S1-44374000	S3-43023142	add	D-026
S1-443867069	S3-561106434	add	D-026
S1-444802338	S2-241794309	add	D-026
S1-445404851	S3-229570722	add	D-026
S1-445908890	S3-672377677	add	D-026
S1-446138314	S3-393492263	add	D-026
S1-44709265	S3-134660954	add	D-026
S1-44713306	S3-764472836	add	D-026
S1-44751139	S2-907403508	add	D-026
S1-44764133	S2-896181923	add	D-026
S1-448185965	S3-675343081	add	D-026
S1-448233873	S2-852523417	add	D-026
S1-448411234	S3-347918173	add	D-026
S1-449120430	S3-475420055	add	D-026
S1-449410000	S3-448723066	add	D-026
S1-449756871	S2-768596478	add	D-026
S1-4499760	S3-718060593	add	D-026
S1-450658358	S2-98656954	add	D-026
S1-451417765	S3-878578048	add	D-026
S1-451856535	S3-773328854	add	D-026
S1-452016871	S2-531609935	add	D-026
S1-452254806	S3-307760032	add	D-026
S1-452692673	S3-373928794	add	D-026
S1-452730846	S3-388863046	add	D-026
S1-452759155	S3-470406475	add	D-026
S1-453066870	S2-935924255	add	D-026
S1-453428154	S3-583131391	add	D-026
S1-45387875	S2-248123427	add	D-026
S1-453958217	S2-811172699	add	D-026
S1-454104108	S2-504918685	add	D-026
S1-454221137	S3-80283523	add	D-026
S1-454287416	S3-680101534	add	D-026
S1-456336470	S2-137829493	add	D-026
S1-456475550	S3-230393407	add	D-026
S1-457142359	S3-599502050	add	D-026
S1-457291228	S2-443027207	add	D-026
S1-458179655	S3-442909237	add	D-026
S1-458581267	S2-329378657	add	D-026
S1-458581267	S2-672928532	add	D-026
S1-458589274	S2-433298652	add	D-026
S1-458856267	S3-416061214	add	D-026
S1-459157644	S3-253007158	add	D-026
S1-459350101	S2-726913928	add	D-026
S1-460493025	S3-579175468	add	D-026
S1-460616350	S3-596713120	add	D-026
S1-46066422	S3-407919601	add	D-026
S1-460808896	S2-249841417	add	D-026
S1-460869434	S2-985956347	add	D-026
S1-461485431	S3-421540545	add	D-026
S1-461536597	S2-368036209	add	D-026
S1-462112084	S3-723607303	add	D-026
S1-462833023	S3-124574936	add	D-026
S1-463031737	S3-945096350	add	D-026
S1-464257330	S3-288064698	add	D-026
S1-464312972	S3-816179093	add	D-026
S1-464366170	S2-695429494	add	D-026
S1-464411987	S3-452784243	add	D-026
S1-46479522	S3-409615706	add	D-026
S1-465257485	S3-24002010	add	D-026
S1-466527008	S2-450138847	add	D-026
S1-466856446	S2-119725161	add	D-026
S1-467018733	S2-642525688	add	D-026
S1-4670734	S3-144817312	add	D-026
S1-467215299	S3-244932010	add	D-026
S1-467262721	S3-417534565	add	D-026
S1-467732227	S2-92877365	add	D-026
S1-46790982	S2-871324265	add	D-026
S1-468271827	S2-887847321	add	D-026
S1-46869583	S2-670331911	add	D-026
S1-468911632	S2-154835050	add	D-026
S1-468952456	S2-67671122	add	D-026
S1-468969101	S2-632754026	add	D-026
S1-469168768	S2-170341252	add	D-026
S1-470784888	S3-72700537	add	D-026
S1-471160379	S2-536632044	add	D-026
S1-47178267	S2-160294210	add	D-026
S1-472958749	S2-103634981	add	D-026
S1-473140068	S3-392923363	add	D-026
S1-473186296	S2-945757803	add	D-026
S1-473296137	S2-913844137	add	D-026
S1-474018437	S3-601676062	add	D-026
S1-474328023	S2-326598024	add	D-026
S1-474614578	S3-901299776	add	D-026
S1-474624052	S2-836270728	add	D-026
S1-474781372	S2-65192885	add	D-026
S1-475503708	S2-100472676	add	D-026
S1-475924822	S2-761570916	add	D-026
S1-477156814	S3-10620770	add	D-026
S1-477385511	S3-207073199	add	D-026
S1-477553062	S3-641275395	add	D-026
S1-478477896	S2-57278695	add	D-026
S1-478729177	S3-987207649	add	D-026
S1-478894504	S3-555346579	add	D-026
S1-479414671	S3-969410712	add	D-026
S1-479632488	S3-628709870	add	D-026
S1-479655581	S3-874475424	add	D-026
S1-479769174	S3-516599068	add	D-026
S1-480246680	S2-708667683	add	D-026
S1-480305320	S2-831787224	add	D-026
S1-480554999	S2-580188572	add	D-026
S1-480660861	S3-162344064	add	D-026
S1-4807009	S2-228988851	add	D-026
S1-480830966	S3-665117235	add	D-026
S1-480960647	S2-751683233	add	D-026
S1-481147476	S2-715377154	add	D-026
S1-482301498	S2-592089344	add	D-026
S1-48316011	S2-744049749	add	D-026
S1-484000979	S2-852611062	add	D-026
S1-484349079	S2-945716031	add	D-026
S1-485173068	S3-523377926	add	D-026
S1-485337462	S3-53096311	add	D-026
S1-485847983	S2-941335416	add	D-026
S1-488095236	S2-136741501	add	D-026
S1-488110784	S3-910101435	add	D-026
S1-488568105	S2-900302619	add	D-026
S1-489270666	S3-872138765	add	D-026
S1-490909596	S2-609303784	add	D-026
S1-49111540	S3-350165426	add	D-026
S1-49115942	S3-952352417	add	D-026
S1-492117028	S3-802028180	add	D-026
S1-493641526	S2-909981340	add	D-026
S1-493894865	S2-866675534	add	D-026
S1-49408191	S3-709446267	add	D-026
S1-494218712	S2-74296943	add	D-026
S1-494463378	S2-873418986	add	D-026
S1-494612102	S3-790396950	add	D-026
S1-494666724	S2-70359257	add	D-026
S1-496090571	S3-528507452	add	D-026
S1-49619398	S2-486729240	add	D-026
S1-496264306	S3-477137761	add	D-026
S1-496665671	S2-652025474	add	D-026
S1-497396147	S3-367764603	add	D-026
S1-497457079	S2-236674670	add	D-026
S1-498187101	S3-132017785	add	D-026
S1-498374563	S3-498941771	add	D-026
S1-498955485	S3-254679983	add	D-026
S1-49947184	S3-565497042	add	D-026
S1-500029445	S3-172002728	add	D-026
S1-500063045	S3-511329489	add	D-026
S1-50033672	S3-585533120	add	D-026
S1-50040399	S2-614195314	add	D-026
S1-500760298	S3-55795316	add	D-026
S1-500921898	S2-851661392	add	D-026
S1-501281301	S2-724030763	add	D-026
S1-501818267	S2-33163208	add	D-026
S1-501977203	S3-183985515	add	D-026
S1-503922373	S3-467128083	add	D-026
S1-504533598	S3-410629775	add	D-026
S1-504580778	S3-842569427	add	D-026
S1-50458560	S2-589715678	add	D-026
S1-505084097	S2-594365577	add	D-026
S1-505157329	S2-793517178	add	D-026
S1-505679923	S2-158427482	add	D-026
S1-506346585	S3-364004375	add	D-026
S1-506546740	S3-988020135	add	D-026
S1-506619610	S3-28844738	add	D-026
S1-506691144	S3-880818813	add	D-026
S1-507748170	S2-354446616	add	D-026
S1-50785604	S2-660755186	add	D-026
S1-507875749	S3-256686497	add	D-026
S1-507890267	S2-43931928	add	D-026
S1-508109499	S3-350920101	add	D-026
S1-508624059	S3-178582515	add	D-026
S1-508782596	S2-327886603	add	D-026
S1-509269617	S2-177068264	add	D-026
S1-510392213	S2-558833977	add	D-026
S1-510748136	S2-355574397	add	D-026
S1-511085091	S3-33834026	add	D-026
S1-511468003	S3-719715382	add	D-026
S1-511667047	S2-10886181	add	D-026
S1-511764068	S3-268853333	add	D-026
S1-511917758	S2-958638089	add	D-026
S1-512001343	S3-498346373	add	D-026
S1-513306421	S3-396370313	add	D-026
S1-513908486	S3-481638014	add	D-026
S1-514736761	S2-993034343	add	D-026
S1-514829500	S2-311540072	add	D-026
S1-51490972	S3-439440020	add	D-026
S1-51490972	S3-993890421	add	D-026
S1-515036641	S2-720443135	add	D-026
S1-515320653	S2-328497303	add	D-026
S1-515660913	S2-754509753	add	D-026
S1-515901568	S2-848098010	add	D-026
S1-517055796	S3-66224598	add	D-026
S1-517175071	S2-273999258	add	D-026
S1-517185133	S3-617309986	add	D-026
S1-517471655	S2-334897334	add	D-026
S1-517672034	S3-933425391	add	D-026
S1-517706363	S2-469431072	add	D-026
S1-517938797	S3-750697053	add	D-026
S1-517996774	S2-664110906	add	D-026
S1-518114720	S3-370695398	add	D-026
S1-518931541	S2-794437229	add	D-026
S1-519129110	S2-936319641	add	D-026
S1-519789468	S2-22182585	add	D-026
S1-520082800	S3-73759008	add	D-026
S1-520735896	S3-221690368	add	D-026
S1-521037790	S3-924521669	add	D-026
S1-521285749	S3-835783071	add	D-026
S1-521295881	S2-767748634	add	D-026
S1-521763503	S2-897598292	add	D-026
S1-521860644	S3-541379692	add	D-026
S1-521962775	S2-785712591	add	D-026
S1-522661279	S2-721503706	add	D-026
S1-522917637	S2-399308061	add	D-026
S1-523011242	S3-562851085	add	D-026
S1-523027447	S2-545496413	add	D-026
S1-523598057	S3-462810459	add	D-026
S1-523663873	S2-545927658	add	D-026
S1-523682003	S3-42088483	add	D-026
S1-52429795	S3-9526439	add	D-026
S1-524540066	S2-115715860	add	D-026
S1-525364935	S3-548120772	add	D-026
S1-525610009	S3-751650013	add	D-026
S1-525727500	S2-928607617	add	D-026
S1-525930592	S2-25943301	add	D-026
S1-526294413	S3-214659594	add	D-026
S1-526321824	S2-216243377	add	D-026
S1-526461331	S3-515273785	add	D-026
S1-526573140	S2-724776537	add	D-026
S1-527256101	S2-973961596	add	D-026
S1-527563858	S3-896936088	add	D-026
S1-52782632	S3-398910591	add	D-026
S1-527875432	S3-878639339	add	D-026
S1-527992914	S3-828319396	add	D-026
S1-52837500	S3-777202197	add	D-026
S1-528878531	S3-185557409	add	D-026
S1-529216429	S3-274900814	add	D-026
S1-529451256	S3-515132955	add	D-026
S1-529540202	S3-613953801	add	D-026
S1-529570598	S3-493838253	add	D-026
S1-529771029	S2-766133521	add	D-026
S1-530013465	S3-785311021	add	D-026
S1-530421069	S2-60752350	add	D-026
S1-530715598	S2-21113165	add	D-026
S1-530769902	S2-985629805	add	D-026
S1-531260330	S2-999922224	add	D-026
S1-531682511	S3-205908946	add	D-026
S1-531946549	S2-993043236	add	D-026
S1-531962651	S2-16224975	add	D-026
S1-532017902	S3-923640407	add	D-026
S1-532180707	S2-393476407	add	D-026
S1-532425169	S3-659731644	add	D-026
S1-532792660	S3-919390052	add	D-026
S1-53312720	S3-120890330	add	D-026
S1-533224779	S2-862014403	add	D-026
S1-533931780	S2-765776269	add	D-026
S1-533971952	S2-652953353	add	D-026
S1-534118805	S2-962110203	add	D-026
S1-534601538	S2-135276939	add	D-026
S1-534878415	S3-598953340	add	D-026
S1-534934328	S2-249906633	add	D-026
S1-535089576	S2-889905682	add	D-026
S1-535203571	S3-415375497	add	D-026
S1-536476893	S2-412928761	add	D-026
S1-536483706	S3-638944435	add	D-026
S1-536955887	S2-379917879	add	D-026
S1-536982841	S3-539369664	add	D-026
S1-538214296	S2-939215644	add	D-026
S1-538241655	S2-192744148	add	D-026
S1-538257060	S2-212355815	add	D-026
S1-538444688	S3-48748370	add	D-026
S1-539711719	S3-310146803	add	D-026
S1-541794257	S3-163602540	add	D-026
S1-5419663	S3-292761307	add	D-026
S1-542777850	S2-578853126	add	D-026
S1-543046650	S2-745242355	add	D-026
S1-543380324	S2-391466967	add	D-026
S1-544270845	S2-598966948	add	D-026
S1-544549940	S3-936373345	add	D-026
S1-544988641	S2-456559117	add	D-026
S1-545185048	S2-554672916	add	D-026
S1-545271862	S2-724482237	add	D-026
S1-545851265	S2-16689471	add	D-026
S1-546088675	S2-914395521	add	D-026
S1-546473789	S3-249719634	add	D-026
S1-546515261	S3-250096001	add	D-026
S1-546534315	S2-788640391	add	D-026
S1-54677018	S2-240635425	add	D-026
S1-546926246	S3-277138423	add	D-026
S1-546974187	S3-275218748	add	D-026
S1-547459077	S3-809274859	add	D-026
S1-547637035	S2-78217757	add	D-026
S1-547695741	S3-763838019	add	D-026
S1-547716688	S3-964950432	add	D-026
S1-547951249	S3-743507772	add	D-026
S1-548380474	S3-177009346	add	D-026
S1-54847128	S3-17844359	add	D-026
S1-549053947	S2-791181588	add	D-026
S1-550340123	S3-840659044	add	D-026
S1-550634441	S3-443078203	add	D-026
S1-550741916	S2-21725468	add	D-026
S1-551109897	S2-481850839	add	D-026
S1-551387523	S3-893697390	add	D-026
S1-551675571	S2-625092132	add	D-026
S1-552113731	S3-955720412	add	D-026
S1-552116445	S3-355954223	add	D-026
S1-553262040	S2-737183955	add	D-026
S1-553413582	S2-213994082	add	D-026
S1-55367723	S3-155572378	add	D-026
S1-553764038	S2-754037755	add	D-026
S1-554475098	S2-146362023	add	D-026
S1-554835099	S3-599464099	add	D-026
S1-554943534	S2-542904562	add	D-026
S1-555079322	S2-118133397	add	D-026
S1-555240147	S2-587882552	add	D-026
S1-55607713	S2-158143795	add	D-026
S1-556510291	S3-431561837	add	D-026
S1-556510691	S3-319636646	add	D-026
S1-556549945	S2-446539844	add	D-026
S1-557311858	S3-249209597	add	D-026
S1-557401243	S3-283617041	add	D-026
S1-557407521	S2-947076870	add	D-026
S1-557671895	S3-631643547	add	D-026
S1-557894390	S3-189387465	add	D-026
S1-558002255	S2-330001729	add	D-026
S1-558003308	S2-944765975	add	D-026
S1-558507524	S3-969326456	add	D-026
S1-559143109	S2-81691213	add	D-026
S1-559538127	S3-897935142	add	D-026
S1-559916206	S3-878606754	add	D-026
S1-560192009	S2-898978777	add	D-026
S1-560940010	S3-438447668	add	D-026
S1-561832938	S2-995114023	add	D-026
S1-561898259	S3-103491753	add	D-026
S1-562052382	S2-236921439	add	D-026
S1-562117968	S2-436667435	add	D-026
S1-562493330	S2-170010872	add	D-026
S1-562835179	S2-816241206	add	D-026
S1-563936181	S3-70440496	add	D-026
S1-564882651	S2-985456136	add	D-026
S1-566554526	S2-160844275	add	D-026
S1-567207974	S3-391980924	add	D-026
S1-56729086	S3-430113959	add	D-026
S1-567317323	S2-296561235	add	D-026
S1-567725735	S2-650292141	add	D-026
S1-568192931	S2-806578997	add	D-026
S1-568370063	S3-286789550	add	D-026
S1-568545764	S2-64249463	add	D-026
S1-568870100	S2-528302720	add	D-026
S1-56936138	S2-110645974	add	D-026
S1-569693473	S3-641756800	add	D-026
S1-570151385	S3-403472379	add	D-026
S1-570642431	S2-401894943	add	D-026
S1-570680667	S3-679138576	add	D-026
S1-570682322	S2-650373542	add	D-026
S1-570790257	S2-754949799	add	D-026
S1-571077658	S2-738738107	add	D-026
S1-571190450	S3-569900913	add	D-026
S1-571304959	S3-421975856	add	D-026
S1-571307074	S2-539784857	add	D-026
S1-572264261	S2-355814137	add	D-026
S1-573091523	S3-633148908	add	D-026
S1-573403362	S3-710379489	add	D-026
S1-573472356	S3-763163915	add	D-026
S1-573816038	S3-529428133	add	D-026
S1-57459071	S3-64007465	add	D-026
S1-575742965	S3-937984332	add	D-026
S1-576026631	S2-94665630	add	D-026
S1-577737920	S3-657417753	add	D-026
S1-578126915	S3-638724552	add	D-026
S1-578217488	S3-978566843	add	D-026
S1-578565774	S2-224736895	add	D-026
S1-579006257	S2-889682738	add	D-026
S1-57916444	S2-785725607	add	D-026
S1-579196182	S2-797875443	add	D-026
S1-579627789	S2-940596527	add	D-026
S1-580106327	S3-657823059	add	D-026
S1-580419675	S3-559455374	add	D-026
S1-580508999	S2-832157911	add	D-026
S1-580679069	S3-663393867	add	D-026
S1-580837455	S2-628079263	add	D-026
S1-580930398	S2-626740032	add	D-026
S1-581411521	S2-209913509	add	D-026
S1-581686150	S3-450803786	add	D-026
S1-58203259	S3-853110841	add	D-026
S1-582242361	S3-611194499	add	D-026
S1-583844656	S2-50699763	add	D-026
S1-584426537	S2-932631132	add	D-026
S1-584433404	S2-623385158	add	D-026
S1-584994870	S2-762893930	add	D-026
S1-585086573	S2-810947702	add	D-026
S1-58521829	S2-518875654	add	D-026
S1-585334002	S3-971721708	add	D-026
S1-586235316	S2-62845033	add	D-026
S1-587049254	S3-433914662	add	D-026
S1-588131282	S2-523020578	add	D-026
S1-588598624	S3-548943551	add	D-026
S1-588636715	S3-412157928	add	D-026
S1-588772523	S2-30536040	add	D-026
S1-589204567	S2-960455350	add	D-026
S1-589765705	S2-989152216	add	D-026
S1-591152810	S2-58532400	add	D-026
S1-591333137	S3-384259204	add	D-026
S1-592500785	S2-701703672	add	D-026
S1-592760808	S3-969051155	add	D-026
S1-592788690	S3-401092076	add	D-026
S1-593446168	S2-615731186	add	D-026
S1-593707170	S2-16764647	add	D-026
S1-593754906	S3-927885974	add	D-026
S1-593769626	S3-368324359	add	D-026
S1-594206997	S3-777922436	add	D-026
S1-594866883	S2-995902278	add	D-026
S1-595216845	S2-730243624	add	D-026
S1-596080607	S3-674198226	add	D-026
S1-596889695	S2-570725031	add	D-026
S1-596908392	S2-133363787	add	D-026
S1-598352844	S2-272383493	add	D-026
S1-598724311	S2-29197852	add	D-026
S1-598732824	S3-935887838	add	D-026
S1-599565247	S3-933820250	add	D-026
S1-59986612	S2-781172485	add	D-026
S1-600028547	S3-260168696	add	D-026
S1-60095711	S2-335011518	add	D-026
S1-601064124	S3-119896149	add	D-026
S1-6016349	S2-379170754	add	D-026
S1-601957279	S3-833026342	add	D-026
S1-60230096	S3-352153836	add	D-026
S1-603249579	S2-124486646	add	D-026
S1-603331040	S3-764580956	add	D-026
S1-605901704	S2-239730041	add	D-026
S1-606169859	S3-95626683	add	D-026
S1-606373730	S3-412085393	add	D-026
S1-606600102	S3-826666134	add	D-026
S1-607657556	S2-869884834	add	D-026
S1-607806820	S3-798254436	add	D-026
S1-609131802	S2-95649525	add	D-026
S1-609442388	S2-424233198	add	D-026
S1-610413380	S3-639534410	add	D-026
S1-610685892	S2-61740620	add	D-026
S1-6110029	S2-929707021	add	D-026
S1-611055408	S3-840750546	add	D-026
S1-611198769	S3-536978732	add	D-026
S1-611289233	S2-215157656	add	D-026
S1-611664415	S3-451745070	add	D-026
S1-611910868	S2-974271008	add	D-026
S1-612308632	S2-115272378	add	D-026
S1-613031661	S3-308788824	add	D-026
S1-613199112	S2-308041497	add	D-026
S1-613409854	S2-5600903	add	D-026
S1-613791210	S3-628499353	add	D-026
S1-613812313	S3-787631377	add	D-026
S1-614080571	S3-904320196	add	D-026
S1-61418189	S3-715768606	add	D-026
S1-614644776	S3-867989467	add	D-026
S1-61527354	S2-96620786	add	D-026
S1-615453737	S3-208536787	add	D-026
S1-615576456	S2-838439868	add	D-026
S1-61610503	S2-145272335	add	D-026
S1-616145850	S2-787411772	add	D-026
S1-616292818	S3-599907205	add	D-026
S1-617370161	S3-707201229	add	D-026
S1-617780645	S3-993097078	add	D-026
S1-618793577	S3-583179695	add	D-026
S1-619712376	S2-869558162	add	D-026
S1-620121484	S3-843258951	add	D-026
S1-620193804	S3-835496155	add	D-026
S1-620616760	S2-600250331	add	D-026
S1-620693317	S3-590617366	add	D-026
S1-621005255	S3-851982853	add	D-026
S1-621303609	S2-879959838	add	D-026
S1-621327525	S2-44763364	add	D-026
S1-621404002	S2-757839095	add	D-026
S1-622234581	S2-195372062	add	D-026
S1-622349547	S2-935601421	add	D-026
S1-622618066	S2-132154697	add	D-026
S1-623769691	S3-16107393	add	D-026
S1-623968978	S2-83754314	add	D-026
S1-62477105	S2-633531302	add	D-026
S1-624901390	S3-65525244	add	D-026
S1-62493987	S3-975833434	add	D-026
S1-625072167	S2-264807293	add	D-026
S1-625273447	S3-416423636	add	D-026
S1-625544011	S3-977070488	add	D-026
S1-626704192	S3-6633241	add	D-026
S1-627150634	S2-822446025	add	D-026
S1-628429191	S3-56036592	add	D-026
S1-628456185	S2-798321450	add	D-026
S1-628587312	S2-509990543	add	D-026
S1-629150639	S3-802817233	add	D-026
S1-629744764	S3-259480318	add	D-026
S1-630374676	S3-955355305	add	D-026
S1-631226962	S3-384594969	add	D-026
S1-632600556	S2-116437658	add	D-026
S1-632709850	S3-178816339	add	D-026
S1-6332833	S3-992902819	add	D-026
S1-633435710	S3-605568990	add	D-026
S1-63358799	S3-788586237	add	D-026
S1-634175348	S3-979399832	add	D-026
S1-634566460	S2-721493631	add	D-026
S1-63456995	S2-922894573	add	D-026
S1-635017338	S2-425246281	add	D-026
S1-635079076	S2-590495143	add	D-026
S1-635491430	S2-993260145	add	D-026
S1-635509275	S2-593794743	add	D-026
S1-636436171	S3-34080663	add	D-026
S1-63761820	S3-905807683	add	D-026
S1-637638806	S2-147097773	add	D-026
S1-637729130	S2-651278529	add	D-026
S1-637867664	S2-822122419	add	D-026
S1-63856520	S3-890769244	add	D-026
S1-638886868	S3-195181044	add	D-026
S1-639382900	S2-302045416	add	D-026
S1-63957129	S3-768783838	add	D-026
S1-640180248	S3-328110017	add	D-026
S1-640501464	S2-380437846	add	D-026
S1-641475928	S2-955983824	add	D-026
S1-641783926	S3-900036686	add	D-026
S1-641954972	S3-107843830	add	D-026
S1-643468876	S3-32504862	add	D-026
S1-644142773	S3-389492919	add	D-026
S1-644495726	S3-859457387	add	D-026
S1-644706965	S3-435111655	add	D-026
S1-645641192	S3-613900991	add	D-026
S1-645760109	S2-896971225	add	D-026
S1-645860856	S2-122506719	add	D-026
S1-647280540	S3-734045004	add	D-026
S1-647464166	S2-680003777	add	D-026
S1-64756035	S3-955031672	add	D-026
S1-64794346	S2-33218940	add	D-026
S1-648414698	S3-582011082	add	D-026
S1-64962681	S2-293385168	add	D-026
S1-649723506	S2-159641846	add	D-026
S1-649791622	S2-19539597	add	D-026
S1-650358076	S3-519890031	add	D-026
S1-651020451	S3-833573422	add	D-026
S1-651380676	S3-854112498	add	D-026
S1-65187862	S3-708279847	add	D-026
S1-653513612	S3-677542606	add	D-026
S1-653560764	S3-584781752	add	D-026
S1-653809078	S3-526720924	add	D-026
S1-65404341	S3-356856236	add	D-026
S1-654455225	S2-492918264	add	D-026
S1-655078518	S3-223005106	add	D-026
S1-656530177	S2-39531098	add	D-026
S1-656828190	S3-318266284	add	D-026
S1-657459892	S2-298550565	add	D-026
S1-657685841	S3-524602398	add	D-026
S1-657848657	S2-740823807	add	D-026
S1-65799759	S3-508377457	add	D-026
S1-658890308	S3-921292881	add	D-026
S1-659356104	S2-740207930	add	D-026
S1-659356807	S3-518156657	add	D-026
S1-661108912	S3-851330351	add	D-026
S1-662539515	S3-836462190	add	D-026
S1-664282290	S3-491618378	add	D-026
S1-664426382	S3-73081785	add	D-026
S1-664694932	S2-878236967	add	D-026
S1-665579715	S2-840379246	add	D-026
S1-665697155	S2-603903548	add	D-026
S1-665748024	S3-610579143	add	D-026
S1-665779141	S3-976262619	add	D-026
S1-666945121	S3-989844407	add	D-026
S1-667022925	S3-682940609	add	D-026
S1-667248397	S3-313094275	add	D-026
S1-66750183	S3-585426185	add	D-026
S1-66756025	S2-71187244	add	D-026
S1-667764756	S2-441634377	add	D-026
S1-668967536	S3-243760548	add	D-026
S1-669786295	S2-952652927	add	D-026
S1-669841829	S2-612121727	add	D-026
S1-670008822	S3-520707618	add	D-026
S1-670050076	S3-704855553	add	D-026
S1-670927556	S2-830521646	add	D-026
S1-670955183	S3-99594381	add	D-026
S1-67153902	S2-607263747	add	D-026
S1-671900065	S3-848984783	add	D-026
S1-671938137	S2-970440626	add	D-026
S1-672331235	S2-157294401	add	D-026
S1-672471832	S2-615184047	add	D-026
S1-673445206	S3-534584666	add	D-026
S1-673935590	S2-283910283	add	D-026
S1-675059819	S2-289203622	add	D-026
S1-675364045	S3-447213599	add	D-026
S1-675432623	S3-618199504	add	D-026
S1-67581452	S2-774755117	add	D-026
S1-676136040	S3-547580217	add	D-026
S1-67613708	S3-56186389	add	D-026
S1-6761881	S3-740786355	add	D-026
S1-676325061	S2-318771295	add	D-026
S1-67642794	S3-488579138	add	D-026
S1-677282161	S3-283980004	add	D-026
S1-677484813	S2-86346133	add	D-026
S1-677934199	S3-820338890	add	D-026
S1-678441272	S3-878041495	add	D-026
S1-678780321	S2-173582352	add	D-026
S1-678956521	S2-992143276	add	D-026
S1-678956535	S3-578229295	add	D-026
S1-680002516	S2-505397576	add	D-026
S1-680246576	S2-119694099	add	D-026
S1-680711298	S2-378276130	add	D-026
S1-681058998	S3-788376202	add	D-026
S1-681527787	S2-445357598	add	D-026
S1-682579768	S3-765337733	add	D-026
S1-683347987	S3-165453404	add	D-026
S1-6833664	S2-320487555	add	D-026
S1-683474275	S2-983636443	add	D-026
S1-683944529	S3-601683094	add	D-026
S1-684028608	S3-156614817	add	D-026
S1-685621929	S2-99384562	add	D-026
S1-685629594	S2-104230076	add	D-026
S1-685663599	S2-74438066	add	D-026
S1-686493734	S2-291878216	add	D-026
S1-686692841	S3-931948986	add	D-026
S1-687164290	S2-170377510	add	D-026
S1-687978288	S3-653696587	add	D-026
S1-68848125	S2-402655644	add	D-026
S1-689821968	S3-575151719	add	D-026
S1-690524533	S3-764426861	add	D-026
S1-690536578	S3-233025588	add	D-026
S1-691473347	S3-661832410	add	D-026
S1-692360860	S3-321998220	add	D-026
S1-692893246	S2-155192742	add	D-026
S1-693403396	S3-872539014	add	D-026
S1-693693286	S3-337271245	add	D-026
S1-693807054	S3-999996018	add	D-026
S1-693872385	S2-935085807	add	D-026
S1-694594179	S2-515035236	add	D-026
S1-694749374	S2-975048647	add	D-026
S1-695483788	S2-439470864	add	D-026
S1-69582043	S3-934021898	add	D-026
S1-696434672	S3-666997821	add	D-026
S1-697172604	S2-352161886	add	D-026
S1-698477490	S3-51987877	add	D-026
S1-699522789	S3-537112952	add	D-026
S1-69974457	S3-764855945	add	D-026
S1-700059282	S3-60140638	add	D-026
S1-700088006	S2-724188683	add	D-026
S1-701022699	S3-789055024	add	D-026
S1-701327448	S2-586550043	add	D-026
S1-702492097	S2-415344456	add	D-026
S1-702734629	S3-838462842	add	D-026
S1-703024179	S3-247701247	add	D-026
S1-703314377	S3-53831802	add	D-026
S1-703568384	S3-342853507	add	D-026
S1-703707499	S3-453727530	add	D-026
S1-704084986	S2-347329938	add	D-026
S1-704400936	S3-754908894	add	D-026
S1-705308878	S2-4597242	add	D-026
S1-705670999	S3-407667756	add	D-026
S1-705720249	S3-349934314	add	D-026
S1-70592621	S3-161748988	add	D-026
S1-707038133	S2-236845163	add	D-026
S1-708036562	S3-795202557	add	D-026
S1-708224465	S3-392194162	add	D-026
S1-709177521	S3-913221226	add	D-026
S1-710013615	S3-646226279	add	D-026
S1-710457235	S2-539882413	add	D-026
S1-712275862	S2-565205247	add	D-026
S1-712579020	S3-882800248	add	D-026
S1-713125693	S2-973191664	add	D-026
S1-713196135	S3-86754177	add	D-026
S1-714531353	S3-379214920	add	D-026
S1-71525286	S3-609803152	add	D-026
S1-715576830	S3-84986891	add	D-026
S1-715742578	S2-505858338	add	D-026
S1-715838690	S2-700242546	add	D-026
S1-715944458	S3-569563447	add	D-026
S1-716239831	S2-992047122	add	D-026
S1-716497058	S3-372622933	add	D-026
S1-716975079	S3-539713796	add	D-026
S1-71713369	S2-738601315	add	D-026
S1-717528389	S2-2924403	add	D-026
S1-717611555	S2-567016944	add	D-026
S1-717854033	S3-646771119	add	D-026
S1-717870076	S2-640032329	add	D-026
S1-717878140	S3-67724513	add	D-026
S1-718737579	S3-880141283	add	D-026
S1-718933972	S3-940374417	add	D-026
S1-719218745	S3-188476381	add	D-026
S1-719320065	S3-888160268	add	D-026
S1-719451625	S2-355898542	add	D-026
S1-720925603	S3-529306200	add	D-026
S1-721100310	S2-113566957	add	D-026
S1-721121055	S2-531660279	add	D-026
S1-722150025	S2-177704731	add	D-026
S1-722428402	S2-410595358	add	D-026
S1-722713784	S2-659216784	add	D-026
S1-723265075	S2-307093134	add	D-026
S1-723272421	S3-449664502	add	D-026
S1-723706735	S3-942210141	add	D-026
S1-723764192	S2-704045254	add	D-026
S1-723914598	S3-409532149	add	D-026
S1-723975194	S3-804602207	add	D-026
S1-724411267	S2-368781494	add	D-026
S1-72441767	S3-729398868	add	D-026
S1-724441531	S2-52773795	add	D-026
S1-724880159	S3-300764114	add	D-026
S1-7253305	S2-353813070	add	D-026
S1-725918585	S2-515554147	add	D-026
S1-727222209	S2-286229886	add	D-026
S1-72745095	S2-85649203	add	D-026
S1-727734614	S3-320908980	add	D-026
S1-728008285	S3-672108233	add	D-026
S1-728430296	S3-819835636	add	D-026
S1-728959202	S2-163999588	add	D-026
S1-730297533	S2-412929933	add	D-026
S1-73073055	S3-474758056	add	D-026
S1-730838952	S3-716462475	add	D-026
S1-731491582	S2-306400207	add	D-026
S1-731565999	S3-355034622	add	D-026
S1-732674615	S3-712777229	add	D-026
S1-732740888	S3-829053498	add	D-026
S1-734796137	S2-265953457	add	D-026
S1-735921628	S3-354320813	add	D-026
S1-736279003	S3-466413643	add	D-026
S1-736681964	S2-727961266	add	D-026
S1-736732469	S2-110708750	add	D-026
S1-737157240	S2-31142464	add	D-026
S1-737827761	S3-828679750	add	D-026
S1-738076349	S2-106998111	add	D-026
S1-738660551	S3-258048754	add	D-026
S1-738753528	S2-611600300	add	D-026
S1-739061517	S3-364928824	add	D-026
S1-739126287	S3-728682369	add	D-026
S1-739174314	S3-673103715	add	D-026
S1-739299146	S2-318399914	add	D-026
S1-739729076	S2-614892115	add	D-026
S1-7407986	S2-296960040	add	D-026
S1-7407986	S3-239791744	add	D-026
S1-741077337	S2-717275497	add	D-026
S1-741322678	S3-961584568	add	D-026
S1-741443588	S2-644766361	add	D-026
S1-741576654	S3-670622184	add	D-026
S1-741967001	S3-18279563	add	D-026
S1-742029063	S3-317576172	add	D-026
S1-742557484	S3-408779126	add	D-026
S1-74326491	S3-508450339	add	D-026
S1-743406381	S3-339354	add	D-026
S1-743866468	S3-714599294	add	D-026
S1-743954927	S2-8178653	add	D-026
S1-744064629	S2-430251832	add	D-026
S1-744413323	S2-486269145	add	D-026
S1-744579205	S3-591582325	add	D-026
S1-745014374	S3-697152783	add	D-026
S1-745550069	S2-885414750	add	D-026
S1-745781123	S2-292179647	add	D-026
S1-746193063	S3-950661184	add	D-026
S1-746272503	S3-758196377	add	D-026
S1-746392320	S2-982634755	add	D-026
S1-746543355	S3-459112659	add	D-026
S1-74697886	S3-585195301	add	D-026
S1-748081003	S3-336532265	add	D-026
S1-748811845	S2-882874852	add	D-026
S1-749049626	S3-470276480	add	D-026
S1-749692190	S2-780870270	add	D-026
S1-749705019	S3-877707703	add	D-026
S1-749973135	S2-415609817	add	D-026
S1-750291836	S2-639475064	add	D-026
S1-751154433	S3-555155080	add	D-026
S1-751892504	S3-211604943	add	D-026
S1-751920214	S3-548051239	add	D-026
S1-753216577	S3-958241493	add	D-026
S1-753663838	S2-324850904	add	D-026
S1-753712842	S2-217851684	add	D-026
S1-753871303	S3-437430532	add	D-026
S1-754096810	S2-679608008	add	D-026
S1-754217726	S2-279174232	add	D-026
S1-754878917	S3-837625884	add	D-026
S1-754906241	S3-901218822	add	D-026
S1-755663220	S2-603343434	add	D-026
S1-755797569	S3-933262792	add	D-026
S1-756124151	S3-181888448	add	D-026
S1-75614002	S2-871469964	add	D-026
S1-756256547	S2-904939767	add	D-026
S1-756399892	S3-833096987	add	D-026
S1-756412063	S3-657502083	add	D-026
S1-756574322	S3-654180449	add	D-026
S1-756615258	S2-312598360	add	D-026
S1-757137067	S3-888224840	add	D-026
S1-757385362	S3-940512555	add	D-026
S1-7583072	S2-728706831	add	D-026
S1-758316887	S3-405832573	add	D-026
S1-75866411	S3-458467349	add	D-026
S1-759161118	S3-824395008	add	D-026
S1-759449426	S3-18282913	add	D-026
S1-759542743	S3-933284351	add	D-026
S1-759950704	S3-770041011	add	D-026
S1-761147106	S3-707751711	add	D-026
S1-761528460	S2-842975375	add	D-026
S1-761731428	S2-848634012	add	D-026
S1-761823327	S2-51639060	add	D-026
S1-7625595	S2-187168961	add	D-026
S1-7625595	S2-199916034	add	D-026
S1-762828903	S2-578439067	add	D-026
S1-762946902	S2-641094843	add	D-026
S1-764545538	S3-615095562	add	D-026
S1-76485140	S2-863350581	add	D-026
S1-765056805	S2-233753292	add	D-026
S1-765151672	S3-932034343	add	D-026
S1-765692537	S3-461328194	add	D-026
S1-765816040	S3-590352209	add	D-026
S1-765912253	S3-501910049	add	D-026
S1-766305640	S2-658942402	add	D-026
S1-766837340	S2-170477484	add	D-026
S1-76684526	S2-823756303	add	D-026
S1-768297750	S3-251591462	add	D-026
S1-768446473	S2-845486067	add	D-026
S1-768580291	S2-369469719	add	D-026
S1-769833283	S3-315717092	add	D-026
S1-770669880	S2-992253315	add	D-026
S1-771318028	S2-993143390	add	D-026
S1-771520305	S3-706378551	add	D-026
S1-771629795	S3-924141582	add	D-026
S1-772273479	S3-288046387	add	D-026
S1-772278183	S3-297425936	add	D-026
S1-773716155	S2-639744210	add	D-026
S1-773760331	S3-696013227	add	D-026
S1-774960294	S3-257717983	add	D-026
S1-775228278	S3-652887404	add	D-026
S1-775308546	S2-499810010	add	D-026
S1-775511741	S2-889857444	add	D-026
S1-776072609	S3-188185096	add	D-026
S1-776122270	S2-617847604	add	D-026
S1-777507830	S2-868767615	add	D-026
S1-778799143	S3-158571035	add	D-026
S1-779498393	S2-651533021	add	D-026
S1-779956291	S2-208103860	add	D-026
S1-780083519	S3-765318797	add	D-026
S1-780200890	S2-870181476	add	D-026
S1-78062256	S3-868775378	add	D-026
S1-780714181	S3-439868261	add	D-026
S1-780772672	S3-473676218	add	D-026
S1-781389295	S3-842268640	add	D-026
S1-781577683	S3-635132474	add	D-026
S1-782399634	S2-923769772	add	D-026
S1-782634160	S2-819013607	add	D-026
S1-784383251	S2-829638074	add	D-026
S1-784477330	S2-388483111	add	D-026
S1-784787384	S3-981659465	add	D-026
S1-785499017	S3-292623123	add	D-026
S1-785517547	S2-817984451	add	D-026
S1-785684890	S2-2638627	add	D-026
S1-785692629	S3-617032596	add	D-026
S1-786014305	S3-152870311	add	D-026
S1-786272101	S3-244239532	add	D-026
S1-786357312	S3-50309645	add	D-026
S1-786540454	S2-346564821	add	D-026
S1-787039499	S3-504901938	add	D-026
S1-787345539	S2-739746080	add	D-026
S1-787358810	S3-797714875	add	D-026
S1-787364592	S2-306674908	add	D-026
S1-787593164	S3-722788697	add	D-026
S1-789356141	S3-903069021	add	D-026
S1-789608999	S2-262469526	add	D-026
S1-789966438	S3-718323789	add	D-026
S1-79007668	S3-637537650	add	D-026
S1-790088714	S3-948721429	add	D-026
S1-790195350	S3-855148023	add	D-026
S1-791464593	S2-718457307	add	D-026
S1-793122597	S2-508938267	add	D-026
S1-793221588	S2-624340027	add	D-026
S1-793358734	S2-849641197	add	D-026
S1-793377270	S3-954243471	add	D-026
S1-794318650	S3-800247902	add	D-026
S1-794701877	S3-46773694	add	D-026
S1-794978825	S3-314747981	add	D-026
S1-79526734	S2-819153224	add	D-026
S1-795293322	S2-828756425	add	D-026
S1-795480462	S2-248491449	add	D-026
S1-795497373	S2-91209949	add	D-026
S1-795682388	S2-4340862	add	D-026
S1-796053401	S2-284159256	add	D-026
S1-796278648	S3-190031425	add	D-026
S1-796772586	S2-763552009	add	D-026
S1-797137937	S2-694262728	add	D-026
S1-797338433	S3-167565706	add	D-026
S1-797519739	S2-651909200	add	D-026
S1-79809684	S3-547808228	add	D-026
S1-799049230	S3-61566343	add	D-026
S1-800417500	S3-169886744	add	D-026
S1-800670127	S3-612756123	add	D-026
S1-801346554	S3-114409330	add	D-026
S1-801486646	S3-501278248	add	D-026
S1-801556162	S2-960576927	add	D-026
S1-802567016	S2-689258656	add	D-026
S1-803336850	S2-269723650	add	D-026
S1-803356189	S2-559926424	add	D-026
S1-80348437	S2-501913094	add	D-026
S1-803959535	S2-443998010	add	D-026
S1-804382943	S2-159700913	add	D-026
S1-804604827	S2-634384226	add	D-026
S1-804786991	S3-291762003	add	D-026
S1-804923319	S2-136198205	add	D-026
S1-8056907	S3-98942796	add	D-026
S1-806181612	S2-796806970	add	D-026
S1-806528045	S3-312881962	add	D-026
S1-806600494	S3-210662350	add	D-026
S1-806847743	S3-621437182	add	D-026
S1-80724944	S2-742678480	add	D-026
S1-808213259	S2-290677366	add	D-026
S1-808708022	S3-41283089	add	D-026
S1-808930534	S3-681207961	add	D-026
S1-809002250	S3-164944566	add	D-026
S1-810116902	S2-996199752	add	D-026
S1-810535758	S2-605245710	add	D-026
S1-810821833	S3-383380681	add	D-026
S1-812032834	S3-45798536	add	D-026
S1-812275250	S3-867727543	add	D-026
S1-812590834	S3-750485881	add	D-026
S1-813501065	S2-641725792	add	D-026
S1-813647266	S3-327541061	add	D-026
S1-814758579	S2-134875313	add	D-026
S1-815629438	S2-191744486	add	D-026
S1-81569594	S3-602710867	add	D-026
S1-816078599	S3-802858765	add	D-026
S1-816752871	S2-82045291	add	D-026
S1-817549477	S2-894881778	add	D-026
S1-817890308	S2-49091555	add	D-026
S1-817916609	S3-547900234	add	D-026
S1-818245208	S3-515976573	add	D-026
S1-818530137	S2-274221617	add	D-026
S1-818647795	S2-864181113	add	D-026
S1-819288286	S3-732491798	add	D-026
S1-819418714	S3-812021837	add	D-026
S1-820120886	S3-814828088	add	D-026
S1-82013882	S3-669203119	add	D-026
S1-820902373	S3-426981941	add	D-026
S1-821100055	S2-790590787	add	D-026
S1-821677350	S2-539843191	add	D-026
S1-821724717	S3-941182905	add	D-026
S1-821848333	S2-342699070	add	D-026
S1-822132385	S2-397592767	add	D-026
S1-822857159	S2-818883886	add	D-026
S1-823506810	S3-812728453	add	D-026
S1-823560405	S3-935123429	add	D-026
S1-824404552	S3-354871362	add	D-026
S1-82497357	S2-82039752	add	D-026
S1-82508964	S3-851358982	add	D-026
S1-825581372	S3-685415337	add	D-026
S1-826149683	S3-674267808	add	D-026
S1-826338945	S3-895921522	add	D-026
S1-826381921	S3-189808078	add	D-026
S1-826437600	S3-345492668	add	D-026
S1-826485406	S3-705556606	add	D-026
S1-827222568	S3-625422002	add	D-026
S1-827639407	S2-422601310	add	D-026
S1-828000588	S2-176476846	add	D-026
S1-828115994	S3-997087091	add	D-026
S1-828435923	S2-197580279	add	D-026
S1-828921293	S2-506417071	add	D-026
S1-830685929	S2-490370255	add	D-026
S1-831005229	S2-641905449	add	D-026
S1-831098653	S2-448094669	add	D-026
S1-832021384	S3-528976173	add	D-026
S1-833002022	S3-192563875	add	D-026
S1-83317577	S3-434630849	add	D-026
S1-833344266	S2-709123039	add	D-026
S1-8333656	S2-437094134	add	D-026
S1-833589073	S2-552744871	add	D-026
S1-833981428	S3-651942572	add	D-026
S1-834072542	S2-575979028	add	D-026
S1-834237460	S2-88144	add	D-026
S1-834933492	S2-9489625	add	D-026
S1-835608554	S3-797846665	add	D-026
S1-835792753	S3-52756919	add	D-026
S1-836253518	S3-426391178	add	D-026
S1-837125889	S3-264711532	add	D-026
S1-837229632	S2-363259666	add	D-026
S1-837923782	S2-945446126	add	D-026
S1-838169499	S2-661342224	add	D-026
S1-838429139	S3-443519326	add	D-026
S1-838873580	S2-933683064	add	D-026
S1-839188994	S2-264799053	add	D-026
S1-839343409	S3-394978661	add	D-026
S1-840896298	S3-954025037	add	D-026
S1-841132027	S3-8471982	add	D-026
S1-841973718	S3-470049786	add	D-026
S1-842143138	S3-180003968	add	D-026
S1-842447911	S2-934182600	add	D-026
S1-842939145	S3-434211478	add	D-026
S1-843223800	S3-185097905	add	D-026
S1-843332691	S2-732594495	add	D-026
S1-84367201	S3-149705563	add	D-026
S1-844540349	S3-143537564	add	D-026
S1-844824910	S3-241315227	add	D-026
S1-845946679	S3-950573239	add	D-026
S1-846537865	S2-718398378	add	D-026
S1-847130154	S3-968212869	add	D-026
S1-847383205	S3-91327717	add	D-026
S1-847497191	S3-494513592	add	D-026
S1-847695969	S2-590870368	add	D-026
S1-848989214	S2-796949980	add	D-026
S1-849141388	S3-93767813	add	D-026
S1-849229747	S2-809583247	add	D-026
S1-849407908	S3-118113135	add	D-026
S1-849437716	S2-6577522	add	D-026
S1-849541748	S2-756404558	add	D-026
S1-849763619	S2-870587853	add	D-026
S1-849978879	S2-423700375	add	D-026
S1-850053756	S2-525924841	add	D-026
S1-850704401	S2-546589832	add	D-026
S1-85070828	S2-466191297	add	D-026
S1-851290772	S2-154015048	add	D-026
S1-851362702	S3-51223787	add	D-026
S1-851452841	S2-844365049	add	D-026
S1-852072779	S2-917617102	add	D-026
S1-853114062	S3-14037511	add	D-026
S1-853133512	S3-56674254	add	D-026
S1-853742052	S2-80911536	add	D-026
S1-853912073	S3-132371539	add	D-026
S1-853921645	S3-13633984	add	D-026
S1-854234494	S3-901486718	add	D-026
S1-854425802	S3-576186242	add	D-026
S1-854537365	S2-560074988	add	D-026
S1-855116065	S2-667725577	add	D-026
S1-855492305	S3-4547086	add	D-026
S1-855585397	S2-304417048	add	D-026
S1-855686598	S3-676093766	add	D-026
S1-855928085	S2-419469822	add	D-026
S1-855958346	S3-278378617	add	D-026
S1-857172594	S2-514392123	add	D-026
S1-857373082	S2-183620111	add	D-026
S1-85823215	S2-103612312	add	D-026
S1-858546739	S3-908439099	add	D-026
S1-85995746	S2-746083198	add	D-026
S1-86108422	S2-363117464	add	D-026
S1-861428481	S3-64531524	add	D-026
S1-86156761	S3-907136789	add	D-026
S1-861891968	S3-286859381	add	D-026
S1-862225669	S3-565865761	add	D-026
S1-862575727	S2-263074576	add	D-026
S1-863039872	S3-374656481	add	D-026
S1-863372121	S3-391669703	add	D-026
S1-863441169	S3-671395450	add	D-026
S1-863812762	S3-593074812	add	D-026
S1-863820810	S3-639369247	add	D-026
S1-864088912	S2-740160181	add	D-026
S1-86493343	S3-596741958	add	D-026
S1-865128796	S3-601597759	add	D-026
S1-865490661	S2-630382508	add	D-026
S1-865504314	S3-747490036	add	D-026
S1-865696402	S3-706396264	add	D-026
S1-866397147	S2-358878686	add	D-026
S1-866397147	S2-600747358	add	D-026
S1-867088782	S3-89275251	add	D-026
S1-867257727	S2-877477133	add	D-026
S1-867913668	S3-158546451	add	D-026
S1-868007153	S3-278163424	add	D-026
S1-868736351	S3-204396243	add	D-026
S1-868940251	S2-57829824	add	D-026
S1-869028733	S3-622962822	add	D-026
S1-869080822	S3-880791105	add	D-026
S1-869405735	S3-936637987	add	D-026
S1-871047532	S2-773795324	add	D-026
S1-871356720	S3-118214585	add	D-026
S1-871512130	S3-818401679	add	D-026
S1-871571970	S3-750112239	add	D-026
S1-871629777	S3-43413403	add	D-026
S1-87191322	S3-865595290	add	D-026
S1-872221947	S3-129828150	add	D-026
S1-87248514	S3-478324498	add	D-026
S1-872838358	S2-599830358	add	D-026
S1-873404029	S2-93380586	add	D-026
S1-874076093	S2-98894628	add	D-026
S1-874775855	S3-192178565	add	D-026
S1-875065653	S2-975955839	add	D-026
S1-875578105	S2-914107063	add	D-026
S1-876710509	S3-225208949	add	D-026
S1-877587482	S3-869985141	add	D-026
S1-878107964	S2-322880314	add	D-026
S1-878244701	S3-913801440	add	D-026
S1-878262972	S3-675876784	add	D-026
S1-878425202	S2-771040398	add	D-026
S1-878892513	S3-340087700	add	D-026
S1-879283372	S2-275533460	add	D-026
S1-879323771	S2-672543893	add	D-026
S1-87984342	S3-68888056	add	D-026
S1-880570983	S2-923128731	add	D-026
S1-881085896	S2-522089146	add	D-026
S1-881410899	S2-706382358	add	D-026
S1-881723486	S2-924584075	add	D-026
S1-88173303	S3-474872656	add	D-026
S1-882171919	S2-439779147	add	D-026
S1-882295586	S3-940664351	add	D-026
S1-883523715	S2-783868355	add	D-026
S1-883579873	S3-455350559	add	D-026
S1-883582371	S3-697580392	add	D-026
S1-884030074	S2-702958222	add	D-026
S1-884172885	S3-145180682	add	D-026
S1-884605832	S2-629516112	add	D-026
S1-885702643	S3-6340549	add	D-026
S1-885759565	S3-783197872	add	D-026
S1-886849349	S2-213558457	add	D-026
S1-887443298	S3-621307451	add	D-026
S1-887526912	S3-492440259	add	D-026
S1-887905851	S3-277689011	add	D-026
S1-887947914	S3-476683493	add	D-026
S1-888093999	S3-322835919	add	D-026
S1-888223766	S3-284185115	add	D-026
S1-88913311	S2-456674902	add	D-026
S1-889574660	S3-44881939	add	D-026
S1-889588605	S2-44929603	add	D-026
S1-889596521	S3-476704972	add	D-026
S1-890197132	S3-212566519	add	D-026
S1-890234211	S2-391558655	add	D-026
S1-890578004	S2-346172836	add	D-026
S1-890591050	S2-923056869	add	D-026
S1-891239744	S2-830235574	add	D-026
S1-891334502	S2-337091948	add	D-026
S1-89171168	S3-678345713	add	D-026
S1-891827485	S2-242039473	add	D-026
S1-891940705	S3-964058159	add	D-026
S1-891968698	S3-769828666	add	D-026
S1-892316433	S3-69138096	add	D-026
S1-892624333	S2-812378690	add	D-026
S1-892664437	S2-615376622	add	D-026
S1-892798715	S2-51096269	add	D-026
S1-893166027	S3-131842962	add	D-026
S1-893577076	S2-345298303	add	D-026
S1-893665203	S2-977784479	add	D-026
S1-894037262	S2-101641945	add	D-026
S1-89406602	S2-159143694	add	D-026
S1-89427440	S3-86695092	add	D-026
S1-894292640	S3-651324288	add	D-026
S1-894320699	S2-647583028	add	D-026
S1-894359148	S2-614571163	add	D-026
S1-894533080	S2-152466933	add	D-026
S1-89480896	S2-167210137	add	D-026
S1-894970445	S3-372406597	add	D-026
S1-895060282	S3-387391698	add	D-026
S1-895367689	S2-227409813	add	D-026
S1-89602048	S3-157311983	add	D-026
S1-896779589	S3-258144828	add	D-026
S1-896892299	S3-36175752	add	D-026
S1-89692046	S3-873668196	add	D-026
S1-897894684	S2-15516548	add	D-026
S1-898672700	S2-820262149	add	D-026
S1-899272244	S2-525969439	add	D-026
S1-899983200	S3-988007007	add	D-026
S1-900235787	S2-898961960	add	D-026
S1-900503290	S2-134741943	add	D-026
S1-900523000	S2-731520373	add	D-026
S1-900730647	S2-931144794	add	D-026
S1-90115784	S3-228918723	add	D-026
S1-901360169	S3-446718175	add	D-026
S1-901576149	S3-229127041	add	D-026
S1-902006436	S3-117556140	add	D-026
S1-902788981	S3-410430033	add	D-026
S1-902818649	S2-185652788	add	D-026
S1-902966148	S2-306953961	add	D-026
S1-903180409	S3-467548510	add	D-026
S1-903647975	S3-318533179	add	D-026
S1-904074541	S3-726583449	add	D-026
S1-904609818	S3-301220502	add	D-026
S1-904675252	S3-751549071	add	D-026
S1-904844584	S3-56181320	add	D-026
S1-905053841	S3-809190438	add	D-026
S1-905113350	S3-164334279	add	D-026
S1-905607638	S2-226735214	add	D-026
S1-906174944	S3-641863063	add	D-026
S1-906334797	S2-836045754	add	D-026
S1-906959444	S2-13308239	add	D-026
S1-907320402	S3-957565567	add	D-026
S1-909739099	S2-56077307	add	D-026
S1-909800739	S3-282971494	add	D-026
S1-910556053	S3-707805190	add	D-026
S1-91060349	S3-423798881	add	D-026
S1-911399352	S3-593438432	add	D-026
S1-912059533	S2-843548586	add	D-026
S1-912528802	S3-386466738	add	D-026
S1-912582686	S3-610067792	add	D-026
S1-912842617	S3-413515858	add	D-026
S1-91298310	S2-351155505	add	D-026
S1-913273325	S2-643461715	add	D-026
S1-913497422	S3-425010471	add	D-026
S1-914958725	S2-660740867	add	D-026
S1-91502436	S3-850182708	add	D-026
S1-915777185	S3-706886294	add	D-026
S1-916771286	S3-239809170	add	D-026
S1-916882352	S2-52582852	add	D-026
S1-917158651	S2-752367350	add	D-026
S1-917749218	S3-544465222	add	D-026
S1-918680253	S3-821844477	add	D-026
S1-920415765	S3-441806472	add	D-026
S1-920427755	S2-863112486	add	D-026
S1-92102616	S3-1047712	add	D-026
S1-921696907	S3-142222274	add	D-026
S1-922105420	S3-222955864	add	D-026
S1-922585900	S3-252973232	add	D-026
S1-922815983	S3-104798117	add	D-026
S1-922864556	S2-535796722	add	D-026
S1-923171576	S2-342966231	add	D-026
S1-923715806	S3-136900085	add	D-026
S1-923755488	S3-431382530	add	D-026
S1-923876343	S2-822116085	add	D-026
S1-924154766	S2-310449419	add	D-026
S1-925237966	S2-11349108	add	D-026
S1-925289712	S3-974483300	add	D-026
S1-925485752	S3-606812294	add	D-026
S1-925558139	S3-542946838	add	D-026
S1-925589721	S3-546785294	add	D-026
S1-926948162	S2-603701775	add	D-026
S1-927006972	S3-152608694	add	D-026
S1-927313354	S3-616271758	add	D-026
S1-927946903	S2-939977927	add	D-026
S1-928725387	S3-126797578	add	D-026
S1-928907433	S3-977673922	add	D-026
S1-928965549	S3-931901593	add	D-026
S1-929883351	S3-225925423	add	D-026
S1-931017142	S2-821060375	add	D-026
S1-931462053	S3-687333690	add	D-026
S1-931491471	S2-895461655	add	D-026
S1-931738755	S2-96410128	add	D-026
S1-93189127	S3-833445161	add	D-026
S1-932054419	S3-95299972	add	D-026
S1-932066105	S2-177992592	add	D-026
S1-932472631	S3-324522286	add	D-026
S1-934720859	S3-606263427	add	D-026
S1-935228901	S2-40626176	add	D-026
S1-935389607	S2-978494050	add	D-026
S1-93571779	S2-94648290	add	D-026
S1-936412250	S2-254599258	add	D-026
S1-936439481	S2-382506721	add	D-026
S1-936522183	S3-744965650	add	D-026
S1-937813121	S2-551369313	add	D-026
S1-937887050	S2-622866802	add	D-026
S1-93790697	S3-611748562	add	D-026
S1-93893785	S3-830681245	add	D-026
S1-938981185	S3-857513298	add	D-026
S1-939368710	S3-145589609	add	D-026
S1-939550259	S2-263664817	add	D-026
S1-942585300	S3-162582894	add	D-026
S1-943288020	S2-569590368	add	D-026
S1-944586620	S3-243516195	add	D-026
S1-945631333	S3-280161677	add	D-026
S1-947131326	S3-171732220	add	D-026
S1-948016280	S2-517292483	add	D-026
S1-948109510	S2-872129256	add	D-026
S1-948216221	S3-452799045	add	D-026
S1-948226054	S3-975957105	add	D-026
S1-948261635	S3-287939188	add	D-026
S1-948273380	S3-679715200	add	D-026
S1-94908634	S3-419659550	add	D-026
S1-949780249	S3-225226768	add	D-026
S1-949991899	S3-22338640	add	D-026
S1-950066432	S3-528595041	add	D-026
S1-950555487	S3-458895136	add	D-026
S1-950738075	S2-930106501	add	D-026
S1-950874027	S2-655526220	add	D-026
S1-951760050	S2-622866565	add	D-026
S1-951852391	S2-539360052	add	D-026
S1-951936811	S2-512986138	add	D-026
S1-952802790	S3-874893639	add	D-026
S1-953037333	S2-785386870	add	D-026
S1-953055173	S3-889602797	add	D-026
S1-954035387	S2-594373841	add	D-026
S1-954110317	S3-385716910	add	D-026
S1-955176399	S3-173400433	add	D-026
S1-955221207	S3-347957665	add	D-026
S1-955328587	S3-418629379	add	D-026
S1-955481074	S2-388690381	add	D-026
S1-955838757	S2-870250345	add	D-026
S1-95632666	S2-422040140	add	D-026
S1-956441894	S2-34401425	add	D-026
S1-956835603	S2-908349268	add	D-026
S1-956860833	S3-365554105	add	D-026
S1-956868278	S3-868301940	add	D-026
S1-957876021	S3-671414777	add	D-026
S1-958117176	S3-559287499	add	D-026
S1-958133788	S2-940167908	add	D-026
S1-958350904	S3-581776522	add	D-026
S1-958506367	S2-736283240	add	D-026
S1-959588344	S3-709044762	add	D-026
S1-960240983	S3-291583340	add	D-026
S1-960727978	S2-175061226	add	D-026
S1-961072611	S2-635747257	add	D-026
S1-961083412	S2-683302047	add	D-026
S1-961108477	S2-119587630	add	D-026
S1-961114786	S3-855370795	add	D-026
S1-961217004	S2-123569557	add	D-026
S1-963519777	S3-736675742	add	D-026
S1-966189096	S3-934775399	add	D-026
S1-966428119	S2-834764737	add	D-026
S1-966927291	S2-612190479	add	D-026
S1-967560750	S3-253544419	add	D-026
S1-968399675	S2-209174933	add	D-026
S1-969315850	S3-895492566	add	D-026
S1-969379916	S3-52935525	add	D-026
S1-969552396	S2-683609593	add	D-026
S1-969827860	S3-453477783	add	D-026
S1-970283334	S2-859107992	add	D-026
S1-971271023	S3-355032739	add	D-026
S1-971518268	S3-665554360	add	D-026
S1-97220217	S2-380516600	add	D-026
S1-972503322	S3-187837861	add	D-026
S1-972600738	S3-995726980	add	D-026
S1-972618625	S2-125439498	add	D-026
S1-973267563	S2-294128939	add	D-026
S1-973347438	S3-601428083	add	D-026
S1-974011432	S2-829238860	add	D-026
S1-97473795	S2-654008296	add	D-026
S1-974920791	S3-476371826	add	D-026
S1-975102920	S2-838001150	add	D-026
S1-975996584	S2-163049813	add	D-026
S1-976020757	S3-822194177	add	D-026
S1-976965704	S2-951253105	add	D-026
S1-97709323	S2-164935579	add	D-026
S1-977617322	S2-9552150	add	D-026
S1-977641029	S2-24842999	add	D-026
S1-978681329	S2-806889721	add	D-026
S1-979263281	S2-695159264	add	D-026
S1-97988576	S3-796478586	add	D-026
S1-980295955	S3-707926527	add	D-026
S1-981181572	S2-929905358	add	D-026
S1-981625719	S3-312115618	add	D-026
S1-981685084	S3-937580358	add	D-026
S1-981856152	S2-587920790	add	D-026
S1-981930395	S2-13671903	add	D-026
S1-982057274	S2-682462363	add	D-026
S1-982214784	S3-529680575	add	D-026
S1-982303237	S3-571204773	add	D-026
S1-983008183	S2-522282549	add	D-026
S1-983313486	S2-637134486	add	D-026
S1-984046685	S2-549961244	add	D-026
S1-984280436	S2-771421916	add	D-026
S1-985311250	S3-162133920	add	D-026
S1-985606250	S3-994280002	add	D-026
S1-985842585	S2-62166761	add	D-026
S1-986214009	S2-827383109	add	D-026
S1-9867804	S3-55906426	add	D-026
S1-98697935	S3-852153956	add	D-026
S1-987979156	S3-313722444	add	D-026
S1-98831457	S3-63724324	add	D-026
S1-988482044	S2-10363185	add	D-026
S1-988702721	S3-36820741	add	D-026
S1-988750190	S3-805268945	add	D-026
S1-989029161	S2-939114734	add	D-026
S1-989169684	S2-195444198	add	D-026
S1-989244844	S2-947878174	add	D-026
S1-989522923	S2-642017129	add	D-026
S1-989933079	S2-593860083	add	D-026
S1-990537330	S3-287416511	add	D-026
S1-991517618	S3-24867486	add	D-026
S1-99156755	S2-824095102	add	D-026
S1-991900318	S3-798954506	add	D-026
S1-992550339	S2-227074292	add	D-026
S1-992813793	S2-924280167	add	D-026
S1-993667587	S3-430541247	add	D-026
S1-993855679	S3-354289152	add	D-026
S1-994299677	S2-498482632	add	D-026
S1-994564026	S2-295924069	add	D-026
S1-994694397	S2-818981289	add	D-026
S1-995070881	S2-944186797	add	D-026
S1-995113554	S3-672852656	add	D-026
S1-99571268	S3-540144811	add	D-026
S1-995766919	S2-886493282	add	D-026
S1-996466935	S3-75750986	add	D-026
S1-996578629	S3-914239627	add	D-026
S1-996595545	S2-593208936	add	D-026
S1-996978580	S2-58712920	add	D-026
S1-997688996	S2-627173347	add	D-026
S1-99782383	S2-481425356	add	D-026
S1-997874494	S2-283053252	add	D-026
S1-997883978	S2-112909135	add	D-026
S1-998246469	S3-674058487	add	D-026
S1-998340523	S2-633342359	add	D-026
S1-998819318	S2-697847059	add	D-026
S1-99953268	S2-993659126	add	D-026
S1-999624029	S3-321897690	add	D-026
S1-999681444	S2-460093276	add	D-026
S1-101520924	S3-67490132	remove	D-027
S1-10323433	S3-351402308	remove	D-027
S1-103852610	S2-527529308	remove	D-027
S1-104142368	S2-142948651	remove	D-027
S1-105183659	S2-696858861	remove	D-027
S1-105962481	S2-335643184	remove	D-027
S1-106486223	S3-721828635	remove	D-027
S1-106768083	S2-191878790	remove	D-027
S1-107003960	S2-355079123	remove	D-027
S1-10743893	S3-802299849	remove	D-027
S1-107590331	S2-400249817	remove	D-027
S1-108160918	S2-632620728	remove	D-027
S1-108341223	S3-148278116	remove	D-027
S1-108622412	S3-536149845	remove	D-027
S1-108907316	S2-514170741	remove	D-027
S1-110138003	S3-500851251	remove	D-027
S1-111999920	S3-235194581	remove	D-027
S1-112389698	S3-975642370	remove	D-027
S1-112499371	S2-36314858	remove	D-027
S1-113174846	S3-646339419	remove	D-027
S1-11479513	S2-1562468	remove	D-027
S1-115051428	S3-427922522	remove	D-027
S1-115163068	S3-896549468	remove	D-027
S1-115867697	S2-909703123	remove	D-027
S1-115989279	S3-856112403	remove	D-027
S1-116025759	S3-454043869	remove	D-027
S1-116508886	S2-918308347	remove	D-027
S1-116564467	S3-383926879	remove	D-027
S1-116564467	S3-840512936	remove	D-027
S1-11671471	S2-380123088	remove	D-027
S1-116761018	S3-903368045	remove	D-027
S1-116869529	S3-826919780	remove	D-027
S1-11688648	S3-741151655	remove	D-027
S1-11739114	S2-521228803	remove	D-027
S1-118875640	S3-416740611	remove	D-027
S1-119199190	S2-435976895	remove	D-027
S1-119635710	S2-559298233	remove	D-027
S1-12035185	S3-332032318	remove	D-027
S1-120736339	S3-798425031	remove	D-027
S1-120974032	S2-902209776	remove	D-027
S1-121616281	S2-622004160	remove	D-027
S1-121637834	S2-567863044	remove	D-027
S1-121702644	S2-671001584	remove	D-027
S1-12170365	S3-665378059	remove	D-027
S1-121711940	S3-807376378	remove	D-027
S1-122397142	S2-822048855	remove	D-027
S1-122614705	S2-992559850	remove	D-027
S1-122670087	S3-626410462	remove	D-027
S1-122729288	S3-808164697	remove	D-027
S1-123106707	S2-521146474	remove	D-027
S1-123106707	S2-586148882	remove	D-027
S1-123484305	S2-302685034	remove	D-027
S1-123948866	S3-357311336	remove	D-027
S1-124732638	S2-443217387	remove	D-027
S1-125639766	S3-849879945	remove	D-027
S1-126092611	S3-157249024	remove	D-027
S1-126124089	S3-946748757	remove	D-027
S1-126381201	S2-34132169	remove	D-027
S1-127104493	S3-297329330	remove	D-027
S1-127318115	S3-201317222	remove	D-027
S1-127613109	S3-938432796	remove	D-027
S1-127853164	S2-841073995	remove	D-027
S1-127968375	S2-873527557	remove	D-027
S1-128876933	S3-800271101	remove	D-027
S1-129110387	S3-681114009	remove	D-027
S1-129315926	S3-121097647	remove	D-027
S1-129315926	S3-603368096	remove	D-027
S1-129935661	S3-87073291	remove	D-027
S1-130966439	S3-918151880	remove	D-027
S1-131050998	S3-180201351	remove	D-027
S1-131604487	S3-689603239	remove	D-027
S1-133223806	S3-876468594	remove	D-027
S1-133942902	S2-708276786	remove	D-027
S1-134352667	S3-244331177	remove	D-027
S1-134524506	S2-538755985	remove	D-027
S1-135359058	S3-306769268	remove	D-027
S1-135960576	S2-437115452	remove	D-027
S1-137204868	S3-242846755	remove	D-027
S1-137394602	S3-935794268	remove	D-027
S1-137732156	S3-128604813	remove	D-027
S1-137740481	S3-232889681	remove	D-027
S1-137740481	S3-627983182	remove	D-027
S1-138633099	S2-150642082	remove	D-027
S1-138986403	S3-191804312	remove	D-027
S1-139355920	S3-3436130	remove	D-027
S1-1394670	S2-148144603	remove	D-027
S1-139891162	S3-426191883	remove	D-027
S1-140952528	S2-151819314	remove	D-027
S1-141380166	S3-653116943	remove	D-027
S1-14185950	S2-280860127	remove	D-027
S1-142592014	S2-17729863	remove	D-027
S1-142592014	S2-842119208	remove	D-027
S1-142988548	S3-631014732	remove	D-027
S1-143585276	S3-328620729	remove	D-027
S1-143844358	S3-488787556	remove	D-027
S1-144451593	S3-123598676	remove	D-027
S1-144977276	S3-198037401	remove	D-027
S1-145364309	S3-629233642	remove	D-027
S1-14562929	S2-905983551	remove	D-027
S1-145787098	S3-26658771	remove	D-027
S1-147037564	S2-432760111	remove	D-027
S1-147119583	S2-570002454	remove	D-027
S1-147552568	S3-673065342	remove	D-027
S1-147680864	S3-848367759	remove	D-027
S1-149026514	S3-399295975	remove	D-027
S1-149282825	S2-211198483	remove	D-027
S1-149584324	S3-687882715	remove	D-027
S1-149620554	S3-953790196	remove	D-027
S1-150512734	S3-675712116	remove	D-027
S1-151735135	S2-173226002	remove	D-027
S1-152864870	S3-8932944	remove	D-027
S1-153749068	S3-617093931	remove	D-027
S1-154140886	S3-268784676	remove	D-027
S1-154418541	S3-94842461	remove	D-027
S1-155878338	S2-824759674	remove	D-027
S1-156233291	S3-589741782	remove	D-027
S1-156332917	S2-947068497	remove	D-027
S1-156561545	S2-622452215	remove	D-027
S1-156745441	S2-509358346	remove	D-027
S1-157283471	S3-616590909	remove	D-027
S1-158629499	S2-767090391	remove	D-027
S1-158764139	S3-704203361	remove	D-027
S1-158851634	S2-599035600	remove	D-027
S1-15916614	S3-932755171	remove	D-027
S1-159378944	S3-805988622	remove	D-027
S1-160094637	S3-797754336	remove	D-027
S1-160494725	S2-584789141	remove	D-027
S1-160760235	S2-432608998	remove	D-027
S1-161702047	S2-928350391	remove	D-027
S1-162406316	S3-234573216	remove	D-027
S1-162749192	S3-961059263	remove	D-027
S1-163725738	S2-907188258	remove	D-027
S1-163974086	S2-206605823	remove	D-027
S1-16417425	S3-114983225	remove	D-027
S1-164529973	S3-471392487	remove	D-027
S1-164529973	S3-629879236	remove	D-027
S1-165222103	S3-764229300	remove	D-027
S1-165639060	S2-324723185	remove	D-027
S1-165714894	S3-641003450	remove	D-027
S1-166110341	S2-907731796	remove	D-027
S1-166305562	S3-87966313	remove	D-027
S1-166798772	S2-176388390	remove	D-027
S1-167376049	S2-545150547	remove	D-027
S1-167935304	S3-129146604	remove	D-027
S1-168302966	S3-257641923	remove	D-027
S1-169100782	S2-163413260	remove	D-027
S1-16910562	S2-603848329	remove	D-027
S1-169271861	S2-216937421	remove	D-027
S1-169412761	S2-932910908	remove	D-027
S1-169491104	S2-669004927	remove	D-027
S1-169491104	S2-975634891	remove	D-027
S1-17051662	S2-448154348	remove	D-027
S1-170539617	S2-697080886	remove	D-027
S1-170907171	S2-338589567	remove	D-027
S1-17250200	S2-945765724	remove	D-027
S1-1725470	S2-40566867	remove	D-027
S1-1725470	S2-781342171	remove	D-027
S1-172755218	S2-467850078	remove	D-027
S1-173129961	S2-865928055	remove	D-027
S1-174454705	S2-60461420	remove	D-027
S1-174728090	S2-164637672	remove	D-027
S1-175358982	S2-455587550	remove	D-027
S1-175970080	S3-446161104	remove	D-027
S1-176291498	S2-988219293	remove	D-027
S1-176394877	S3-549114439	remove	D-027
S1-176630800	S2-50626012	remove	D-027
S1-176904284	S3-529043225	remove	D-027
S1-177287251	S2-677074345	remove	D-027
S1-17803911	S3-121220698	remove	D-027
S1-17803911	S3-387691045	remove	D-027
S1-17935447	S2-190711635	remove	D-027
S1-180015899	S2-452811525	remove	D-027
S1-180373661	S2-827790683	remove	D-027
S1-180695861	S2-960395247	remove	D-027
S1-180695861	S3-341368306	remove	D-027
S1-180956654	S3-779956836	remove	D-027
S1-181348811	S2-612041786	remove	D-027
S1-182075855	S3-613193472	remove	D-027
S1-182272937	S3-673208165	remove	D-027
S1-182763578	S2-120214220	remove	D-027
S1-18382504	S2-677543061	remove	D-027
S1-18420100	S3-823912033	remove	D-027
S1-184449886	S3-660402009	remove	D-027
S1-184522810	S3-755329037	remove	D-027
S1-184838075	S2-441611609	remove	D-027
S1-18534095	S3-115007405	remove	D-027
S1-185456213	S2-346223973	remove	D-027
S1-185748104	S3-983170106	remove	D-027
S1-185988065	S3-561516533	remove	D-027
S1-187126572	S3-365376540	remove	D-027
S1-187126572	S3-88062833	remove	D-027
S1-187327895	S2-236192975	remove	D-027
S1-187824466	S3-830308412	remove	D-027
S1-188415893	S2-573992838	remove	D-027
S1-188687660	S3-41333346	remove	D-027
S1-190923311	S3-391747004	remove	D-027
S1-190927702	S3-773151480	remove	D-027
S1-191121127	S2-46298608	remove	D-027
S1-192445599	S2-562946755	remove	D-027
S1-192482963	S2-848638829	remove	D-027
S1-192482963	S3-247434982	remove	D-027
S1-193655507	S3-298040656	remove	D-027
S1-193763900	S3-281085141	remove	D-027
S1-194606303	S3-112938392	remove	D-027
S1-19632105	S3-531355932	remove	D-027
S1-196530274	S2-814465529	remove	D-027
S1-196641130	S2-61553291	remove	D-027
S1-197144975	S2-267677739	remove	D-027
S1-1978344	S2-713236552	remove	D-027
S1-198313847	S3-259002686	remove	D-027
S1-198593932	S3-112836929	remove	D-027
S1-19903268	S3-213566458	remove	D-027
S1-199541549	S3-829175990	remove	D-027
S1-200753019	S2-212957455	remove	D-027
S1-201337327	S2-122564026	remove	D-027
S1-202100080	S3-507942439	remove	D-027
S1-202674193	S2-758618863	remove	D-027
S1-20318602	S3-129768042	remove	D-027
S1-203778929	S3-279388295	remove	D-027
S1-205025150	S2-509068899	remove	D-027
S1-205157388	S2-356353523	remove	D-027
S1-20552183	S2-61825840	remove	D-027
S1-206141678	S3-671458078	remove	D-027
S1-206925658	S2-143049875	remove	D-027
S1-206990967	S3-982423439	remove	D-027
S1-207070715	S2-964608104	remove	D-027
S1-207202446	S2-463259225	remove	D-027
S1-207397170	S2-484236142	remove	D-027
S1-207657844	S2-897250785	remove	D-027
S1-208030597	S2-959989523	remove	D-027
S1-208148112	S2-870650280	remove	D-027
S1-20959538	S2-155646656	remove	D-027
S1-210873020	S2-373586467	remove	D-027
S1-211238432	S2-868760072	remove	D-027
S1-212041121	S2-320825571	remove	D-027
S1-21225734	S2-196835131	remove	D-027
S1-212988184	S3-479537807	remove	D-027
S1-213228234	S3-588768232	remove	D-027
S1-213324539	S2-304342239	remove	D-027
S1-213324539	S2-489384267	remove	D-027
S1-213413056	S2-58796098	remove	D-027
S1-213482603	S3-54729473	remove	D-027
S1-213686266	S3-212060864	remove	D-027
S1-213727043	S3-301296698	remove	D-027
S1-214018310	S3-293711801	remove	D-027
S1-214071411	S3-976966536	remove	D-027
S1-214426103	S2-132890382	remove	D-027
S1-21587741	S2-852366349	remove	D-027
S1-21620431	S3-14748613	remove	D-027
S1-21650505	S2-732010188	remove	D-027
S1-218753467	S3-218294284	remove	D-027
S1-218847929	S2-60002224	remove	D-027
S1-219995493	S3-570574459	remove	D-027
S1-220814608	S2-143201192	remove	D-027
S1-221795477	S2-934782373	remove	D-027
S1-221858954	S2-527770353	remove	D-027
S1-221982968	S2-836310644	remove	D-027
S1-223100293	S2-773597562	remove	D-027
S1-224942683	S2-604301261	remove	D-027
S1-225384309	S3-808277368	remove	D-027
S1-225438128	S2-361561450	remove	D-027
S1-22587111	S2-558088551	remove	D-027
S1-22678267	S2-250911422	remove	D-027
S1-226885099	S3-629052600	remove	D-027
S1-229118158	S2-761022027	remove	D-027
S1-229602510	S3-799450870	remove	D-027
S1-232015238	S2-287085386	remove	D-027
S1-232157202	S3-682068737	remove	D-027
S1-232396118	S3-925113395	remove	D-027
S1-232482364	S3-764585320	remove	D-027
S1-232840528	S3-868238094	remove	D-027
S1-233058838	S3-36426738	remove	D-027
S1-234273250	S2-252869304	remove	D-027
S1-234374787	S2-858555900	remove	D-027
S1-234551621	S2-792028739	remove	D-027
S1-234886093	S3-269143029	remove	D-027
S1-235375389	S3-344806736	remove	D-027
S1-235514783	S3-75925145	remove	D-027
S1-235702776	S3-5910751	remove	D-027
S1-235774962	S3-898440426	remove	D-027
S1-236040189	S3-519099801	remove	D-027
S1-23613687	S3-132231004	remove	D-027
S1-236227115	S2-339949673	remove	D-027
S1-237079773	S3-393904048	remove	D-027
S1-23774354	S3-564054395	remove	D-027
S1-237984423	S3-298722638	remove	D-027
S1-238127253	S2-199027969	remove	D-027
S1-238494722	S2-304340134	remove	D-027
S1-2388647	S2-7085415	remove	D-027
S1-239103801	S2-778945797	remove	D-027
S1-239282134	S2-946345309	remove	D-027
S1-239316527	S3-164157215	remove	D-027
S1-240451130	S2-14144090	remove	D-027
S1-240580261	S2-186898764	remove	D-027
S1-240989978	S3-976833973	remove	D-027
S1-241174304	S2-697359240	remove	D-027
S1-241174304	S2-926247025	remove	D-027
S1-241333806	S3-573041341	remove	D-027
S1-241817750	S2-897590206	remove	D-027
S1-241855256	S3-665401995	remove	D-027
S1-242229529	S3-755871405	remove	D-027
S1-242707594	S2-304524021	remove	D-027
S1-243030366	S2-742119882	remove	D-027
S1-243060545	S3-456609353	remove	D-027
S1-243235913	S2-569141304	remove	D-027
S1-244164903	S3-859878435	remove	D-027
S1-244644387	S2-420889710	remove	D-027
S1-245739184	S3-357353669	remove	D-027
S1-246486882	S2-885489434	remove	D-027
S1-246600641	S3-546023422	remove	D-027
S1-246947484	S3-855509640	remove	D-027
S1-247312842	S3-286435101	remove	D-027
S1-248316887	S2-178487751	remove	D-027
S1-248365770	S2-131399043	remove	D-027
S1-248867820	S2-352860021	remove	D-027
S1-249936935	S2-928699764	remove	D-027
S1-250226661	S3-453023423	remove	D-027
S1-250775282	S2-80573655	remove	D-027
S1-251235099	S3-222752697	remove	D-027
S1-251447192	S3-68651888	remove	D-027
S1-252853905	S3-98319566	remove	D-027
S1-253957104	S2-360829556	remove	D-027
S1-253975987	S2-384123263	remove	D-027
S1-254405918	S3-612520285	remove	D-027
S1-254894823	S2-556023653	remove	D-027
S1-255734868	S2-908853886	remove	D-027
S1-255872929	S2-668865023	remove	D-027
S1-256374632	S2-988698465	remove	D-027
S1-256616207	S2-399558865	remove	D-027
S1-258563622	S2-370116614	remove	D-027
S1-258834542	S3-484534593	remove	D-027
S1-25924374	S2-363965543	remove	D-027
S1-25979543	S3-514775994	remove	D-027
S1-26006197	S3-55150810	remove	D-027
S1-260155361	S2-127337325	remove	D-027
S1-260914266	S2-3306280	remove	D-027
S1-26132227	S3-129844970	remove	D-027
S1-261508200	S2-219952686	remove	D-027
S1-261649986	S3-287267579	remove	D-027
S1-261742411	S3-317556210	remove	D-027
S1-261864272	S3-292842719	remove	D-027
S1-261909497	S2-197206629	remove	D-027
S1-262598369	S2-404378600	remove	D-027
S1-262803795	S3-67612640	remove	D-027
S1-263987241	S3-409652301	remove	D-027
S1-264102829	S2-217830095	remove	D-027
S1-264152604	S3-657507541	remove	D-027
S1-264595873	S3-492725241	remove	D-027
S1-264702796	S3-542443784	remove	D-027
S1-265272972	S3-343525428	remove	D-027
S1-265544938	S3-852436970	remove	D-027
S1-265875869	S3-668751510	remove	D-027
S1-266603576	S2-52268108	remove	D-027
S1-266686039	S2-210977429	remove	D-027
S1-26669608	S3-42287622	remove	D-027
S1-268736620	S3-287872077	remove	D-027
S1-268784461	S2-252819941	remove	D-027
S1-26884024	S2-876897235	remove	D-027
S1-269077436	S3-613300149	remove	D-027
S1-269775185	S2-569803311	remove	D-027
S1-269823138	S2-894544051	remove	D-027
S1-269907623	S2-431451516	remove	D-027
S1-270033958	S3-507118975	remove	D-027
S1-270346072	S2-507473757	remove	D-027
S1-270633605	S2-401381643	remove	D-027
S1-271697830	S3-851752888	remove	D-027
S1-27203284	S2-962909339	remove	D-027
S1-272235937	S3-170456495	remove	D-027
S1-272971527	S3-110249560	remove	D-027
S1-272971527	S3-465822253	remove	D-027
S1-273332305	S2-78061063	remove	D-027
S1-273839625	S3-164358771	remove	D-027
S1-273912179	S3-173105028	remove	D-027
S1-273955825	S3-404988901	remove	D-027
S1-274695574	S2-457470553	remove	D-027
S1-2753512	S2-633823717	remove	D-027
S1-275431407	S2-558769859	remove	D-027
S1-275715692	S2-961731810	remove	D-027
S1-275933963	S3-193977161	remove	D-027
S1-2764222	S2-740180382	remove	D-027
S1-2764222	S3-884236684	remove	D-027
S1-276556308	S2-406096459	remove	D-027
S1-276572506	S2-12468824	remove	D-027
S1-276665767	S3-336902289	remove	D-027
S1-277606347	S2-439907777	remove	D-027
S1-277843737	S2-844971072	remove	D-027
S1-278232164	S2-325765934	remove	D-027
S1-278841070	S3-447446311	remove	D-027
S1-278963066	S3-26808330	remove	D-027
S1-280038115	S2-915325692	remove	D-027
S1-280497077	S3-279476455	remove	D-027
S1-281178043	S2-434505598	remove	D-027
S1-281483351	S3-342350220	remove	D-027
S1-281699664	S3-547831572	remove	D-027
S1-282226832	S3-172989335	remove	D-027
S1-282241330	S3-792569437	remove	D-027
S1-282455379	S3-585801667	remove	D-027
S1-282580223	S3-451183481	remove	D-027
S1-283496235	S3-367847158	remove	D-027
S1-283758323	S2-4665857	remove	D-027
S1-283758323	S2-701343782	remove	D-027
S1-283911762	S2-892280823	remove	D-027
S1-284597162	S2-708244306	remove	D-027
S1-284928865	S2-350968774	remove	D-027
S1-285607139	S2-359452458	remove	D-027
S1-28635495	S3-497084172	remove	D-027
S1-286704506	S2-696746763	remove	D-027
S1-289613287	S2-228002570	remove	D-027
S1-289783144	S3-30041623	remove	D-027
S1-291007649	S2-181596266	remove	D-027
S1-292279678	S3-601327365	remove	D-027
S1-292536077	S2-306501903	remove	D-027
S1-293102681	S3-753962889	remove	D-027
S1-293245152	S3-751699402	remove	D-027
S1-293615096	S3-699426174	remove	D-027
S1-294338275	S2-969308563	remove	D-027
S1-294551920	S2-607171802	remove	D-027
S1-294600590	S2-751798665	remove	D-027
S1-294913610	S2-242725728	remove	D-027
S1-294913610	S2-395270608	remove	D-027
S1-294913610	S3-130465329	remove	D-027
S1-294913610	S3-399735215	remove	D-027
S1-295401297	S2-200192032	remove	D-027
S1-295429210	S2-564178519	remove	D-027
S1-295798116	S3-528280091	remove	D-027
S1-296923598	S3-827148246	remove	D-027
S1-297498177	S3-500790330	remove	D-027
S1-297721016	S3-186078238	remove	D-027
S1-298040854	S3-211808449	remove	D-027
S1-29846743	S2-125010587	remove	D-027
S1-298723988	S3-763927910	remove	D-027
S1-299103258	S2-393467847	remove	D-027
S1-299723088	S2-665551910	remove	D-027
S1-300467656	S3-198368867	remove	D-027
S1-300985252	S3-146071671	remove	D-027
S1-302123111	S2-437986298	remove	D-027
S1-30215489	S3-446838249	remove	D-027
S1-302228923	S3-57736603	remove	D-027
S1-302298426	S2-867166059	remove	D-027
S1-302408754	S3-814142966	remove	D-027
S1-302530471	S2-169009388	remove	D-027
S1-304316555	S3-777547046	remove	D-027
S1-304501871	S3-158104873	remove	D-027
S1-305040090	S2-490419293	remove	D-027
S1-305407247	S2-133372092	remove	D-027
S1-305461827	S3-362922118	remove	D-027
S1-305608295	S2-351077063	remove	D-027
S1-305683314	S2-645851417	remove	D-027
S1-306524017	S2-440598049	remove	D-027
S1-306738753	S2-549225496	remove	D-027
S1-30691479	S3-337990664	remove	D-027
S1-307514037	S3-210091316	remove	D-027
S1-307793110	S2-933375089	remove	D-027
S1-308069054	S2-820257835	remove	D-027
S1-308668067	S3-103893764	remove	D-027
S1-309134695	S3-444034500	remove	D-027
S1-309510634	S3-278547005	remove	D-027
S1-310579810	S3-731954454	remove	D-027
S1-310963391	S2-934530928	remove	D-027
S1-312066677	S3-897781067	remove	D-027
S1-312070047	S2-691821537	remove	D-027
S1-312173670	S2-909281299	remove	D-027
S1-312927247	S2-749968059	remove	D-027
S1-313521755	S2-261991489	remove	D-027
S1-313521755	S2-310317225	remove	D-027
S1-313821278	S2-751806845	remove	D-027
S1-313821278	S2-98104784	remove	D-027
S1-314328800	S3-681131256	remove	D-027
S1-316498122	S2-740989058	remove	D-027
S1-316558330	S2-833210206	remove	D-027
S1-317090542	S3-28229220	remove	D-027
S1-317090542	S3-661973743	remove	D-027
S1-317363466	S2-59822966	remove	D-027
S1-31753203	S2-37713399	remove	D-027
S1-317865929	S3-162040879	remove	D-027
S1-317978219	S2-87701652	remove	D-027
S1-318446800	S2-117054426	remove	D-027
S1-319771207	S2-693825040	remove	D-027
S1-31996681	S2-648385023	remove	D-027
S1-320641094	S3-739021563	remove	D-027
S1-321646798	S3-296592573	remove	D-027
S1-321672579	S2-428550557	remove	D-027
S1-322236123	S3-607820168	remove	D-027
S1-322418391	S3-665693550	remove	D-027
S1-322967214	S2-739458743	remove	D-027
S1-323064020	S2-403822801	remove	D-027
S1-324885285	S3-48939502	remove	D-027
S1-325083065	S2-238048682	remove	D-027
S1-325200301	S3-944450067	remove	D-027
S1-325292937	S3-483154517	remove	D-027
S1-325799601	S3-200797332	remove	D-027
S1-325980327	S3-163133577	remove	D-027
S1-326549111	S2-231458052	remove	D-027
S1-327063228	S2-682818727	remove	D-027
S1-327424936	S3-490552466	remove	D-027
S1-32797019	S2-668271553	remove	D-027
S1-328460054	S2-619357179	remove	D-027
S1-328488231	S2-201691674	remove	D-027
S1-329307634	S2-379130010	remove	D-027
S1-32937699	S2-17003070	remove	D-027
S1-329511201	S2-396700450	remove	D-027
S1-329806433	S2-254957169	remove	D-027
S1-329928853	S2-858202442	remove	D-027
S1-33184998	S3-274899925	remove	D-027
S1-331957069	S2-894504249	remove	D-027
S1-331957397	S2-675964850	remove	D-027
S1-332157607	S3-390134586	remove	D-027
S1-332469608	S3-42689525	remove	D-027
S1-332504314	S3-366804445	remove	D-027
S1-332708678	S3-221593336	remove	D-027
S1-332815053	S2-600398897	remove	D-027
S1-333009298	S2-521753002	remove	D-027
S1-333099767	S2-393808382	remove	D-027
S1-334691169	S3-831047036	remove	D-027
S1-335004794	S3-218654237	remove	D-027
S1-335135789	S2-677867741	remove	D-027
S1-335426003	S2-877362754	remove	D-027
S1-335832369	S3-369393859	remove	D-027
S1-336035489	S2-443113028	remove	D-027
S1-336835089	S2-776946986	remove	D-027
S1-337806681	S2-38119865	remove	D-027
S1-338657405	S2-724932637	remove	D-027
S1-339282561	S2-332319851	remove	D-027
S1-339350419	S3-242687894	remove	D-027
S1-339464213	S3-210606866	remove	D-027
S1-339464213	S3-868777580	remove	D-027
S1-33946455	S2-822350865	remove	D-027
S1-340614010	S3-723928213	remove	D-027
S1-340779926	S2-16729017	remove	D-027
S1-341302335	S3-152771087	remove	D-027
S1-341804819	S3-691887339	remove	D-027
S1-342048245	S2-127384542	remove	D-027
S1-342642218	S3-735292032	remove	D-027
S1-343649485	S3-813578295	remove	D-027
S1-34379146	S3-145202668	remove	D-027
S1-34406583	S2-683831863	remove	D-027
S1-345653498	S2-942888001	remove	D-027
S1-346642681	S2-413574643	remove	D-027
S1-346943893	S2-837673490	remove	D-027
S1-347090533	S2-945642189	remove	D-027
S1-347317152	S3-340565848	remove	D-027
S1-347334150	S2-768435553	remove	D-027
S1-347401403	S2-726937127	remove	D-027
S1-349688817	S3-254370816	remove	D-027
S1-350947140	S3-468010246	remove	D-027
S1-35205459	S3-246227754	remove	D-027
S1-352839358	S2-966284866	remove	D-027
S1-352898891	S3-440827855	remove	D-027
S1-352970796	S2-105338951	remove	D-027
S1-353064354	S2-573008547	remove	D-027
S1-354994618	S3-51058716	remove	D-027
S1-354994618	S3-963691057	remove	D-027
S1-355225321	S2-444220826	remove	D-027
S1-355270442	S2-268677755	remove	D-027
S1-355639833	S2-39231715	remove	D-027
S1-357428840	S3-827847612	remove	D-027
S1-357864271	S2-245042439	remove	D-027
S1-359442121	S2-478767554	remove	D-027
S1-359567316	S2-985159105	remove	D-027
S1-359595153	S2-557938984	remove	D-027
S1-359707798	S3-991705013	remove	D-027
S1-360530314	S3-309122101	remove	D-027
S1-360937235	S3-751565660	remove	D-027
S1-361185983	S2-351968687	remove	D-027
S1-362015658	S2-723014050	remove	D-027
S1-362176536	S2-871860187	remove	D-027
S1-36291208	S3-84008731	remove	D-027
S1-363158832	S3-95118806	remove	D-027
S1-363640091	S3-939319678	remove	D-027
S1-364049665	S3-980630016	remove	D-027
S1-3662807	S3-843706014	remove	D-027
S1-366410203	S2-125777993	remove	D-027
S1-367105524	S2-202443657	remove	D-027
S1-367449337	S3-584587635	remove	D-027
S1-368586041	S2-202781515	remove	D-027
S1-368698058	S2-754159940	remove	D-027
S1-369983443	S3-17863871	remove	D-027
S1-370625971	S2-580521072	remove	D-027
S1-371474814	S3-781179696	remove	D-027
S1-371704988	S3-832266693	remove	D-027
S1-371920077	S3-164959286	remove	D-027
S1-372542483	S3-728232230	remove	D-027
S1-372820966	S2-834684613	remove	D-027
S1-373058402	S3-32117120	remove	D-027
S1-373611470	S3-745202990	remove	D-027
S1-374072912	S3-390325570	remove	D-027
S1-374688258	S3-286720899	remove	D-027
S1-374995369	S2-174844915	remove	D-027
S1-375350772	S3-752102512	remove	D-027
S1-37600952	S3-660276950	remove	D-027
S1-376594923	S3-180870062	remove	D-027
S1-377313012	S2-634450185	remove	D-027
S1-377682096	S2-241274798	remove	D-027
S1-37843997	S3-150486290	remove	D-027
S1-378675901	S2-104948543	remove	D-027
S1-378777851	S2-64882978	remove	D-027
S1-378910277	S3-635374778	remove	D-027
S1-379380457	S2-132598663	remove	D-027
S1-379690343	S2-264064170	remove	D-027
S1-379808127	S2-365879850	remove	D-027
S1-380088336	S3-102066509	remove	D-027
S1-380800642	S3-706164413	remove	D-027
S1-382488880	S3-34793850	remove	D-027
S1-383761970	S3-440073088	remove	D-027
S1-384848746	S3-740230689	remove	D-027
S1-385097639	S2-777510415	remove	D-027
S1-385814018	S2-332126099	remove	D-027
S1-38661520	S2-303271277	remove	D-027
S1-38708226	S2-125484281	remove	D-027
S1-387334514	S2-741549911	remove	D-027
S1-387639409	S3-155885809	remove	D-027
S1-388124620	S3-800994516	remove	D-027
S1-388219436	S2-353885797	remove	D-027
S1-389303172	S3-491595566	remove	D-027
S1-389648602	S2-207295105	remove	D-027
S1-390560499	S3-183388425	remove	D-027
S1-391418821	S3-205554101	remove	D-027
S1-391856728	S2-197700742	remove	D-027
S1-391935600	S3-524528407	remove	D-027
S1-392475195	S2-818200076	remove	D-027
S1-392543707	S2-526866001	remove	D-027
S1-392640724	S2-8284868	remove	D-027
S1-393572157	S2-334777342	remove	D-027
S1-393573839	S3-232547297	remove	D-027
S1-39367449	S2-740013780	remove	D-027
S1-395415034	S2-186454018	remove	D-027
S1-396067124	S3-650520951	remove	D-027
S1-396266319	S3-702534421	remove	D-027
S1-396727512	S2-107831163	remove	D-027
S1-398031362	S2-198469054	remove	D-027
S1-399204779	S2-141037013	remove	D-027
S1-399729720	S2-217418210	remove	D-027
S1-400007525	S2-844794736	remove	D-027
S1-400082745	S3-181086520	remove	D-027
S1-400110407	S3-125833983	remove	D-027
S1-400495527	S2-612113644	remove	D-027
S1-400737699	S2-95130846	remove	D-027
S1-402242995	S3-749060176	remove	D-027
S1-402397883	S3-507317590	remove	D-027
S1-402510854	S3-721163135	remove	D-027
S1-40263907	S2-680477824	remove	D-027
S1-402648532	S2-398635313	remove	D-027
S1-403296695	S2-313775091	remove	D-027
S1-404373503	S3-290510688	remove	D-027
S1-404599300	S3-540660685	remove	D-027
S1-404646870	S3-124019038	remove	D-027
S1-405800534	S2-61865698	remove	D-027
S1-406241079	S3-441337615	remove	D-027
S1-406398244	S2-559402272	remove	D-027
S1-406839625	S2-433167866	remove	D-027
S1-407507318	S2-752908267	remove	D-027
S1-408558902	S2-799751139	remove	D-027
S1-408610713	S3-38907986	remove	D-027
S1-410814339	S3-640878349	remove	D-027
S1-411245127	S2-525341872	remove	D-027
S1-41161067	S2-711737310	remove	D-027
S1-412088381	S3-666969773	remove	D-027
S1-413834797	S2-186282631	remove	D-027
S1-414194632	S3-640450620	remove	D-027
S1-416351779	S3-601963466	remove	D-027
S1-41687355	S3-373262888	remove	D-027
S1-417506604	S3-826091128	remove	D-027
S1-417565980	S3-808537051	remove	D-027
S1-418528668	S2-178839774	remove	D-027
S1-419552140	S3-895844381	remove	D-027
S1-419933161	S3-869716676	remove	D-027
S1-4205177	S2-782205854	remove	D-027
S1-420537494	S2-715100063	remove	D-027
S1-420537494	S2-802071500	remove	D-027
S1-420881107	S3-649868910	remove	D-027
S1-421140228	S2-489767574	remove	D-027
S1-421658946	S3-253118940	remove	D-027
S1-422074124	S3-627535552	remove	D-027
S1-422786470	S2-639661088	remove	D-027
S1-423089632	S3-148518559	remove	D-027
S1-423207998	S2-883186950	remove	D-027
S1-423956113	S2-619711134	remove	D-027
S1-424423279	S2-126643110	remove	D-027
S1-424657094	S3-857869545	remove	D-027
S1-424848376	S2-338000018	remove	D-027
S1-425064951	S3-602217125	remove	D-027
S1-42559029	S3-752036718	remove	D-027
S1-425730808	S2-499875921	remove	D-027
S1-426427462	S2-323823505	remove	D-027
S1-427167661	S2-807201345	remove	D-027
S1-427218519	S3-784792218	remove	D-027
S1-427552100	S2-940397791	remove	D-027
S1-430520970	S2-178025915	remove	D-027
S1-430621496	S3-249594050	remove	D-027
S1-430823668	S2-424906131	remove	D-027
S1-43132141	S3-545579192	remove	D-027
S1-431594400	S2-692558221	remove	D-027
S1-432194940	S3-226301534	remove	D-027
S1-432417219	S2-924121875	remove	D-027
S1-432570790	S3-164437550	remove	D-027
S1-433247985	S3-345815892	remove	D-027
S1-433833518	S3-349052146	remove	D-027
S1-434022040	S3-790302076	remove	D-027
S1-434150138	S2-130052530	remove	D-027
S1-434305393	S2-37800522	remove	D-027
S1-434307548	S3-864122104	remove	D-027
S1-434454045	S2-347533323	remove	D-027
S1-434454045	S2-367540583	remove	D-027
S1-434655281	S2-105537084	remove	D-027
S1-434742593	S2-296453920	remove	D-027
S1-435509111	S3-507777388	remove	D-027
S1-435839001	S3-108210759	remove	D-027
S1-435953762	S2-437182285	remove	D-027
S1-436938624	S3-737588760	remove	D-027
S1-436979178	S2-241902804	remove	D-027
S1-437404597	S3-435117254	remove	D-027
S1-437564853	S3-689108667	remove	D-027
S1-438797964	S3-947598642	remove	D-027
S1-438950484	S3-769954513	remove	D-027
S1-440041499	S2-280538943	remove	D-027
S1-440181338	S2-754196734	remove	D-027
S1-440677336	S3-966901941	remove	D-027
S1-440692462	S2-956912975	remove	D-027
S1-440756289	S2-683435434	remove	D-027
S1-441576613	S3-251136008	remove	D-027
S1-442153939	S2-773458827	remove	D-027
S1-442784463	S3-929929659	remove	D-027
S1-442885867	S2-673877355	remove	D-027
S1-443648778	S3-208820532	remove	D-027
S1-44372774	S2-434462282	remove	D-027
S1-443800376	S2-664586794	remove	D-027
S1-446665286	S3-839625668	remove	D-027
S1-446754194	S3-786293772	remove	D-027
S1-447048524	S3-31895774	remove	D-027
S1-448309815	S3-156694934	remove	D-027
S1-448383047	S3-280306767	remove	D-027
S1-448413949	S2-28304520	remove	D-027
S1-449006829	S3-255824234	remove	D-027
S1-449106361	S2-594060748	remove	D-027
S1-4491129	S2-852679773	remove	D-027
S1-449179825	S2-249571826	remove	D-027
S1-449348668	S2-917638600	remove	D-027
S1-450055987	S2-144325790	remove	D-027
S1-450514963	S2-680564171	remove	D-027
S1-451398099	S2-704620082	remove	D-027
S1-452442119	S3-660390612	remove	D-027
S1-452691273	S3-753151660	remove	D-027
S1-453891231	S2-531488828	remove	D-027
S1-453992255	S3-94675302	remove	D-027
S1-454302028	S3-246728206	remove	D-027
S1-45479457	S3-128864273	remove	D-027
S1-454956194	S2-271670111	remove	D-027
S1-455145215	S3-755135231	remove	D-027
S1-455521477	S3-758581573	remove	D-027
S1-456652881	S3-623991446	remove	D-027
S1-457265088	S3-161357070	remove	D-027
S1-457662790	S2-348548490	remove	D-027
S1-458344546	S3-37938281	remove	D-027
S1-459103356	S2-961904765	remove	D-027
S1-460562664	S2-501453038	remove	D-027
S1-460887760	S2-876733440	remove	D-027
S1-462232560	S2-493076092	remove	D-027
S1-462885898	S2-14971248	remove	D-027
S1-462958590	S2-285303109	remove	D-027
S1-46325380	S2-645986859	remove	D-027
S1-46332031	S2-958353295	remove	D-027
S1-463484493	S3-354363811	remove	D-027
S1-464391502	S2-331536849	remove	D-027
S1-464977973	S3-172290100	remove	D-027
S1-465890019	S3-486448306	remove	D-027
S1-4659107	S2-557108637	remove	D-027
S1-465974442	S3-783416259	remove	D-027
S1-466675777	S3-487746756	remove	D-027
S1-46669984	S2-598914736	remove	D-027
S1-466705047	S2-123301785	remove	D-027
S1-466712270	S2-732874384	remove	D-027
S1-466866182	S2-949375733	remove	D-027
S1-467910881	S3-911139775	remove	D-027
S1-468304329	S3-384636115	remove	D-027
S1-468514181	S2-316763778	remove	D-027
S1-468744098	S2-880947939	remove	D-027
S1-470125431	S3-212167360	remove	D-027
S1-470343116	S2-642088369	remove	D-027
S1-471205951	S2-507508454	remove	D-027
S1-471677747	S2-343417090	remove	D-027
S1-471748141	S2-93782479	remove	D-027
S1-471890545	S3-747991432	remove	D-027
S1-472201295	S2-628916549	remove	D-027
S1-472946050	S3-863156831	remove	D-027
S1-473300238	S3-311865953	remove	D-027
S1-473589154	S3-941830884	remove	D-027
S1-475165724	S2-595047976	remove	D-027
S1-475203649	S3-688107504	remove	D-027
S1-476033925	S2-733813295	remove	D-027
S1-47697359	S2-704306346	remove	D-027
S1-4783072	S2-94354627	remove	D-027
S1-478497335	S2-208237503	remove	D-027
S1-478533059	S3-41311494	remove	D-027
S1-478962326	S2-482194103	remove	D-027
S1-479592003	S2-727301956	remove	D-027
S1-479736065	S2-889396243	remove	D-027
S1-48116619	S2-339619380	remove	D-027
S1-482264415	S3-259222456	remove	D-027
S1-482275754	S3-430415871	remove	D-027
S1-482574119	S2-200405350	remove	D-027
S1-482894079	S3-38160470	remove	D-027
S1-483254538	S2-43182875	remove	D-027
S1-484271583	S3-783602340	remove	D-027
S1-484527614	S2-872393532	remove	D-027
S1-48457663	S3-926590377	remove	D-027
S1-484999988	S2-806697547	remove	D-027
S1-485121988	S2-358086692	remove	D-027
S1-485290219	S2-69396067	remove	D-027
S1-485294222	S3-749646653	remove	D-027
S1-486617382	S3-990914600	remove	D-027
S1-486665202	S3-830000251	remove	D-027
S1-487302350	S2-395649717	remove	D-027
S1-488718266	S3-597837393	remove	D-027
S1-488755961	S3-416172132	remove	D-027
S1-488896110	S2-288832677	remove	D-027
S1-489126774	S2-705915342	remove	D-027
S1-489816589	S3-310090856	remove	D-027
S1-490204454	S3-723211743	remove	D-027
S1-490653795	S2-811256156	remove	D-027
S1-490818373	S3-283238238	remove	D-027
S1-491366872	S2-34039460	remove	D-027
S1-491531966	S2-195138464	remove	D-027
S1-492498253	S3-336298226	remove	D-027
S1-493032322	S3-509938003	remove	D-027
S1-493479543	S3-775786350	remove	D-027
S1-494154108	S3-588123483	remove	D-027
S1-494658292	S2-851509885	remove	D-027
S1-494790669	S3-28406631	remove	D-027
S1-495055224	S2-142800535	remove	D-027
S1-495422998	S3-296241030	remove	D-027
S1-495443726	S3-988767782	remove	D-027
S1-496070425	S3-73670660	remove	D-027
S1-49620813	S3-731761596	remove	D-027
S1-496280851	S2-327114662	remove	D-027
S1-497413703	S3-938830667	remove	D-027
S1-497528008	S3-143116879	remove	D-027
S1-49832906	S2-349305516	remove	D-027
S1-498499004	S2-207037420	remove	D-027
S1-498515068	S3-656842896	remove	D-027
S1-499067675	S3-436980614	remove	D-027
S1-500168946	S3-787822192	remove	D-027
S1-50235252	S3-400184838	remove	D-027
S1-503239250	S2-833462221	remove	D-027
S1-503742842	S3-886728506	remove	D-027
S1-504692046	S3-196443221	remove	D-027
S1-506095492	S3-555049262	remove	D-027
S1-506159388	S2-154895929	remove	D-027
S1-506674243	S3-894868817	remove	D-027
S1-507504733	S2-994897193	remove	D-027
S1-507543825	S3-536718766	remove	D-027
S1-507543825	S3-608381970	remove	D-027
S1-508894002	S3-596099755	remove	D-027
S1-5089299	S3-974994571	remove	D-027
S1-509161526	S2-748787738	remove	D-027
S1-510328041	S3-173440146	remove	D-027
S1-510675992	S3-700167565	remove	D-027
S1-511039217	S3-980405205	remove	D-027
S1-511657142	S2-100956188	remove	D-027
S1-513819603	S3-459634601	remove	D-027
S1-514176228	S3-371785518	remove	D-027
S1-514362897	S2-905055322	remove	D-027
S1-514453472	S2-856719968	remove	D-027
S1-514543467	S2-747797897	remove	D-027
S1-514651155	S3-735997952	remove	D-027
S1-515143411	S3-592717884	remove	D-027
S1-515357272	S3-787940639	remove	D-027
S1-515432808	S2-114124678	remove	D-027
S1-515664132	S2-257393157	remove	D-027
S1-515880664	S3-721803644	remove	D-027
S1-516127840	S2-400589935	remove	D-027
S1-516178196	S2-419264571	remove	D-027
S1-516284401	S2-501897830	remove	D-027
S1-516284401	S2-77450890	remove	D-027
S1-517101978	S3-977840490	remove	D-027
S1-517162	S2-371541142	remove	D-027
S1-51781316	S3-372756500	remove	D-027
S1-517856192	S2-757425660	remove	D-027
S1-517870563	S3-882381344	remove	D-027
S1-518240616	S3-305612019	remove	D-027
S1-519541555	S3-296709097	remove	D-027
S1-519615351	S2-310998803	remove	D-027
S1-519819947	S3-5051818	remove	D-027
S1-520397018	S2-88969779	remove	D-027
S1-520475128	S3-819785404	remove	D-027
S1-5214848	S2-520092460	remove	D-027
S1-521524166	S2-843404782	remove	D-027
S1-521709798	S2-757261608	remove	D-027
S1-521847200	S3-783494162	remove	D-027
S1-522020732	S3-905614111	remove	D-027
S1-522131619	S2-317290019	remove	D-027
S1-523520435	S3-251466754	remove	D-027
S1-525239611	S3-426131742	remove	D-027
S1-525397618	S3-312372193	remove	D-027
S1-525544316	S2-790859919	remove	D-027
S1-52718257	S3-111077653	remove	D-027
S1-527643542	S2-727978288	remove	D-027
S1-528333019	S3-710257414	remove	D-027
S1-528773133	S2-891983610	remove	D-027
S1-53034330	S3-636970751	remove	D-027
S1-530917619	S3-107382312	remove	D-027
S1-531241679	S3-226385613	remove	D-027
S1-531241679	S3-303857981	remove	D-027
S1-531327792	S2-147967487	remove	D-027
S1-531415986	S2-84840373	remove	D-027
S1-531849967	S3-405740983	remove	D-027
S1-531962143	S2-35519175	remove	D-027
S1-532232700	S3-624333535	remove	D-027
S1-5325420	S3-971572467	remove	D-027
S1-533058051	S2-658983710	remove	D-027
S1-533070525	S3-875367086	remove	D-027
S1-533933859	S3-422992237	remove	D-027
S1-534115642	S3-302987122	remove	D-027
S1-534302651	S2-722043379	remove	D-027
S1-534954569	S3-781919242	remove	D-027
S1-535211766	S2-763328173	remove	D-027
S1-535238655	S2-339225250	remove	D-027
S1-535271958	S3-750796640	remove	D-027
S1-535653321	S2-570007183	remove	D-027
S1-53728985	S2-722324400	remove	D-027
S1-537524911	S3-734670317	remove	D-027
S1-537699339	S2-516823537	remove	D-027
S1-537858937	S3-697291249	remove	D-027
S1-537920847	S3-676015092	remove	D-027
S1-539099358	S3-87171893	remove	D-027
S1-539229737	S3-952009241	remove	D-027
S1-539520150	S2-208686952	remove	D-027
S1-540083488	S3-882218951	remove	D-027
S1-540537288	S2-42471514	remove	D-027
S1-541115614	S2-818496980	remove	D-027
S1-541265028	S3-64591358	remove	D-027
S1-541758174	S3-45887846	remove	D-027
S1-542148043	S2-788467638	remove	D-027
S1-542601193	S3-88501406	remove	D-027
S1-543555868	S2-740848589	remove	D-027
S1-543716547	S3-309196159	remove	D-027
S1-543825135	S2-315770166	remove	D-027
S1-543898095	S3-235746716	remove	D-027
S1-545363395	S2-852491374	remove	D-027
S1-545482949	S3-601425987	remove	D-027
S1-546973781	S2-207387771	remove	D-027
S1-548043019	S2-942264898	remove	D-027
S1-548127788	S2-45056945	remove	D-027
S1-5484085	S3-199906837	remove	D-027
S1-549644650	S3-432087953	remove	D-027
S1-549664309	S2-966235118	remove	D-027
S1-549777057	S2-722805371	remove	D-027
S1-550257136	S2-145792077	remove	D-027
S1-551211464	S2-27146490	remove	D-027
S1-55236815	S3-236555944	remove	D-027
S1-552937426	S3-456709201	remove	D-027
S1-552937426	S3-547427976	remove	D-027
S1-553122406	S2-941505585	remove	D-027
S1-553277905	S2-425430848	remove	D-027
S1-55705380	S3-584813113	remove	D-027
S1-557152581	S2-967798307	remove	D-027
S1-557186290	S3-445356786	remove	D-027
S1-557204729	S2-462944649	remove	D-027
S1-557295050	S3-241140335	remove	D-027
S1-55731184	S2-41342135	remove	D-027
S1-55809593	S3-543363403	remove	D-027
S1-56205687	S2-270474844	remove	D-027
S1-562928788	S2-19578523	remove	D-027
S1-563243094	S3-701985665	remove	D-027
S1-564091641	S3-887432510	remove	D-027
S1-565044446	S2-567458497	remove	D-027
S1-565966595	S3-912908653	remove	D-027
S1-566201824	S3-194370373	remove	D-027
S1-566483063	S3-575984004	remove	D-027
S1-567939194	S2-538221205	remove	D-027
S1-568135932	S3-498187094	remove	D-027
S1-568485949	S3-684207988	remove	D-027
S1-569927339	S2-584687600	remove	D-027
S1-570156067	S3-183231269	remove	D-027
S1-570156067	S3-944162657	remove	D-027
S1-57055971	S3-766888325	remove	D-027
S1-570625787	S2-191143032	remove	D-027
S1-570728167	S2-808582625	remove	D-027
S1-570758080	S3-362429789	remove	D-027
S1-570866708	S2-151170136	remove	D-027
S1-572118097	S3-458010178	remove	D-027
S1-572753826	S2-169269124	remove	D-027
S1-572768192	S2-414784255	remove	D-027
S1-573408161	S2-297163911	remove	D-027
S1-573419450	S3-371945677	remove	D-027
S1-573992022	S2-533120869	remove	D-027
S1-574103846	S3-347063081	remove	D-027
S1-574790524	S3-271743274	remove	D-027
S1-575365002	S3-819674384	remove	D-027
S1-575833146	S3-812885018	remove	D-027
S1-576451652	S3-70465524	remove	D-027
S1-577856502	S3-787620773	remove	D-027
S1-579335204	S2-110161790	remove	D-027
S1-579549023	S2-415816309	remove	D-027
S1-580386077	S2-912754038	remove	D-027
S1-58080218	S3-404510738	remove	D-027
S1-580854241	S2-125766695	remove	D-027
S1-582014679	S3-806709329	remove	D-027
S1-582158471	S3-53494098	remove	D-027
S1-582497764	S3-8982691	remove	D-027
S1-582520088	S3-600985877	remove	D-027
S1-582832412	S3-836441926	remove	D-027
S1-582940278	S2-694263798	remove	D-027
S1-583077657	S2-545697579	remove	D-027
S1-583670814	S2-444409258	remove	D-027
S1-583751754	S2-57009228	remove	D-027
S1-584511571	S2-748362356	remove	D-027
S1-585075537	S3-53680884	remove	D-027
S1-585849384	S2-33922633	remove	D-027
S1-587165305	S2-434054278	remove	D-027
S1-587435877	S2-511322520	remove	D-027
S1-587589132	S3-618464063	remove	D-027
S1-587793261	S3-810211887	remove	D-027
S1-588210458	S2-44764886	remove	D-027
S1-588233757	S2-586893342	remove	D-027
S1-589461199	S3-156296716	remove	D-027
S1-59007328	S3-472858991	remove	D-027
S1-590479683	S3-810558211	remove	D-027
S1-590532896	S3-696268759	remove	D-027
S1-590743203	S2-863666167	remove	D-027
S1-590898712	S2-51438924	remove	D-027
S1-591243095	S3-450846539	remove	D-027
S1-591880006	S2-481728857	remove	D-027
S1-59300685	S2-723541539	remove	D-027
S1-594550852	S2-944520286	remove	D-027
S1-595061810	S3-201554081	remove	D-027
S1-595870562	S3-193745471	remove	D-027
S1-596666658	S2-178350741	remove	D-027
S1-596752227	S2-20423851	remove	D-027
S1-596919129	S2-8004339	remove	D-027
S1-597823640	S2-502851116	remove	D-027
S1-597921329	S2-108505947	remove	D-027
S1-59852947	S3-31888458	remove	D-027
S1-598885828	S2-939216437	remove	D-027
S1-599924085	S3-219684249	remove	D-027
S1-600152241	S2-296338989	remove	D-027
S1-600744277	S2-63567669	remove	D-027
S1-600744277	S2-765925735	remove	D-027
S1-600986116	S2-473279582	remove	D-027
S1-601110583	S2-716422022	remove	D-027
S1-601974057	S3-759918289	remove	D-027
S1-602431400	S2-815317722	remove	D-027
S1-602714732	S2-611930882	remove	D-027
S1-603837508	S2-593515356	remove	D-027
S1-604453142	S2-140774628	remove	D-027
S1-605535047	S3-818414665	remove	D-027
S1-605964519	S2-309615548	remove	D-027
S1-605983333	S3-522809967	remove	D-027
S1-606215923	S2-86321262	remove	D-027
S1-606668620	S2-584762692	remove	D-027
S1-607214658	S2-189196295	remove	D-027
S1-607573448	S3-380983661	remove	D-027
S1-60866145	S2-253643964	remove	D-027
S1-609004910	S3-799768595	remove	D-027
S1-610024599	S2-286881195	remove	D-027
S1-610818245	S2-644619453	remove	D-027
S1-610922273	S2-966559482	remove	D-027
S1-611478345	S3-440902185	remove	D-027
S1-611496414	S3-668107273	remove	D-027
S1-612156482	S3-206220182	remove	D-027
S1-612238175	S2-667406730	remove	D-027
S1-612238175	S2-989575182	remove	D-027
S1-61247494	S3-581538587	remove	D-027
S1-614399786	S3-195720165	remove	D-027
S1-614399786	S3-374353543	remove	D-027
S1-614409062	S3-956412896	remove	D-027
S1-614642906	S2-381000075	remove	D-027
S1-61480241	S2-194309478	remove	D-027
S1-61480241	S2-353847257	remove	D-027
S1-616045456	S2-50293376	remove	D-027
S1-617607693	S3-264970344	remove	D-027
S1-617671483	S3-751029262	remove	D-027
S1-617847672	S2-671444949	remove	D-027
S1-618033791	S2-268653572	remove	D-027
S1-618290308	S2-123560461	remove	D-027
S1-618585466	S2-526841622	remove	D-027
S1-619257329	S3-767181234	remove	D-027
S1-619331413	S3-835552788	remove	D-027
S1-619493263	S2-51077763	remove	D-027
S1-619570661	S3-581150527	remove	D-027
S1-621022950	S2-223988916	remove	D-027
S1-622290329	S2-294959345	remove	D-027
S1-622334094	S2-502299702	remove	D-027
S1-622862145	S2-634795792	remove	D-027
S1-622862145	S2-671860006	remove	D-027
S1-623214110	S3-351959167	remove	D-027
S1-623214110	S3-815378603	remove	D-027
S1-623326717	S3-895432439	remove	D-027
S1-623812993	S2-591969175	remove	D-027
S1-62441359	S3-676889723	remove	D-027
S1-624632139	S2-782169818	remove	D-027
S1-625233404	S3-542891583	remove	D-027
S1-625544011	S3-409286305	remove	D-027
S1-625756099	S2-701826916	remove	D-027
S1-625789290	S3-223571861	remove	D-027
S1-625836331	S2-1519942	remove	D-027
S1-626563916	S3-488523182	remove	D-027
S1-626761603	S2-35875944	remove	D-027
S1-62731108	S3-681851955	remove	D-027
S1-628133153	S2-662327484	remove	D-027
S1-628750577	S2-953553422	remove	D-027
S1-62877603	S2-407502257	remove	D-027
S1-62912323	S3-463524725	remove	D-027
S1-629652670	S2-743548073	remove	D-027
S1-629981259	S3-897377365	remove	D-027
S1-63088320	S2-251700441	remove	D-027
S1-631176847	S3-912097451	remove	D-027
S1-631346871	S3-290207146	remove	D-027
S1-632949275	S3-72552972	remove	D-027
S1-632973437	S3-613765908	remove	D-027
S1-633293740	S2-793581783	remove	D-027
S1-633519733	S3-204829727	remove	D-027
S1-635905704	S2-450425762	remove	D-027
S1-636685472	S3-213079884	remove	D-027
S1-637717399	S2-967105578	remove	D-027
S1-638787757	S3-889500126	remove	D-027
S1-639072568	S2-201275675	remove	D-027
S1-639072568	S2-657260929	remove	D-027
S1-639142306	S2-896304576	remove	D-027
S1-63987092	S3-345273827	remove	D-027
S1-640067007	S2-626240870	remove	D-027
S1-641971160	S2-372835486	remove	D-027
S1-642628668	S2-227859853	remove	D-027
S1-64273741	S2-173577085	remove	D-027
S1-643555042	S3-797347106	remove	D-027
S1-644033378	S2-327546730	remove	D-027
S1-64462170	S2-781796700	remove	D-027
S1-645046657	S2-831695847	remove	D-027
S1-645199810	S2-382393630	remove	D-027
S1-647059255	S2-547439488	remove	D-027
S1-647291970	S2-405864356	remove	D-027
S1-64807389	S2-840929599	remove	D-027
S1-648800784	S2-62171657	remove	D-027
S1-650526092	S2-946976886	remove	D-027
S1-651572189	S3-283239306	remove	D-027
S1-654100434	S3-668925535	remove	D-027
S1-654623144	S3-612893132	remove	D-027
S1-654633643	S2-514651993	remove	D-027
S1-655963945	S3-647928771	remove	D-027
S1-656762086	S3-437630161	remove	D-027
S1-657521077	S3-226715848	remove	D-027
S1-657618474	S2-886156940	remove	D-027
S1-658037699	S3-24062864	remove	D-027
S1-658685342	S2-3969938	remove	D-027
S1-659574503	S3-240187210	remove	D-027
S1-659677394	S3-452872113	remove	D-027
S1-659683422	S3-828167862	remove	D-027
S1-659930845	S2-10790762	remove	D-027
S1-660366163	S2-534746903	remove	D-027
S1-660558951	S3-442777759	remove	D-027
S1-661775224	S2-640088662	remove	D-027
S1-661935767	S3-540513048	remove	D-027
S1-661962224	S3-356273261	remove	D-027
S1-661985780	S2-443225654	remove	D-027
S1-662819235	S2-983555773	remove	D-027
S1-663293819	S2-554475700	remove	D-027
S1-663306428	S2-322162551	remove	D-027
S1-66432084	S3-648371440	remove	D-027
S1-664547754	S3-62463472	remove	D-027
S1-66602025	S2-917608150	remove	D-027
S1-666426047	S3-605558102	remove	D-027
S1-6667231	S2-193092639	remove	D-027
S1-667707024	S2-81295420	remove	D-027
S1-668268265	S2-930662256	remove	D-027
S1-668762034	S3-335246386	remove	D-027
S1-66908759	S3-246131123	remove	D-027
S1-669642073	S2-462958338	remove	D-027
S1-670519203	S2-483069415	remove	D-027
S1-670700327	S2-356906874	remove	D-027
S1-670954016	S3-346620439	remove	D-027
S1-671535925	S2-843749591	remove	D-027
S1-671658100	S3-218910173	remove	D-027
S1-671750090	S3-131036719	remove	D-027
S1-672445414	S2-707523348	remove	D-027
S1-673575795	S2-990833151	remove	D-027
S1-673628706	S2-647143650	remove	D-027
S1-674940586	S3-275471933	remove	D-027
S1-675385385	S3-657645667	remove	D-027
S1-675559495	S2-817551787	remove	D-027
S1-675571534	S2-786804806	remove	D-027
S1-675650497	S2-705496559	remove	D-027
S1-676846080	S2-209258127	remove	D-027
S1-676846080	S2-364617584	remove	D-027
S1-677271615	S2-662986726	remove	D-027
S1-678206916	S3-846669575	remove	D-027
S1-678370883	S2-305992809	remove	D-027
S1-678712050	S3-922256912	remove	D-027
S1-680605615	S2-903624364	remove	D-027
S1-68069259	S2-443051452	remove	D-027
S1-681734122	S3-858968057	remove	D-027
S1-681856573	S3-121355747	remove	D-027
S1-682392603	S2-124421171	remove	D-027
S1-68244552	S2-491130524	remove	D-027
S1-682608536	S3-369674758	remove	D-027
S1-683287228	S3-593067623	remove	D-027
S1-684438681	S3-9981821	remove	D-027
S1-684936002	S3-977523179	remove	D-027
S1-686678329	S2-291500289	remove	D-027
S1-68705469	S2-990786997	remove	D-027
S1-68705469	S3-264299354	remove	D-027
S1-687329294	S2-254330859	remove	D-027
S1-687783928	S3-283679622	remove	D-027
S1-688710456	S2-540720389	remove	D-027
S1-688752459	S2-262737233	remove	D-027
S1-688830711	S2-46836746	remove	D-027
S1-68891328	S2-290729543	remove	D-027
S1-688977714	S3-360206769	remove	D-027
S1-689150076	S3-171754132	remove	D-027
S1-689940412	S2-311071464	remove	D-027
S1-690001952	S2-348534269	remove	D-027
S1-690103768	S2-636815994	remove	D-027
S1-691775261	S2-354541813	remove	D-027
S1-691899115	S2-499616075	remove	D-027
S1-692087033	S3-560847014	remove	D-027
S1-692203731	S2-592641572	remove	D-027
S1-692321610	S2-606688068	remove	D-027
S1-692331348	S3-969404166	remove	D-027
S1-693268701	S3-280797406	remove	D-027
S1-693627287	S3-194400769	remove	D-027
S1-693627287	S3-557874737	remove	D-027
S1-694685822	S2-757493987	remove	D-027
S1-694804293	S2-483634902	remove	D-027
S1-694913331	S2-564331437	remove	D-027
S1-695508164	S3-538513964	remove	D-027
S1-696081972	S2-431851006	remove	D-027
S1-696260125	S2-702461181	remove	D-027
S1-696795008	S3-644784578	remove	D-027
S1-698218193	S3-505653646	remove	D-027
S1-698533170	S3-591538262	remove	D-027
S1-698698443	S2-200791519	remove	D-027
S1-699337369	S3-843476371	remove	D-027
S1-699458158	S3-948748242	remove	D-027
S1-699725593	S3-823678981	remove	D-027
S1-700147694	S2-351162741	remove	D-027
S1-700216360	S3-576709285	remove	D-027
S1-700440553	S3-707044357	remove	D-027
S1-70130798	S3-497670142	remove	D-027
S1-701936151	S2-608197534	remove	D-027
S1-703700284	S3-651322587	remove	D-027
S1-703791902	S3-179865579	remove	D-027
S1-704238295	S2-214014318	remove	D-027
S1-704238295	S2-460997494	remove	D-027
S1-705540584	S2-882019503	remove	D-027
S1-705714128	S3-546726020	remove	D-027
S1-705768017	S3-140590364	remove	D-027
S1-707091848	S3-372741586	remove	D-027
S1-707692269	S3-423023514	remove	D-027
S1-707869802	S3-949127925	remove	D-027
S1-708015005	S3-291843898	remove	D-027
S1-709604303	S2-14692573	remove	D-027
S1-709687767	S2-763829553	remove	D-027
S1-711119632	S2-210455722	remove	D-027
S1-711128077	S2-394270474	remove	D-027
S1-711810548	S3-252157974	remove	D-027
S1-711846744	S2-647462247	remove	D-027
S1-711947767	S2-745817445	remove	D-027
S1-712214246	S3-641934276	remove	D-027
S1-712485294	S2-544440208	remove	D-027
S1-713317866	S3-960728012	remove	D-027
S1-713317866	S3-995433405	remove	D-027
S1-713447687	S2-18420300	remove	D-027
S1-713521296	S3-672870622	remove	D-027
S1-715050539	S2-206052257	remove	D-027
S1-715353947	S3-819601251	remove	D-027
S1-715377485	S2-650778119	remove	D-027
S1-715880359	S2-390217080	remove	D-027
S1-716681835	S2-901230430	remove	D-027
S1-71680816	S3-759710461	remove	D-027
S1-717320866	S3-129662574	remove	D-027
S1-71775498	S2-891868795	remove	D-027
S1-718255928	S3-375348325	remove	D-027
S1-718939741	S3-136496517	remove	D-027
S1-718976664	S2-321582079	remove	D-027
S1-719562480	S2-955654173	remove	D-027
S1-719758724	S3-658550584	remove	D-027
S1-719786269	S2-169777750	remove	D-027
S1-71983318	S2-47446612	remove	D-027
S1-720405912	S3-555943329	remove	D-027
S1-721216375	S2-749891465	remove	D-027
S1-721994807	S2-251160405	remove	D-027
S1-722669773	S2-88286091	remove	D-027
S1-72325366	S3-248469795	remove	D-027
S1-723528499	S2-879120553	remove	D-027
S1-725301053	S2-952876546	remove	D-027
S1-725348289	S3-172235134	remove	D-027
S1-725399802	S3-602011668	remove	D-027
S1-72550855	S3-31287306	remove	D-027
S1-726559275	S3-646869558	remove	D-027
S1-72822798	S2-114609028	remove	D-027
S1-728809274	S2-537067968	remove	D-027
S1-729646083	S3-132806477	remove	D-027
S1-73006987	S2-726378475	remove	D-027
S1-730075983	S2-547701074	remove	D-027
S1-730075983	S2-682245376	remove	D-027
S1-730209707	S2-691037332	remove	D-027
S1-730516420	S3-949977438	remove	D-027
S1-731193381	S3-748336275	remove	D-027
S1-731342631	S2-441022540	remove	D-027
S1-731703910	S3-768434882	remove	D-027
S1-731902464	S2-630382155	remove	D-027
S1-731952321	S3-802677549	remove	D-027
S1-732578047	S2-454712664	remove	D-027
S1-732637233	S2-903409607	remove	D-027
S1-7327079	S3-655078849	remove	D-027
S1-733310846	S2-762286288	remove	D-027
S1-733461544	S2-222163788	remove	D-027
S1-734259919	S2-433165894	remove	D-027
S1-734331871	S3-127605778	remove	D-027
S1-736260582	S2-2211645	remove	D-027
S1-737157239	S2-671638438	remove	D-027
S1-738264282	S3-715432663	remove	D-027
S1-738463789	S3-772776807	remove	D-027
S1-739751929	S2-18276725	remove	D-027
S1-743377366	S3-851782765	remove	D-027
S1-743747902	S2-589323501	remove	D-027
S1-744064629	S3-260372727	remove	D-027
S1-744759683	S3-475955074	remove	D-027
S1-745453476	S2-508022820	remove	D-027
S1-746249135	S3-564784254	remove	D-027
S1-74842787	S3-905615451	remove	D-027
S1-748576657	S2-887907734	remove	D-027
S1-750840331	S3-89039047	remove	D-027
S1-750960434	S3-259518506	remove	D-027
S1-751142957	S2-176604398	remove	D-027
S1-751849992	S3-916778789	remove	D-027
S1-752088371	S3-484967138	remove	D-027
S1-752269367	S2-91844443	remove	D-027
S1-752269367	S3-467462346	remove	D-027
S1-752477773	S3-156730180	remove	D-027
S1-752664849	S3-410181272	remove	D-027
S1-752766057	S3-923603222	remove	D-027
S1-752988267	S2-918562379	remove	D-027
S1-754378350	S3-861568389	remove	D-027
S1-755485689	S3-733479448	remove	D-027
S1-756030106	S2-859958039	remove	D-027
S1-756404354	S3-586993246	remove	D-027
S1-756404354	S3-628202844	remove	D-027
S1-756486026	S2-139669736	remove	D-027
S1-756487216	S3-714342109	remove	D-027
S1-756574689	S3-792432576	remove	D-027
S1-756774784	S3-977507768	remove	D-027
S1-756857455	S3-697278115	remove	D-027
S1-757365188	S3-769586815	remove	D-027
S1-758295546	S3-438947265	remove	D-027
S1-758452814	S2-606634717	remove	D-027
S1-758504230	S3-835694065	remove	D-027
S1-758778571	S3-541129258	remove	D-027
S1-759315338	S3-842954301	remove	D-027
S1-760005488	S3-380626308	remove	D-027
S1-760532978	S3-909521951	remove	D-027
S1-760809354	S2-191690323	remove	D-027
S1-762413284	S2-381945757	remove	D-027
S1-762462760	S3-842264899	remove	D-027
S1-762477953	S2-303634299	remove	D-027
S1-762796695	S2-577072785	remove	D-027
S1-76291023	S3-288138671	remove	D-027
S1-763280088	S2-474446148	remove	D-027
S1-763449202	S3-951038164	remove	D-027
S1-763565783	S2-970141641	remove	D-027
S1-763941133	S3-988278593	remove	D-027
S1-764172628	S3-366852318	remove	D-027
S1-764333948	S3-57111383	remove	D-027
S1-765462776	S2-942930847	remove	D-027
S1-765744333	S2-380640636	remove	D-027
S1-765966678	S3-378725327	remove	D-027
S1-766816166	S3-51608187	remove	D-027
S1-767104418	S3-677791351	remove	D-027
S1-767693950	S2-593789195	remove	D-027
S1-768057516	S3-233933564	remove	D-027
S1-769275915	S3-360643107	remove	D-027
S1-76981720	S2-129122525	remove	D-027
S1-770982827	S2-362092105	remove	D-027
S1-771165565	S2-93259656	remove	D-027
S1-771599453	S2-326557649	remove	D-027
S1-77184105	S2-252606153	remove	D-027
S1-7744009	S3-845170653	remove	D-027
S1-774712095	S3-109954253	remove	D-027
S1-77512926	S2-608458656	remove	D-027
S1-777000821	S2-282619268	remove	D-027
S1-777535372	S2-976546845	remove	D-027
S1-777792390	S3-139784210	remove	D-027
S1-778174410	S2-833308026	remove	D-027
S1-778457638	S2-9255199	remove	D-027
S1-778811891	S3-349416459	remove	D-027
S1-778816182	S2-989185859	remove	D-027
S1-77883312	S3-400341637	remove	D-027
S1-779723807	S2-548852547	remove	D-027
S1-780588951	S2-51712444	remove	D-027
S1-780779575	S2-515184630	remove	D-027
S1-781007744	S2-209646060	remove	D-027
S1-781387368	S3-941697455	remove	D-027
S1-781647078	S2-861022720	remove	D-027
S1-781662557	S2-763296320	remove	D-027
S1-781899945	S2-459108807	remove	D-027
S1-782250255	S2-325935812	remove	D-027
S1-782677249	S2-210237558	remove	D-027
S1-782895934	S2-784480557	remove	D-027
S1-782957707	S3-149708924	remove	D-027
S1-783000362	S3-271126675	remove	D-027
S1-784225433	S3-657411688	remove	D-027
S1-784335104	S3-37732613	remove	D-027
S1-784469800	S2-188107103	remove	D-027
S1-785567837	S2-506936573	remove	D-027
S1-785567837	S2-987006103	remove	D-027
S1-785623119	S2-654402938	remove	D-027
S1-786000327	S2-22121786	remove	D-027
S1-78634895	S3-791802717	remove	D-027
S1-786475109	S2-471223017	remove	D-027
S1-786685264	S2-664428900	remove	D-027
S1-787205877	S3-220166227	remove	D-027
S1-787570563	S3-710894262	remove	D-027
S1-787966785	S2-11413306	remove	D-027
S1-788350421	S3-175384608	remove	D-027
S1-789123187	S2-413407896	remove	D-027
S1-789556924	S3-970876062	remove	D-027
S1-790108934	S2-174180214	remove	D-027
S1-79033645	S2-140524477	remove	D-027
S1-790582352	S3-232958411	remove	D-027
S1-790589722	S3-984138292	remove	D-027
S1-791220461	S3-921758164	remove	D-027
S1-791773126	S2-26092979	remove	D-027
S1-792188100	S3-982727972	remove	D-027
S1-793374793	S3-940945087	remove	D-027
S1-79353760	S3-533806828	remove	D-027
S1-793538608	S2-69241904	remove	D-027
S1-793636803	S2-818311288	remove	D-027
S1-794515303	S2-670789873	remove	D-027
S1-794515303	S2-889701805	remove	D-027
S1-796634408	S3-390014113	remove	D-027
S1-797131634	S2-521895813	remove	D-027
S1-797178973	S3-285095250	remove	D-027
S1-797703790	S2-662168897	remove	D-027
S1-798276005	S2-369885436	remove	D-027
S1-798555978	S2-241024294	remove	D-027
S1-799225593	S2-232754200	remove	D-027
S1-799564405	S3-365035316	remove	D-027
S1-800011230	S3-477148883	remove	D-027
S1-800206237	S2-228883555	remove	D-027
S1-800490757	S2-139013606	remove	D-027
S1-801804637	S3-903747630	remove	D-027
S1-802580103	S2-758627808	remove	D-027
S1-802582322	S2-872915674	remove	D-027
S1-802758992	S3-75507196	remove	D-027
S1-803207733	S2-454182897	remove	D-027
S1-803665809	S3-812174391	remove	D-027
S1-804030149	S3-557402122	remove	D-027
S1-804270859	S3-686894267	remove	D-027
S1-80572502	S3-328954430	remove	D-027
S1-805780835	S3-567102798	remove	D-027
S1-806644216	S2-743383504	remove	D-027
S1-806767977	S3-812445957	remove	D-027
S1-806815235	S2-771740482	remove	D-027
S1-807285766	S2-977952559	remove	D-027
S1-807769852	S3-853649857	remove	D-027
S1-80884034	S2-592760156	remove	D-027
S1-810014592	S2-685470388	remove	D-027
S1-810821833	S3-374553288	remove	D-027
S1-812088703	S2-631391594	remove	D-027
S1-812307992	S3-204971781	remove	D-027
S1-81353366	S2-113867306	remove	D-027
S1-813678916	S2-198048740	remove	D-027
S1-814820118	S2-860133013	remove	D-027
S1-815709727	S2-909321198	remove	D-027
S1-816208732	S3-547340816	remove	D-027
S1-816407841	S3-429626621	remove	D-027
S1-816641963	S2-215046390	remove	D-027
S1-816992339	S3-328238728	remove	D-027
S1-817357034	S3-427901107	remove	D-027
S1-817548033	S2-4150181	remove	D-027
S1-817564662	S2-702086357	remove	D-027
S1-818855984	S2-344543550	remove	D-027
S1-820523449	S2-481231137	remove	D-027
S1-821796705	S3-516277626	remove	D-027
S1-822340032	S2-353481210	remove	D-027
S1-823482597	S2-262071846	remove	D-027
S1-8237150	S3-323350559	remove	D-027
S1-824022685	S3-707478146	remove	D-027
S1-824620047	S3-419110054	remove	D-027
S1-824729975	S2-626561572	remove	D-027
S1-824914373	S2-144867365	remove	D-027
S1-825209667	S2-887575895	remove	D-027
S1-82599940	S3-727228869	remove	D-027
S1-826605607	S2-641116884	remove	D-027
S1-826876992	S2-559996576	remove	D-027
S1-82725593	S3-72943835	remove	D-027
S1-82846932	S3-432494021	remove	D-027
S1-829140978	S3-271965868	remove	D-027
S1-829943654	S2-227406832	remove	D-027
S1-830450628	S2-943625864	remove	D-027
S1-830902627	S3-521218723	remove	D-027
S1-830957692	S2-185326569	remove	D-027
S1-831274640	S2-365907283	remove	D-027
S1-83155601	S3-310236558	remove	D-027
S1-83179931	S3-500356511	remove	D-027
S1-831825180	S3-329012084	remove	D-027
S1-833120661	S3-34220745	remove	D-027
S1-833683888	S3-572516580	remove	D-027
S1-834238540	S2-148778063	remove	D-027
S1-834381301	S2-15359042	remove	D-027
S1-834780163	S2-14083033	remove	D-027
S1-835792753	S2-645606765	remove	D-027
S1-836448005	S2-3779070	remove	D-027
S1-836548085	S2-530656490	remove	D-027
S1-836865354	S3-249394830	remove	D-027
S1-836954631	S3-861284718	remove	D-027
S1-838137868	S2-43341593	remove	D-027
S1-838573671	S3-865660568	remove	D-027
S1-839280673	S2-469107467	remove	D-027
S1-839434289	S3-265201411	remove	D-027
S1-839688285	S2-126866806	remove	D-027
S1-839688285	S2-314647067	remove	D-027
S1-83973880	S3-179853848	remove	D-027
S1-840944225	S2-521323456	remove	D-027
S1-841009843	S2-226545211	remove	D-027
S1-841240710	S3-460712243	remove	D-027
S1-841250494	S3-36568851	remove	D-027
S1-841745839	S2-436548465	remove	D-027
S1-842134202	S2-862796294	remove	D-027
S1-842435939	S3-321322058	remove	D-027
S1-842521103	S2-484858419	remove	D-027
S1-842521103	S3-632494288	remove	D-027
S1-842870559	S2-307239798	remove	D-027
S1-842888694	S2-956195218	remove	D-027
S1-843531941	S3-538782454	remove	D-027
S1-844373612	S3-427277937	remove	D-027
S1-844404925	S3-243197629	remove	D-027
S1-844921963	S2-980650550	remove	D-027
S1-846094730	S3-443308448	remove	D-027
S1-847307988	S3-407863467	remove	D-027
S1-847617242	S3-527373423	remove	D-027
S1-847668500	S2-113599835	remove	D-027
S1-847786217	S3-211465685	remove	D-027
S1-848082750	S3-425464789	remove	D-027
S1-848924955	S3-178464201	remove	D-027
S1-849889639	S2-520050850	remove	D-027
S1-850420040	S2-210340894	remove	D-027
S1-850490888	S3-846552867	remove	D-027
S1-850815917	S2-766989309	remove	D-027
S1-851253988	S2-745690507	remove	D-027
S1-851625598	S3-534328992	remove	D-027
S1-85292136	S3-862913710	remove	D-027
S1-853021711	S2-879816302	remove	D-027
S1-855400631	S3-239806742	remove	D-027
S1-855905517	S2-410732916	remove	D-027
S1-856504557	S3-839567637	remove	D-027
S1-856726554	S3-612909967	remove	D-027
S1-857218869	S3-796074647	remove	D-027
S1-857327362	S3-185191525	remove	D-027
S1-85749256	S3-828257971	remove	D-027
S1-858017285	S2-377770477	remove	D-027
S1-858033145	S2-590735821	remove	D-027
S1-858146847	S2-337849550	remove	D-027
S1-858665371	S2-450032937	remove	D-027
S1-860227748	S2-515459616	remove	D-027
S1-861720376	S2-932912343	remove	D-027
S1-862950112	S2-27674116	remove	D-027
S1-862950112	S2-491084677	remove	D-027
S1-863157565	S2-250077993	remove	D-027
S1-864324611	S2-646423190	remove	D-027
S1-86545037	S3-280921392	remove	D-027
S1-866796587	S3-184512832	remove	D-027
S1-868003330	S3-344563677	remove	D-027
S1-868192178	S3-976307854	remove	D-027
S1-868867995	S2-704026800	remove	D-027
S1-870029932	S3-643840762	remove	D-027
S1-870410067	S3-293125859	remove	D-027
S1-87057528	S2-132728202	remove	D-027
S1-870720692	S3-304805709	remove	D-027
S1-871009793	S2-402282543	remove	D-027
S1-871053718	S3-587015007	remove	D-027
S1-871155686	S3-536148981	remove	D-027
S1-871170282	S2-890410204	remove	D-027
S1-871374300	S3-479159824	remove	D-027
S1-872580425	S2-985787666	remove	D-027
S1-873270625	S2-80901631	remove	D-027
S1-873425197	S2-142068953	remove	D-027
S1-873930564	S2-295551066	remove	D-027
S1-874105405	S3-577240767	remove	D-027
S1-874192691	S3-639764315	remove	D-027
S1-874500497	S2-549711863	remove	D-027
S1-876565028	S2-985655253	remove	D-027
S1-87687506	S3-784234591	remove	D-027
S1-87707797	S3-867115964	remove	D-027
S1-877276554	S2-637750708	remove	D-027
S1-877284231	S2-256375280	remove	D-027
S1-877368467	S3-697951224	remove	D-027
S1-877913850	S2-588119343	remove	D-027
S1-877925287	S2-90544645	remove	D-027
S1-878996519	S3-974089652	remove	D-027
S1-880592945	S2-420395770	remove	D-027
S1-881166889	S3-118562344	remove	D-027
S1-881306746	S2-18271359	remove	D-027
S1-881812719	S3-752640564	remove	D-027
S1-882296225	S3-295197496	remove	D-027
S1-882296225	S3-881577363	remove	D-027
S1-882647826	S3-268706359	remove	D-027
S1-883683921	S2-70676630	remove	D-027
S1-883689745	S3-729184415	remove	D-027
S1-884275993	S2-669440122	remove	D-027
S1-884665194	S2-52462514	remove	D-027
S1-884674873	S3-490937391	remove	D-027
S1-885071545	S3-445489769	remove	D-027
S1-887005580	S3-951418861	remove	D-027
S1-887332311	S2-270397181	remove	D-027
S1-889039699	S3-872404402	remove	D-027
S1-88959022	S3-688383583	remove	D-027
S1-890115851	S2-167073597	remove	D-027
S1-890488407	S2-444553360	remove	D-027
S1-890651889	S3-911583092	remove	D-027
S1-890708594	S2-188428158	remove	D-027
S1-891123638	S3-27669562	remove	D-027
S1-891637584	S3-594824509	remove	D-027
S1-891821098	S3-963343500	remove	D-027
S1-892128031	S3-119653030	remove	D-027
S1-892776345	S2-302981912	remove	D-027
S1-894291662	S3-694368058	remove	D-027
S1-894388594	S3-367042795	remove	D-027
S1-894550877	S2-908269220	remove	D-027
S1-894773090	S3-221593741	remove	D-027
S1-895172752	S3-595213969	remove	D-027
S1-896160739	S3-40711059	remove	D-027
S1-897023567	S3-408911844	remove	D-027
S1-897606366	S3-839457529	remove	D-027
S1-897708816	S2-956767340	remove	D-027
S1-899019921	S2-57133058	remove	D-027
S1-899266740	S3-825491745	remove	D-027
S1-899288618	S3-824619149	remove	D-027
S1-899302059	S3-10236809	remove	D-027
S1-899397780	S2-132042484	remove	D-027
S1-900080875	S3-650722503	remove	D-027
S1-901397141	S3-857533093	remove	D-027
S1-90163482	S2-269374423	remove	D-027
S1-90209779	S3-151312270	remove	D-027
S1-902414637	S3-407643461	remove	D-027
S1-903096631	S3-769210814	remove	D-027
S1-903461852	S3-162456339	remove	D-027
S1-90361026	S3-281206858	remove	D-027
S1-903668126	S3-149853695	remove	D-027
S1-904538020	S2-245539533	remove	D-027
S1-904798730	S3-522428043	remove	D-027
S1-905574678	S3-336538469	remove	D-027
S1-905634574	S2-456190757	remove	D-027
S1-905684251	S3-451983773	remove	D-027
S1-905819176	S2-265337000	remove	D-027
S1-906107362	S2-710154381	remove	D-027
S1-906964223	S3-915869076	remove	D-027
S1-907246146	S2-306260013	remove	D-027
S1-90730867	S2-642145150	remove	D-027
S1-908263891	S2-646441577	remove	D-027
S1-908963140	S2-539655296	remove	D-027
S1-909147754	S2-100773485	remove	D-027
S1-909179197	S3-512410324	remove	D-027
S1-910429707	S2-139412257	remove	D-027
S1-911244111	S3-641190936	remove	D-027
S1-911560940	S2-197334241	remove	D-027
S1-911872631	S2-303095910	remove	D-027
S1-912422133	S2-965248475	remove	D-027
S1-913189378	S3-188907470	remove	D-027
S1-914165696	S3-977223017	remove	D-027
S1-914299607	S3-195299931	remove	D-027
S1-91470659	S2-858653448	remove	D-027
S1-915343404	S2-320371287	remove	D-027
S1-915614986	S3-995414913	remove	D-027
S1-917672632	S2-459660039	remove	D-027
S1-917985790	S3-907068439	remove	D-027
S1-918508295	S2-409989365	remove	D-027
S1-918704265	S2-381777726	remove	D-027
S1-918939423	S2-431215673	remove	D-027
S1-919276992	S2-9853377	remove	D-027
S1-919626621	S3-128666055	remove	D-027
S1-920162229	S3-646430545	remove	D-027
S1-921188599	S2-387024031	remove	D-027
S1-921188599	S2-473540099	remove	D-027
S1-921777985	S2-310259391	remove	D-027
S1-921858724	S3-652024682	remove	D-027
S1-922156545	S3-274876457	remove	D-027
S1-922735560	S2-487829077	remove	D-027
S1-922883470	S3-319793076	remove	D-027
S1-923648013	S3-335727118	remove	D-027
S1-923822811	S3-336428860	remove	D-027
S1-924244304	S2-836788002	remove	D-027
S1-925038966	S3-482486448	remove	D-027
S1-925117634	S3-933818402	remove	D-027
S1-926157682	S2-82551150	remove	D-027
S1-926306793	S2-266865861	remove	D-027
S1-926804525	S3-888714919	remove	D-027
S1-928008881	S2-168966549	remove	D-027
S1-928008881	S2-53803933	remove	D-027
S1-929604252	S3-994742456	remove	D-027
S1-929717297	S2-178731209	remove	D-027
S1-930136596	S2-526141472	remove	D-027
S1-930278111	S3-610967018	remove	D-027
S1-930420445	S2-368929000	remove	D-027
S1-930496808	S2-644559884	remove	D-027
S1-930965809	S3-214525183	remove	D-027
S1-931350947	S3-815868691	remove	D-027
S1-931396378	S2-472017738	remove	D-027
S1-931520969	S2-557835937	remove	D-027
S1-932723059	S2-27152660	remove	D-027
S1-933123675	S2-946441030	remove	D-027
S1-933202464	S2-527313714	remove	D-027
S1-933663695	S3-322820693	remove	D-027
S1-933979317	S3-993621327	remove	D-027
S1-934072944	S3-348939616	remove	D-027
S1-9346391	S3-407274479	remove	D-027
S1-934715017	S2-605720920	remove	D-027
S1-935451194	S3-339909252	remove	D-027
S1-935941756	S3-987406959	remove	D-027
S1-937264452	S3-920488631	remove	D-027
S1-938087622	S3-199649199	remove	D-027
S1-938121087	S3-493011468	remove	D-027
S1-93853362	S2-984842381	remove	D-027
S1-938883176	S2-877617425	remove	D-027
S1-93931525	S2-971618784	remove	D-027
S1-939364854	S3-426604104	remove	D-027
S1-939996676	S2-605325523	remove	D-027
S1-94000738	S3-59471289	remove	D-027
S1-940600678	S2-405520547	remove	D-027
S1-940713476	S2-873786316	remove	D-027
S1-941531578	S3-438638198	remove	D-027
S1-942265375	S2-607832073	remove	D-027
S1-943083250	S3-812252481	remove	D-027
S1-943885349	S2-195721317	remove	D-027
S1-943976049	S3-440250777	remove	D-027
S1-944354843	S2-609211843	remove	D-027
S1-946183509	S3-315509570	remove	D-027
S1-946461345	S2-993774195	remove	D-027
S1-946751304	S3-735663935	remove	D-027
S1-947668177	S2-521096352	remove	D-027
S1-948147293	S2-846605216	remove	D-027
S1-949046555	S3-783223088	remove	D-027
S1-949222341	S2-773512976	remove	D-027
S1-949352364	S2-571825259	remove	D-027
S1-949549298	S2-536527725	remove	D-027
S1-950144415	S2-623708942	remove	D-027
S1-950296297	S2-617961027	remove	D-027
S1-951194437	S2-482474272	remove	D-027
S1-951418634	S2-628791683	remove	D-027
S1-951570237	S3-477850372	remove	D-027
S1-951621296	S3-903581686	remove	D-027
S1-952678361	S2-824306009	remove	D-027
S1-953141939	S2-158943772	remove	D-027
S1-953731518	S3-647456841	remove	D-027
S1-95452906	S3-716481533	remove	D-027
S1-954681181	S3-480471343	remove	D-027
S1-954845217	S3-553638809	remove	D-027
S1-954845217	S3-592850245	remove	D-027
S1-955270693	S2-253544903	remove	D-027
S1-955291885	S2-247580610	remove	D-027
S1-955381790	S3-422557407	remove	D-027
S1-956865188	S3-338591200	remove	D-027
S1-957476859	S3-798752667	remove	D-027
S1-958497595	S2-517895631	remove	D-027
S1-958645830	S3-308146585	remove	D-027
S1-959302438	S3-126156837	remove	D-027
S1-959683619	S3-644972225	remove	D-027
S1-959929950	S2-811383683	remove	D-027
S1-962264968	S2-34309656	remove	D-027
S1-962443808	S3-769796407	remove	D-027
S1-962763574	S2-139309614	remove	D-027
S1-963302416	S2-136118959	remove	D-027
S1-964431022	S2-751115842	remove	D-027
S1-965102726	S3-803691940	remove	D-027
S1-966098049	S2-465065361	remove	D-027
S1-966237514	S3-318704876	remove	D-027
S1-967768846	S2-560813821	remove	D-027
S1-967783965	S3-286183850	remove	D-027
S1-96896654	S2-563304289	remove	D-027
S1-970660651	S2-419586641	remove	D-027
S1-971924293	S3-329743575	remove	D-027
S1-972165053	S2-313035454	remove	D-027
S1-972491499	S3-47384610	remove	D-027
S1-97257690	S2-771069125	remove	D-027
S1-972809330	S3-952540887	remove	D-027
S1-972810324	S2-804666060	remove	D-027
S1-972810324	S3-249718691	remove	D-027
S1-975044662	S3-60240617	remove	D-027
S1-977015431	S3-873699070	remove	D-027
S1-977150022	S2-262104053	remove	D-027
S1-977795272	S3-599647550	remove	D-027
S1-979785370	S2-967342540	remove	D-027
S1-979928878	S2-394731979	remove	D-027
S1-980750691	S2-911714688	remove	D-027
S1-981692162	S2-429344373	remove	D-027
S1-981692162	S2-975860748	remove	D-027
S1-982433235	S3-967784543	remove	D-027
S1-982746577	S3-202849014	remove	D-027
S1-982845700	S3-738490501	remove	D-027
S1-983548587	S2-127352580	remove	D-027
S1-984346438	S3-136432553	remove	D-027
S1-98437608	S3-200575620	remove	D-027
S1-985016807	S3-899572360	remove	D-027
S1-986293999	S3-672329076	remove	D-027
S1-986909876	S3-214896014	remove	D-027
S1-987754683	S3-289075054	remove	D-027
S1-988724006	S3-191874894	remove	D-027
S1-9887572	S3-500172883	remove	D-027
S1-989694474	S3-323396101	remove	D-027
S1-990203300	S2-338276722	remove	D-027
S1-99245519	S3-556217759	remove	D-027
S1-992589326	S3-252355173	remove	D-027
S1-992646441	S2-923502654	remove	D-027
S1-993210612	S2-79944061	remove	D-027
S1-993458515	S2-555000131	remove	D-027
S1-994001033	S3-931813396	remove	D-027
S1-994061674	S2-411458898	remove	D-027
S1-99487772	S2-982161194	remove	D-027
S1-995190293	S3-103073005	remove	D-027
S1-99619288	S2-871290163	remove	D-027
S1-996566108	S2-338432936	remove	D-027
S1-997145182	S3-466585587	remove	D-027
S1-999372239	S2-693594570	remove	D-027
S1-999375905	S3-719443491	remove	D-027
S1-999801491	S3-477680229	remove	D-027
S1-100123532	S3-974154336	add	D-027
S1-100305492	S2-827649928	add	D-027
S1-100925088	S2-562867312	add	D-027
S1-10169698	S3-761196733	add	D-027
S1-101928289	S2-614049747	add	D-027
S1-102653144	S2-925590272	add	D-027
S1-102787603	S2-857275354	add	D-027
S1-103898982	S2-644643256	add	D-027
S1-103915600	S2-752734050	add	D-027
S1-105669578	S2-988245302	add	D-027
S1-106401591	S3-828958358	add	D-027
S1-107923798	S2-84535456	add	D-027
S1-108904733	S3-815684111	add	D-027
S1-109688516	S2-620273787	add	D-027
S1-10974569	S3-485277018	add	D-027
S1-109975543	S2-965354840	add	D-027
S1-109975543	S3-725891200	add	D-027
S1-11058762	S2-98853092	add	D-027
S1-113180220	S3-575687927	add	D-027
S1-113333997	S3-229935438	add	D-027
S1-113386648	S3-600092718	add	D-027
S1-113393650	S2-14703173	add	D-027
S1-113907169	S3-587853467	add	D-027
S1-114209506	S2-47703474	add	D-027
S1-114754573	S3-103036479	add	D-027
S1-117549409	S2-328576620	add	D-027
S1-117793382	S2-913754690	add	D-027
S1-118023553	S3-901730373	add	D-027
S1-118804286	S3-726933859	add	D-027
S1-121847456	S3-739743100	add	D-027
S1-121865286	S2-150050096	add	D-027
S1-125450136	S2-263983307	add	D-027
S1-129129295	S3-696422083	add	D-027
S1-130378209	S3-242716865	add	D-027
S1-130609747	S3-350728074	add	D-027
S1-132401342	S3-259146497	add	D-027
S1-133399760	S3-161855174	add	D-027
S1-13442141	S3-834251133	add	D-027
S1-135144500	S3-600999044	add	D-027
S1-138087016	S3-278746452	add	D-027
S1-138492725	S2-519377171	add	D-027
S1-138964991	S3-813764904	add	D-027
S1-141257417	S3-13378763	add	D-027
S1-142266144	S2-916166603	add	D-027
S1-142697418	S2-843019368	add	D-027
S1-143105700	S3-274431563	add	D-027
S1-146122406	S2-463397398	add	D-027
S1-147038331	S3-854249991	add	D-027
S1-147726159	S2-609929578	add	D-027
S1-147912322	S3-610355360	add	D-027
S1-150454433	S3-982946686	add	D-027
S1-152972502	S2-43551242	add	D-027
S1-15323766	S2-298280628	add	D-027
S1-154177098	S2-767509952	add	D-027
S1-155091527	S2-504408130	add	D-027
S1-155496255	S2-132506349	add	D-027
S1-158630586	S3-969227110	add	D-027
S1-158759379	S3-170346591	add	D-027
S1-160390839	S2-943323159	add	D-027
S1-162994889	S2-53480206	add	D-027
S1-16374445	S2-859297292	add	D-027
S1-164185385	S3-393755821	add	D-027
S1-164813014	S2-779549517	add	D-027
S1-165531885	S3-140853294	add	D-027
S1-168590022	S3-196483797	add	D-027
S1-16906307	S3-990686359	add	D-027
S1-169214998	S3-114528106	add	D-027
S1-171201770	S3-351630966	add	D-027
S1-172084194	S3-552232693	add	D-027
S1-172170263	S2-131595659	add	D-027
S1-172399011	S3-626307020	add	D-027
S1-172878701	S3-142645355	add	D-027
S1-173349489	S2-114745075	add	D-027
S1-173665313	S2-986567923	add	D-027
S1-173675384	S2-836123252	add	D-027
S1-173799489	S2-692013590	add	D-027
S1-174825416	S3-824378212	add	D-027
S1-175897878	S3-137611567	add	D-027
S1-178879617	S3-281436608	add	D-027
S1-179847717	S3-925030953	add	D-027
S1-184097348	S3-835176691	add	D-027
S1-184487689	S2-4416140	add	D-027
S1-184706069	S3-783888587	add	D-027
S1-185378627	S2-923065071	add	D-027
S1-185378627	S3-22289607	add	D-027
S1-186284876	S3-461062141	add	D-027
S1-188172505	S3-63949565	add	D-027
S1-191635208	S3-684345284	add	D-027
S1-191931760	S2-542277215	add	D-027
S1-192019654	S2-742822775	add	D-027
S1-192351382	S3-520621394	add	D-027
S1-192808217	S2-291763683	add	D-027
S1-193311610	S3-177398696	add	D-027
S1-193360821	S2-97163018	add	D-027
S1-194456478	S2-152621059	add	D-027
S1-195394118	S2-321899316	add	D-027
S1-195571014	S2-660940320	add	D-027
S1-2003107	S2-137647519	add	D-027
S1-202034278	S2-281850213	add	D-027
S1-202658946	S3-619734803	add	D-027
S1-20499286	S2-901362168	add	D-027
S1-205290579	S3-233826374	add	D-027
S1-207280220	S2-613146937	add	D-027
S1-208582174	S2-575269900	add	D-027
S1-211663900	S3-496023376	add	D-027
S1-21320466	S2-299724	add	D-027
S1-213755375	S3-437945657	add	D-027
S1-214789540	S3-361438471	add	D-027
S1-215233342	S3-827387963	add	D-027
S1-215790502	S2-950991721	add	D-027
S1-217596592	S2-738855785	add	D-027
S1-217603100	S3-245123782	add	D-027
S1-217921627	S2-618996394	add	D-027
S1-218534925	S3-553946096	add	D-027
S1-218534925	S3-790062623	add	D-027
S1-223487501	S3-459588637	add	D-027
S1-226270961	S3-555003101	add	D-027
S1-229046779	S3-419096098	add	D-027
S1-231108765	S3-418398016	add	D-027
S1-231684588	S2-966156140	add	D-027
S1-232030151	S2-353441342	add	D-027
S1-232657755	S2-588528750	add	D-027
S1-233574017	S2-140075302	add	D-027
S1-234582499	S2-48614230	add	D-027
S1-234971868	S3-167081128	add	D-027
S1-235790476	S2-410332165	add	D-027
S1-237603555	S2-276352864	add	D-027
S1-240257882	S3-64350934	add	D-027
S1-244027088	S3-457390722	add	D-027
S1-244608373	S2-34187362	add	D-027
S1-245598878	S2-601547787	add	D-027
S1-245875913	S2-900033266	add	D-027
S1-246124093	S2-728055942	add	D-027
S1-246133030	S2-31168816	add	D-027
S1-247292247	S3-684573169	add	D-027
S1-247448711	S2-362080907	add	D-027
S1-24785071	S2-658568723	add	D-027
S1-248063367	S2-165451783	add	D-027
S1-248298399	S2-372668521	add	D-027
S1-249328284	S3-789384238	add	D-027
S1-252659820	S3-346692764	add	D-027
S1-252775870	S3-159340110	add	D-027
S1-253141157	S3-314820690	add	D-027
S1-255422338	S3-116724306	add	D-027
S1-256013409	S3-739263580	add	D-027
S1-256747152	S3-858593827	add	D-027
S1-258073709	S3-741287447	add	D-027
S1-258389849	S3-337626303	add	D-027
S1-258985921	S3-23038090	add	D-027
S1-26177236	S2-419052957	add	D-027
S1-262017177	S3-659830201	add	D-027
S1-262385838	S2-36580058	add	D-027
S1-26329318	S3-488637271	add	D-027
S1-264419936	S2-582082597	add	D-027
S1-264615325	S3-467139904	add	D-027
S1-265296536	S3-363725064	add	D-027
S1-267352490	S3-130228743	add	D-027
S1-267744200	S2-459594307	add	D-027
S1-268879992	S2-232110270	add	D-027
S1-269412535	S3-806472696	add	D-027
S1-270422274	S3-332847371	add	D-027
S1-270946884	S3-156031993	add	D-027
S1-271088038	S3-923923836	add	D-027
S1-27160973	S2-663125225	add	D-027
S1-271792925	S3-292898253	add	D-027
S1-272837439	S2-244747060	add	D-027
S1-273497998	S3-557747116	add	D-027
S1-273762178	S3-163058012	add	D-027
S1-27600300	S2-716243554	add	D-027
S1-27600300	S2-877264024	add	D-027
S1-276965	S3-772309715	add	D-027
S1-277914370	S3-860898362	add	D-027
S1-277960022	S2-974464320	add	D-027
S1-279636074	S3-342688806	add	D-027
S1-281196660	S3-25625136	add	D-027
S1-281408767	S3-782298114	add	D-027
S1-282396700	S2-468489716	add	D-027
S1-283401998	S3-323482947	add	D-027
S1-284088257	S2-833152064	add	D-027
S1-287010051	S3-565325813	add	D-027
S1-289430493	S3-931687121	add	D-027
S1-290912006	S2-481107737	add	D-027
S1-291449714	S2-402775948	add	D-027
S1-296937589	S3-557398029	add	D-027
S1-297093148	S3-40844126	add	D-027
S1-297223451	S2-377982246	add	D-027
S1-297500726	S3-990577650	add	D-027
S1-297800314	S2-29889256	add	D-027
S1-298298742	S2-93790434	add	D-027
S1-299642445	S3-778226108	add	D-027
S1-302012048	S2-394433680	add	D-027
S1-302563431	S2-647517077	add	D-027
S1-302629740	S2-893315539	add	D-027
S1-305410862	S3-411141136	add	D-027
S1-305431143	S3-967575919	add	D-027
S1-305620686	S2-344976735	add	D-027
S1-305850854	S3-381558402	add	D-027
S1-306415611	S3-605434512	add	D-027
S1-306508442	S3-693670485	add	D-027
S1-30652719	S3-680551987	add	D-027
S1-307459336	S3-735290855	add	D-027
S1-3086656	S2-231817554	add	D-027
S1-309440072	S2-830029312	add	D-027
S1-309690442	S3-334274939	add	D-027
S1-310269481	S3-77269046	add	D-027
S1-312194596	S2-295959596	add	D-027
S1-313627727	S2-961113484	add	D-027
S1-314266111	S3-156019675	add	D-027
S1-316475997	S2-198488203	add	D-027
S1-316595148	S3-103071523	add	D-027
S1-317017595	S2-198315813	add	D-027
S1-318969460	S2-61672624	add	D-027
S1-319088858	S3-73252121	add	D-027
S1-319250452	S2-255238462	add	D-027
S1-31928789	S2-325532055	add	D-027
S1-319527013	S3-156428591	add	D-027
S1-319818834	S3-282899294	add	D-027
S1-319908788	S2-914780162	add	D-027
S1-320035945	S3-253876359	add	D-027
S1-320156146	S2-530686285	add	D-027
S1-320355753	S2-223617125	add	D-027
S1-320706837	S2-842686640	add	D-027
S1-323758917	S3-651544247	add	D-027
S1-324331080	S2-981074970	add	D-027
S1-324893462	S3-281862715	add	D-027
S1-327636166	S3-318273918	add	D-027
S1-327826110	S2-72169054	add	D-027
S1-328489009	S3-843137816	add	D-027
S1-328647382	S3-893404771	add	D-027
S1-33283813	S2-1708963	add	D-027
S1-333113569	S2-919867682	add	D-027
S1-33420412	S2-767833741	add	D-027
S1-334608633	S3-421885709	add	D-027
S1-335074120	S2-605571346	add	D-027
S1-336622071	S3-956211235	add	D-027
S1-336917851	S2-474032003	add	D-027
S1-337214091	S2-599832956	add	D-027
S1-33819348	S2-243277159	add	D-027
S1-3395233	S3-536816486	add	D-027
S1-339585043	S2-581701165	add	D-027
S1-340911482	S3-816727870	add	D-027
S1-341012561	S3-184953018	add	D-027
S1-341399278	S3-947711842	add	D-027
S1-341573711	S3-432608623	add	D-027
S1-342042616	S3-487647806	add	D-027
S1-342747046	S3-601795265	add	D-027
S1-342801549	S2-988069858	add	D-027
S1-346627236	S2-661996700	add	D-027
S1-348215897	S3-93944311	add	D-027
S1-348241794	S3-412343363	add	D-027
S1-349174592	S3-402233693	add	D-027
S1-350457089	S2-659202695	add	D-027
S1-351232926	S2-692500387	add	D-027
S1-353184959	S2-38574302	add	D-027
S1-35320495	S3-456379026	add	D-027
S1-353225027	S3-816166442	add	D-027
S1-3534864	S3-444119672	add	D-027
S1-353743212	S2-56836703	add	D-027
S1-354315269	S3-800164782	add	D-027
S1-35477324	S3-880183852	add	D-027
S1-354936804	S3-881425338	add	D-027
S1-359172897	S2-675302982	add	D-027
S1-360357991	S3-168885438	add	D-027
S1-360378297	S2-320856351	add	D-027
S1-360378297	S3-941156184	add	D-027
S1-36049248	S2-887983155	add	D-027
S1-361332492	S3-764498935	add	D-027
S1-361448805	S2-383453949	add	D-027
S1-361517875	S3-556142029	add	D-027
S1-361517875	S3-830343749	add	D-027
S1-362089935	S2-21411851	add	D-027
S1-362536976	S2-463622780	add	D-027
S1-364774650	S2-859736755	add	D-027
S1-364823809	S3-410470289	add	D-027
S1-367107802	S2-599926931	add	D-027
S1-367107802	S2-922677872	add	D-027
S1-367818093	S2-715733776	add	D-027
S1-368254860	S3-318998786	add	D-027
S1-369793515	S3-697243760	add	D-027
S1-370471561	S3-76544527	add	D-027
S1-371358895	S3-235571796	add	D-027
S1-371735329	S3-879575302	add	D-027
S1-371807433	S3-794770500	add	D-027
S1-373015241	S3-168090784	add	D-027
S1-375290684	S3-762768599	add	D-027
S1-375406426	S3-396125306	add	D-027
S1-376571414	S2-984338987	add	D-027
S1-376812527	S2-956236682	add	D-027
S1-377095372	S2-65210624	add	D-027
S1-378783070	S3-505279562	add	D-027
S1-379200071	S2-227076712	add	D-027
S1-379601717	S3-24167742	add	D-027
S1-380058687	S2-822123057	add	D-027
S1-383752890	S3-443053217	add	D-027
S1-384376315	S2-585867210	add	D-027
S1-384512514	S2-836031156	add	D-027
S1-385706979	S3-891067370	add	D-027
S1-385896407	S2-11515529	add	D-027
S1-387088460	S2-360714746	add	D-027
S1-388624665	S3-34503308	add	D-027
S1-389767480	S3-986974892	add	D-027
S1-391796163	S3-982452891	add	D-027
S1-392389810	S2-491244202	add	D-027
S1-392447745	S3-590909104	add	D-027
S1-392997360	S2-788057736	add	D-027
S1-393123986	S3-512266630	add	D-027
S1-393123986	S3-564529644	add	D-027
S1-396779798	S3-915233767	add	D-027
S1-396868224	S3-447119569	add	D-027
S1-397040974	S2-179929965	add	D-027
S1-397956154	S3-311889400	add	D-027
S1-398050068	S2-842533483	add	D-027
S1-399611594	S3-562394318	add	D-027
S1-399915925	S2-620528099	add	D-027
S1-404002992	S2-114811403	add	D-027
S1-4062952	S2-421514053	add	D-027
S1-409287811	S3-699640534	add	D-027
S1-409777245	S2-818682525	add	D-027
S1-410734683	S3-820851998	add	D-027
S1-411483966	S3-751792567	add	D-027
S1-412432813	S2-704131090	add	D-027
S1-412432813	S2-794529973	add	D-027
S1-412584123	S3-865233267	add	D-027
S1-413728014	S2-480767828	add	D-027
S1-417728041	S2-48959497	add	D-027
S1-417891662	S3-530729316	add	D-027
S1-420488907	S2-705585429	add	D-027
S1-42190071	S3-710384482	add	D-027
S1-422244848	S2-616296091	add	D-027
S1-423088821	S2-611241971	add	D-027
S1-423456885	S3-805487750	add	D-027
S1-424314277	S2-610540562	add	D-027
S1-425087472	S3-173446852	add	D-027
S1-4285337	S2-800509676	add	D-027
S1-428575149	S3-698082936	add	D-027
S1-43226041	S2-544485933	add	D-027
S1-43378082	S2-320442462	add	D-027
S1-433912060	S2-993407959	add	D-027
S1-435652913	S3-752694516	add	D-027
S1-436154450	S3-242849941	add	D-027
S1-436639190	S2-410220665	add	D-027
S1-437371544	S3-722340686	add	D-027
S1-438057665	S3-803692629	add	D-027
S1-438200296	S3-363169204	add	D-027
S1-440409753	S2-386531186	add	D-027
S1-441235602	S3-779752371	add	D-027
S1-443117804	S2-323317407	add	D-027
S1-444582903	S2-279063508	add	D-027
S1-445488796	S2-334549867	add	D-027
S1-446995384	S2-314313075	add	D-027
S1-447398745	S2-532133290	add	D-027
S1-448587914	S3-698094780	add	D-027
S1-450372064	S2-261555922	add	D-027
S1-450922425	S2-158513890	add	D-027
S1-4510270	S3-321072445	add	D-027
S1-45181610	S3-599103328	add	D-027
S1-452496231	S3-284659791	add	D-027
S1-452653663	S3-588507054	add	D-027
S1-455994879	S2-326258211	add	D-027
S1-458859670	S3-168283718	add	D-027
S1-459831333	S2-400118990	add	D-027
S1-460007370	S3-524765829	add	D-027
S1-460052888	S2-852178006	add	D-027
S1-460066004	S3-245903139	add	D-027
S1-460594485	S2-502780685	add	D-027
S1-460874565	S3-647574609	add	D-027
S1-462005782	S3-295775175	add	D-027
S1-462359030	S2-235185239	add	D-027
S1-463713705	S3-875174631	add	D-027
S1-463983276	S3-741754312	add	D-027
S1-466171448	S3-929957154	add	D-027
S1-474015480	S2-16242085	add	D-027
S1-47479311	S3-224139694	add	D-027
S1-475132523	S2-498179215	add	D-027
S1-475448257	S2-369395046	add	D-027
S1-475505317	S2-745061511	add	D-027
S1-475698475	S2-493919271	add	D-027
S1-476387357	S3-626938390	add	D-027
S1-47665476	S3-15101759	add	D-027
S1-47665476	S3-416932816	add	D-027
S1-476970034	S3-998633643	add	D-027
S1-477638677	S2-718441771	add	D-027
S1-477863185	S2-990329166	add	D-027
S1-478410348	S2-814155922	add	D-027
S1-479424796	S3-536269882	add	D-027
S1-479473177	S2-645250621	add	D-027
S1-483054437	S2-168312176	add	D-027
S1-483418055	S3-141766374	add	D-027
S1-484029474	S2-370446436	add	D-027
S1-484383789	S2-333700326	add	D-027
S1-484559440	S2-406801900	add	D-027
S1-484864294	S3-224854547	add	D-027
S1-487331629	S2-850937409	add	D-027
S1-488240388	S3-162880593	add	D-027
S1-488653034	S3-149861841	add	D-027
S1-490086161	S2-925148613	add	D-027
S1-493832699	S2-178626851	add	D-027
S1-495094457	S2-364514856	add	D-027
S1-495585877	S3-390635935	add	D-027
S1-495765900	S2-343012713	add	D-027
S1-495779183	S2-839872170	add	D-027
S1-496181310	S2-565246415	add	D-027
S1-497890842	S3-286027469	add	D-027
S1-497950279	S3-160212116	add	D-027
S1-498334935	S3-307528693	add	D-027
S1-500516427	S2-676378233	add	D-027
S1-501122307	S3-475304732	add	D-027
S1-501584652	S2-492272293	add	D-027
S1-508390670	S3-885335559	add	D-027
S1-508447144	S2-451193806	add	D-027
S1-510054891	S2-403539323	add	D-027
S1-512307839	S3-774925236	add	D-027
S1-512357270	S3-504774373	add	D-027
S1-514381334	S2-37109423	add	D-027
S1-514759458	S2-978583961	add	D-027
S1-51691141	S3-944399116	add	D-027
S1-517777431	S2-225489320	add	D-027
S1-519109580	S2-884124968	add	D-027
S1-520358674	S2-749606138	add	D-027
S1-520800570	S3-393436032	add	D-027
S1-522779309	S3-913556431	add	D-027
S1-522833247	S2-257385503	add	D-027
S1-527035204	S3-629072601	add	D-027
S1-527438524	S2-45632431	add	D-027
S1-528046520	S2-390007457	add	D-027
S1-528046520	S2-417523178	add	D-027
S1-530729362	S3-171691489	add	D-027
S1-530928634	S3-846765932	add	D-027
S1-531151416	S2-828631492	add	D-027
S1-531585866	S3-959827056	add	D-027
S1-531833214	S3-871874883	add	D-027
S1-532039530	S2-498960995	add	D-027
S1-533720090	S3-13996806	add	D-027
S1-534804313	S2-556428852	add	D-027
S1-53511813	S3-132237753	add	D-027
S1-535609526	S3-654652957	add	D-027
S1-535932985	S2-8293362	add	D-027
S1-537591499	S2-875522461	add	D-027
S1-53760325	S2-775905104	add	D-027
S1-538969745	S2-81764932	add	D-027
S1-540852115	S2-788592427	add	D-027
S1-542410920	S2-860645725	add	D-027
S1-542705340	S2-724594261	add	D-027
S1-543112947	S2-623000428	add	D-027
S1-543643132	S2-180728879	add	D-027
S1-543699913	S3-916688210	add	D-027
S1-544556588	S2-405417406	add	D-027
S1-545626140	S2-36885023	add	D-027
S1-546553491	S2-451230373	add	D-027
S1-546636392	S2-232525722	add	D-027
S1-547350878	S2-198493655	add	D-027
S1-547845003	S3-668048628	add	D-027
S1-547931641	S2-398471697	add	D-027
S1-548157954	S2-851404491	add	D-027
S1-549309717	S3-998051358	add	D-027
S1-551506824	S2-688608794	add	D-027
S1-552588399	S2-598225739	add	D-027
S1-552747973	S3-202786299	add	D-027
S1-554147132	S3-155086869	add	D-027
S1-554272578	S2-712440332	add	D-027
S1-555164837	S3-802730489	add	D-027
S1-555780717	S2-610633745	add	D-027
S1-555781056	S2-928109682	add	D-027
S1-556151918	S2-297672615	add	D-027
S1-557419965	S3-25978446	add	D-027
S1-558192401	S2-19104844	add	D-027
S1-558768314	S3-364882883	add	D-027
S1-560556289	S2-584873474	add	D-027
S1-561392959	S3-861687252	add	D-027
S1-562062168	S3-921721793	add	D-027
S1-562435495	S2-623505403	add	D-027
S1-563823119	S2-997794230	add	D-027
S1-564690822	S3-449902549	add	D-027
S1-566082478	S3-970309496	add	D-027
S1-566213526	S3-515682138	add	D-027
S1-566425777	S2-712712479	add	D-027
S1-567889091	S2-378988058	add	D-027
S1-568150120	S2-104670996	add	D-027
S1-568196418	S3-155846729	add	D-027
S1-568737921	S3-575011883	add	D-027
S1-569251758	S2-84436837	add	D-027
S1-569478200	S2-200412943	add	D-027
S1-573321967	S2-667534979	add	D-027
S1-575163142	S2-829910709	add	D-027
S1-575645465	S3-140687059	add	D-027
S1-575993233	S2-415720234	add	D-027
S1-576755682	S3-153497928	add	D-027
S1-57712919	S3-120050565	add	D-027
S1-57733308	S2-564018166	add	D-027
S1-580775877	S3-263367298	add	D-027
S1-581191552	S2-674139738	add	D-027
S1-581755588	S3-910376415	add	D-027
S1-582004907	S2-38395026	add	D-027
S1-582671577	S3-497368467	add	D-027
S1-582685825	S3-199206400	add	D-027
S1-584401962	S3-501844591	add	D-027
S1-58607326	S3-920185368	add	D-027
S1-586731521	S2-558988860	add	D-027
S1-58705541	S2-669583557	add	D-027
S1-587373967	S3-87663777	add	D-027
S1-587904094	S2-530421933	add	D-027
S1-589421346	S3-829334181	add	D-027
S1-590898590	S2-438560295	add	D-027
S1-591022366	S3-45690934	add	D-027
S1-59122670	S3-117579544	add	D-027
S1-593090405	S3-247927080	add	D-027
S1-59333390	S3-410327366	add	D-027
S1-594703862	S3-247822548	add	D-027
S1-597110645	S2-382621436	add	D-027
S1-598273491	S3-401617664	add	D-027
S1-598339978	S3-698889449	add	D-027
S1-598498018	S2-766012110	add	D-027
S1-599238941	S2-725778283	add	D-027
S1-600089476	S2-426251283	add	D-027
S1-600393923	S3-653345748	add	D-027
S1-600901787	S3-730041156	add	D-027
S1-601859360	S3-887869880	add	D-027
S1-602352433	S3-532841330	add	D-027
S1-602718132	S2-328105153	add	D-027
S1-602854476	S2-58583958	add	D-027
S1-603393376	S3-179760684	add	D-027
S1-604728958	S3-742200836	add	D-027
S1-605046484	S3-996613515	add	D-027
S1-60771510	S2-452250481	add	D-027
S1-608458814	S2-220360388	add	D-027
S1-608703795	S2-901026527	add	D-027
S1-612190242	S2-121391393	add	D-027
S1-612445969	S2-995420952	add	D-027
S1-614215048	S2-792289715	add	D-027
S1-617516453	S2-352478122	add	D-027
S1-618444421	S2-734154996	add	D-027
S1-618510742	S2-873078274	add	D-027
S1-619095464	S2-689568184	add	D-027
S1-620793808	S2-347921129	add	D-027
S1-620793808	S3-732363511	add	D-027
S1-620993848	S2-737158344	add	D-027
S1-624242728	S2-609443689	add	D-027
S1-624242728	S3-351756167	add	D-027
S1-624386730	S2-97746539	add	D-027
S1-624697178	S3-341408548	add	D-027
S1-625839492	S3-742133572	add	D-027
S1-626193582	S2-614591349	add	D-027
S1-626412926	S3-561447608	add	D-027
S1-626631255	S2-893907764	add	D-027
S1-627869437	S2-225208343	add	D-027
S1-62911208	S2-335687095	add	D-027
S1-631020069	S3-407885583	add	D-027
S1-631323799	S3-328448683	add	D-027
S1-631929684	S3-44640508	add	D-027
S1-634352308	S2-130802683	add	D-027
S1-637537080	S2-504764629	add	D-027
S1-637537080	S2-526587238	add	D-027
S1-638476383	S3-146905631	add	D-027
S1-640019446	S2-901238558	add	D-027
S1-640217370	S3-281800794	add	D-027
S1-640453287	S2-491376392	add	D-027
S1-641063894	S3-259525228	add	D-027
S1-642651823	S3-199697239	add	D-027
S1-643730709	S3-774310040	add	D-027
S1-644565107	S2-981994025	add	D-027
S1-645106550	S2-163066888	add	D-027
S1-6453545	S3-675335943	add	D-027
S1-645457545	S3-289312968	add	D-027
S1-64636879	S3-332867340	add	D-027
S1-648178009	S2-844184768	add	D-027
S1-649460863	S2-781751586	add	D-027
S1-649887412	S3-347464606	add	D-027
S1-652133541	S3-913072369	add	D-027
S1-653032749	S3-681121537	add	D-027
S1-654008098	S2-534044381	add	D-027
S1-655193136	S3-590660014	add	D-027
S1-656692280	S2-607740728	add	D-027
S1-656902009	S2-644774646	add	D-027
S1-658723215	S2-211327717	add	D-027
S1-659158124	S3-518086234	add	D-027
S1-660073318	S2-440602090	add	D-027
S1-660533939	S2-920952587	add	D-027
S1-660643890	S3-310042567	add	D-027
S1-660745637	S2-415673653	add	D-027
S1-661806991	S3-34377561	add	D-027
S1-665098601	S2-47312369	add	D-027
S1-665098601	S2-556809212	add	D-027
S1-667026639	S3-500451588	add	D-027
S1-668281647	S2-335377853	add	D-027
S1-66922769	S3-783709272	add	D-027
S1-669910157	S2-87044637	add	D-027
S1-670303995	S3-20765392	add	D-027
S1-670424744	S2-649049094	add	D-027
S1-672388156	S3-827132232	add	D-027
S1-673285582	S3-866881556	add	D-027
S1-676707623	S2-963380461	add	D-027
S1-677127065	S3-256073392	add	D-027
S1-677734507	S2-323344394	add	D-027
S1-680329212	S3-234596004	add	D-027
S1-681429813	S3-371061130	add	D-027
S1-6817771	S2-372496132	add	D-027
S1-682069842	S2-998063366	add	D-027
S1-68219602	S2-185706383	add	D-027
S1-682410328	S3-935657168	add	D-027
S1-685467379	S3-76727797	add	D-027
S1-686529684	S2-520212137	add	D-027
S1-687127099	S2-350070470	add	D-027
S1-688788650	S2-630004284	add	D-027
S1-689080464	S2-913437661	add	D-027
S1-689566322	S3-607629311	add	D-027
S1-690267571	S3-656740098	add	D-027
S1-691024919	S3-662265689	add	D-027
S1-691623599	S2-48444978	add	D-027
S1-693497158	S2-582272667	add	D-027
S1-694227370	S2-165814438	add	D-027
S1-698953030	S2-263357966	add	D-027
S1-69973948	S3-421796809	add	D-027
S1-70071354	S2-345428351	add	D-027
S1-702167229	S2-469064080	add	D-027
S1-702519473	S3-504954182	add	D-027
S1-702921942	S3-152233320	add	D-027
S1-703678398	S3-547035143	add	D-027
S1-706914416	S3-216652850	add	D-027
S1-708113983	S3-583963669	add	D-027
S1-708909399	S2-146649327	add	D-027
S1-709806153	S3-231192924	add	D-027
S1-710369501	S2-575692508	add	D-027
S1-710837730	S3-408957502	add	D-027
S1-711049087	S2-458863339	add	D-027
S1-711953937	S2-514137022	add	D-027
S1-712185391	S2-233488148	add	D-027
S1-712385888	S2-899815997	add	D-027
S1-715134352	S3-148614984	add	D-027
S1-715640491	S3-565567129	add	D-027
S1-716033353	S2-598557816	add	D-027
S1-71678861	S3-543994697	add	D-027
S1-717529846	S2-534583415	add	D-027
S1-718545852	S3-956437455	add	D-027
S1-719070917	S3-752917875	add	D-027
S1-719101639	S2-869383569	add	D-027
S1-7192820	S3-47440025	add	D-027
S1-719921746	S3-304064492	add	D-027
S1-720108815	S3-450589385	add	D-027
S1-721866383	S2-946677536	add	D-027
S1-723477683	S3-387072289	add	D-027
S1-723477683	S3-692732743	add	D-027
S1-724580432	S2-540136761	add	D-027
S1-725185215	S2-573558861	add	D-027
S1-726945365	S3-98123782	add	D-027
S1-727024299	S3-453615358	add	D-027
S1-727200661	S2-46716182	add	D-027
S1-728529797	S3-391983498	add	D-027
S1-729048870	S3-438595546	add	D-027
S1-732785197	S3-679668795	add	D-027
S1-733082398	S3-212220226	add	D-027
S1-733304071	S2-768617246	add	D-027
S1-733370987	S3-815397829	add	D-027
S1-733666022	S2-516061934	add	D-027
S1-733865008	S3-537749879	add	D-027
S1-73547226	S3-346500408	add	D-027
S1-737251043	S2-772402688	add	D-027
S1-738221731	S3-667873590	add	D-027
S1-739392881	S2-227483849	add	D-027
S1-73986431	S2-579072457	add	D-027
S1-741939515	S2-272829846	add	D-027
S1-742431992	S2-16010245	add	D-027
S1-743423982	S3-614777533	add	D-027
S1-744990478	S3-164137981	add	D-027
S1-746130717	S2-772467430	add	D-027
S1-746615809	S3-884514148	add	D-027
S1-747695192	S2-512881985	add	D-027
S1-749279401	S2-909568621	add	D-027
S1-750185951	S3-451725381	add	D-027
S1-750909252	S3-471703817	add	D-027
S1-752410086	S2-151610183	add	D-027
S1-752515153	S3-677208581	add	D-027
S1-752980647	S3-414553504	add	D-027
S1-754027402	S2-280823484	add	D-027
S1-755773322	S2-170736854	add	D-027
S1-756020066	S2-277327296	add	D-027
S1-756911823	S2-325937324	add	D-027
S1-75705614	S3-553089072	add	D-027
S1-757174767	S2-205950081	add	D-027
S1-759097407	S2-184330252	add	D-027
S1-75948862	S3-162975591	add	D-027
S1-759654465	S3-987387147	add	D-027
S1-760293031	S3-378593222	add	D-027
S1-76039040	S3-676487403	add	D-027
S1-760794530	S2-805193894	add	D-027
S1-763680600	S2-177304481	add	D-027
S1-764792587	S3-784802005	add	D-027
S1-765829609	S3-963873421	add	D-027
S1-765862980	S2-437928271	add	D-027
S1-767266478	S3-47841536	add	D-027
S1-767944581	S2-637099184	add	D-027
S1-768276298	S2-424434453	add	D-027
S1-770675343	S2-8254355	add	D-027
S1-770958609	S2-889537709	add	D-027
S1-771968507	S3-907482918	add	D-027
S1-772652875	S2-78698519	add	D-027
S1-773930827	S2-977021525	add	D-027
S1-77438585	S2-423814597	add	D-027
S1-774466891	S2-381271362	add	D-027
S1-774625689	S3-977270830	add	D-027
S1-778266594	S2-816250121	add	D-027
S1-779044137	S2-113678260	add	D-027
S1-779327349	S2-760322338	add	D-027
S1-780009261	S2-495821887	add	D-027
S1-781914510	S3-970279258	add	D-027
S1-783055895	S2-36527390	add	D-027
S1-78345268	S2-392554408	add	D-027
S1-787921010	S3-104186726	add	D-027
S1-788206100	S2-400691779	add	D-027
S1-788626472	S3-162094527	add	D-027
S1-788936112	S3-624778236	add	D-027
S1-789737612	S3-389223145	add	D-027
S1-792962349	S3-149040018	add	D-027
S1-792989154	S3-923575512	add	D-027
S1-793204172	S2-10816109	add	D-027
S1-794054955	S3-80441449	add	D-027
S1-794188485	S3-454305905	add	D-027
S1-794478986	S3-185490496	add	D-027
S1-794792335	S2-552857529	add	D-027
S1-794864653	S2-86087475	add	D-027
S1-796869744	S3-11217764	add	D-027
S1-797431259	S2-88324345	add	D-027
S1-797986974	S2-11060888	add	D-027
S1-798045329	S2-44719286	add	D-027
S1-799415621	S3-101878941	add	D-027
S1-800252846	S2-624304467	add	D-027
S1-80302019	S2-717110727	add	D-027
S1-804768681	S2-438449276	add	D-027
S1-805359479	S3-945367187	add	D-027
S1-805620715	S2-987343087	add	D-027
S1-806265746	S3-111303138	add	D-027
S1-806988020	S3-842111004	add	D-027
S1-807098276	S2-557974037	add	D-027
S1-808447588	S2-97528871	add	D-027
S1-809562918	S3-201724349	add	D-027
S1-812094958	S2-482310694	add	D-027
S1-812722870	S3-299154107	add	D-027
S1-816306619	S2-576832899	add	D-027
S1-817562005	S3-269382063	add	D-027
S1-821650732	S2-681184212	add	D-027
S1-823070884	S2-947972172	add	D-027
S1-823308771	S3-699008754	add	D-027
S1-825960402	S2-153126844	add	D-027
S1-827731667	S2-182338232	add	D-027
S1-829225850	S3-918402612	add	D-027
S1-830002798	S3-304267049	add	D-027
S1-830663960	S3-637720762	add	D-027
S1-830906879	S3-472217198	add	D-027
S1-831375324	S2-56930896	add	D-027
S1-833247872	S2-294365009	add	D-027
S1-833452619	S3-25981079	add	D-027
S1-836331038	S2-662739490	add	D-027
S1-836979621	S3-447192373	add	D-027
S1-837665006	S2-295988752	add	D-027
S1-839678948	S3-597358968	add	D-027
S1-839909005	S3-752166574	add	D-027
S1-840115817	S2-349450988	add	D-027
S1-840316742	S3-738440580	add	D-027
S1-841795797	S2-699258990	add	D-027
S1-84211074	S2-961242335	add	D-027
S1-842241794	S2-209430947	add	D-027
S1-842587858	S2-770333937	add	D-027
S1-842992388	S3-637490396	add	D-027
S1-844837624	S3-960657891	add	D-027
S1-845688804	S2-529801246	add	D-027
S1-845820651	S2-31107999	add	D-027
S1-846218196	S3-105904322	add	D-027
S1-847552272	S3-46576794	add	D-027
S1-853530658	S2-433403379	add	D-027
S1-854744001	S3-652924008	add	D-027
S1-857598512	S3-54236268	add	D-027
S1-857877457	S2-812057470	add	D-027
S1-859486802	S3-157405270	add	D-027
S1-860030968	S2-239941551	add	D-027
S1-861396487	S2-203125748	add	D-027
S1-861645088	S3-235261997	add	D-027
S1-863916777	S3-901176408	add	D-027
S1-865347100	S3-980685335	add	D-027
S1-86551477	S2-345341146	add	D-027
S1-866590531	S2-603796187	add	D-027
S1-867423025	S3-238033704	add	D-027
S1-868752239	S2-470543754	add	D-027
S1-869925780	S2-782979498	add	D-027
S1-869926859	S3-397048157	add	D-027
S1-869953100	S3-910231681	add	D-027
S1-874060011	S2-506741197	add	D-027
S1-874060011	S2-914554673	add	D-027
S1-874513814	S2-378495506	add	D-027
S1-874579344	S3-974422034	add	D-027
S1-875097206	S2-777749261	add	D-027
S1-875527132	S2-817640337	add	D-027
S1-877507563	S3-379091823	add	D-027
S1-877906040	S3-90910376	add	D-027
S1-878726424	S2-425178950	add	D-027
S1-879804059	S3-95820110	add	D-027
S1-880570768	S3-773747076	add	D-027
S1-881033657	S2-912832250	add	D-027
S1-882178096	S3-620151424	add	D-027
S1-882181686	S3-778656614	add	D-027
S1-88439536	S2-595630104	add	D-027
S1-885004536	S3-350215464	add	D-027
S1-886084648	S3-415457407	add	D-027
S1-886449025	S3-892796411	add	D-027
S1-886480478	S2-28908401	add	D-027
S1-886610312	S3-105015142	add	D-027
S1-886698561	S3-362542947	add	D-027
S1-887205485	S2-486877646	add	D-027
S1-887217730	S2-83123464	add	D-027
S1-888093060	S2-982319476	add	D-027
S1-890935623	S3-78213504	add	D-027
S1-891143721	S3-211829106	add	D-027
S1-891900951	S3-13284151	add	D-027
S1-892898911	S3-573337603	add	D-027
S1-893952693	S3-452960536	add	D-027
S1-895993360	S3-332309804	add	D-027
S1-896626242	S3-998140552	add	D-027
S1-89758036	S2-257204380	add	D-027
S1-898896872	S2-89742064	add	D-027
S1-900941724	S3-700792904	add	D-027
S1-901172322	S2-970886261	add	D-027
S1-90231584	S3-85710553	add	D-027
S1-903087469	S3-44874140	add	D-027
S1-903966855	S2-806439271	add	D-027
S1-904741382	S3-300826881	add	D-027
S1-907897010	S2-753364308	add	D-027
S1-908032822	S3-135884293	add	D-027
S1-908032822	S3-466721511	add	D-027
S1-908151107	S2-604428350	add	D-027
S1-908601696	S3-942911299	add	D-027
S1-908686664	S3-788738906	add	D-027
S1-912961041	S3-266582255	add	D-027
S1-915257443	S2-39655256	add	D-027
S1-916726844	S2-862672454	add	D-027
S1-916758615	S2-676100960	add	D-027
S1-918395621	S3-747832598	add	D-027
S1-91909737	S3-811093863	add	D-027
S1-919955451	S3-768529623	add	D-027
S1-920612144	S2-244774730	add	D-027
S1-921243291	S3-238106839	add	D-027
S1-921523090	S3-864039015	add	D-027
S1-921641380	S2-493401815	add	D-027
S1-923530814	S2-251557337	add	D-027
S1-923609620	S3-485863670	add	D-027
S1-923752931	S3-294226332	add	D-027
S1-924239552	S3-713661412	add	D-027
S1-925083438	S3-895560646	add	D-027
S1-925755748	S3-754500776	add	D-027
S1-927659028	S3-277112159	add	D-027
S1-928965236	S2-329731881	add	D-027
S1-929039502	S2-120269003	add	D-027
S1-929974090	S2-420804570	add	D-027
S1-931025277	S2-848077214	add	D-027
S1-931470420	S2-941330295	add	D-027
S1-932566314	S3-957524121	add	D-027
S1-934641248	S2-382798460	add	D-027
S1-934641248	S2-643723916	add	D-027
S1-935021596	S2-783654268	add	D-027
S1-935441408	S2-197217821	add	D-027
S1-935941	S3-896433577	add	D-027
S1-936122570	S2-741461808	add	D-027
S1-938462826	S3-958076910	add	D-027
S1-938779639	S2-460374697	add	D-027
S1-940102188	S3-509060448	add	D-027
S1-940464873	S3-780989280	add	D-027
S1-940505487	S3-984684495	add	D-027
S1-940626511	S3-766551340	add	D-027
S1-940753985	S2-678190723	add	D-027
S1-940973073	S3-809239575	add	D-027
S1-942823683	S2-717119631	add	D-027
S1-945274943	S3-230185282	add	D-027
S1-946753228	S3-167266909	add	D-027
S1-946957360	S2-197002946	add	D-027
S1-947216995	S3-194121018	add	D-027
S1-947635980	S3-814772484	add	D-027
S1-949794934	S2-162289342	add	D-027
S1-950319939	S3-849495703	add	D-027
S1-951026220	S2-308774451	add	D-027
S1-951581190	S2-930172113	add	D-027
S1-952385566	S2-548145944	add	D-027
S1-952385566	S3-290446214	add	D-027
S1-953106911	S2-705778909	add	D-027
S1-953611982	S3-287272542	add	D-027
S1-953891291	S3-861315951	add	D-027
S1-95423760	S3-478870649	add	D-027
S1-955703472	S3-785014779	add	D-027
S1-956417874	S2-442055114	add	D-027
S1-956790491	S2-632823547	add	D-027
S1-956967382	S2-141167653	add	D-027
S1-957459669	S3-96947418	add	D-027
S1-958627837	S2-251361573	add	D-027
S1-958894933	S2-942946925	add	D-027
S1-959591605	S2-812353235	add	D-027
S1-959715214	S3-630135432	add	D-027
S1-962351722	S3-704617492	add	D-027
S1-963191164	S3-971256614	add	D-027
S1-963753798	S3-524475647	add	D-027
S1-965824995	S3-411823982	add	D-027
S1-968448046	S3-967514391	add	D-027
S1-968554967	S2-116699296	add	D-027
S1-968771561	S2-35873351	add	D-027
S1-969567640	S2-705691971	add	D-027
S1-9701710	S3-188389580	add	D-027
S1-972590930	S3-296852541	add	D-027
S1-972618036	S2-506641030	add	D-027
S1-973119366	S3-349992679	add	D-027
S1-973712473	S3-917352540	add	D-027
S1-974368541	S3-936394307	add	D-027
S1-97462720	S2-776081696	add	D-027
S1-977885737	S2-34681125	add	D-027
S1-979489567	S3-227978991	add	D-027
S1-979822428	S2-68480531	add	D-027
S1-981717868	S2-686616171	add	D-027
S1-982207583	S2-193371455	add	D-027
S1-985892166	S2-252815509	add	D-027
S1-986559841	S2-870774556	add	D-027
S1-988310215	S2-597265564	add	D-027
S1-989398949	S2-637021646	add	D-027
S1-989738405	S3-906153003	add	D-027
S1-990559230	S3-236304076	add	D-027
S1-992753881	S2-642555503	add	D-027
S1-994206564	S3-269448865	add	D-027
S1-994255304	S3-223114805	add	D-027
S1-994963144	S2-380122157	add	D-027
S1-996004526	S3-476444844	add	D-027
S1-996834167	S2-459941035	add	D-027
S1-997808660	S3-942030152	add	D-027
S1-999059630	S3-127674286	add	D-027
S1-999096277	S3-750496378	add	D-027
S1-999427679	S3-489053428	add	D-027
S1-100303594	S3-386331708	add	D-028
S1-100726867	S3-194011273	add	D-028
S1-101540762	S2-731242676	add	D-028
S1-102147791	S2-523567738	add	D-028
S1-10227600	S2-10041034	add	D-028
S1-10247221	S2-142691174	add	D-028
S1-102629168	S3-761739104	add	D-028
S1-103249865	S2-721833034	add	D-028
S1-103861062	S2-7265575	add	D-028
S1-104045587	S2-475140445	add	D-028
S1-105769857	S2-137849687	add	D-028
S1-105865669	S2-660385962	add	D-028
S1-106647019	S3-639678589	add	D-028
S1-108004007	S2-300875873	add	D-028
S1-108064003	S3-922845075	add	D-028
S1-108322982	S2-734767873	add	D-028
S1-109099447	S3-993765190	add	D-028
S1-109765076	S2-175984310	add	D-028
S1-109845605	S2-726952728	add	D-028
S1-110414333	S2-295224216	add	D-028
S1-111065898	S3-293607740	add	D-028
S1-111561150	S2-221004377	add	D-028
S1-111884988	S2-354106684	add	D-028
S1-112003236	S2-166334163	add	D-028
S1-112793367	S3-896187056	add	D-028
S1-1134325	S3-943317379	add	D-028
S1-1143822	S3-355017742	add	D-028
S1-114705603	S3-389762335	add	D-028
S1-115468035	S2-902809738	add	D-028
S1-115530300	S2-759890622	add	D-028
S1-116077761	S3-98349632	add	D-028
S1-116708656	S2-977623344	add	D-028
S1-116954876	S3-432469309	add	D-028
S1-117441116	S2-976974422	add	D-028
S1-117637624	S2-545175175	add	D-028
S1-117651227	S2-469308928	add	D-028
S1-118229204	S3-988993248	add	D-028
S1-118682419	S3-815371543	add	D-028
S1-1193421	S3-779923546	add	D-028
S1-11987377	S2-455323194	add	D-028
S1-11990561	S2-81232541	add	D-028
S1-120249125	S2-25156141	add	D-028
S1-120540746	S2-5269512	add	D-028
S1-12054703	S3-597744457	add	D-028
S1-120672967	S2-475759414	add	D-028
S1-121210898	S2-222554158	add	D-028
S1-121216075	S2-807600943	add	D-028
S1-121549816	S2-464285520	add	D-028
S1-122268299	S3-206178453	add	D-028
S1-122573614	S2-738577230	add	D-028
S1-122640302	S2-331376222	add	D-028
S1-122938289	S3-435396203	add	D-028
S1-124111207	S2-842653037	add	D-028
S1-124163279	S2-76880814	add	D-028
S1-125043649	S3-606483436	add	D-028
S1-125413667	S3-409063741	add	D-028
S1-125450136	S3-552657264	add	D-028
S1-125559783	S2-710960657	add	D-028
S1-12592555	S3-722202001	add	D-028
S1-125952499	S2-373506257	add	D-028
S1-126530499	S2-924101637	add	D-028
S1-127032602	S2-425314080	add	D-028
S1-127760692	S3-451910543	add	D-028
S1-127958593	S2-174868564	add	D-028
S1-128350774	S3-587793274	add	D-028
S1-129251756	S3-950960299	add	D-028
S1-129564107	S2-521646987	add	D-028
S1-129695103	S3-585999546	add	D-028
S1-129735978	S2-685418211	add	D-028
S1-130569600	S3-698335457	add	D-028
S1-130703449	S2-68372000	add	D-028
S1-130976397	S3-743541190	add	D-028
S1-131442229	S2-935962767	add	D-028
S1-131826906	S2-617620137	add	D-028
S1-131841517	S2-240821629	add	D-028
S1-132231460	S3-352949318	add	D-028
S1-13236578	S2-495007560	add	D-028
S1-132757207	S3-972184088	add	D-028
S1-13276705	S2-645494032	add	D-028
S1-133123417	S3-136740532	add	D-028
S1-133259607	S3-959539571	add	D-028
S1-13417148	S2-139920089	add	D-028
S1-134836522	S3-713073193	add	D-028
S1-134942203	S2-170712719	add	D-028
S1-135456244	S3-520140659	add	D-028
S1-135561831	S3-684376086	add	D-028
S1-136791064	S3-470400513	add	D-028
S1-136923228	S3-825209975	add	D-028
S1-137183867	S2-114942652	add	D-028
S1-137480459	S3-98215389	add	D-028
S1-138084863	S3-700790318	add	D-028
S1-138170765	S3-819022827	add	D-028
S1-138280605	S2-189543102	add	D-028
S1-138378677	S3-81526390	add	D-028
S1-138449300	S3-322495384	add	D-028
S1-140480649	S3-738037928	add	D-028
S1-140569801	S3-917126038	add	D-028
S1-140689962	S3-774009349	add	D-028
S1-141055012	S3-395671554	add	D-028
S1-141234367	S3-837474342	add	D-028
S1-142184082	S3-812343491	add	D-028
S1-142579704	S3-620335913	add	D-028
S1-14352070	S2-911359219	add	D-028
S1-144051782	S3-531229175	add	D-028
S1-145448090	S3-664429704	add	D-028
S1-145664695	S2-995598209	add	D-028
S1-145741335	S2-898399710	add	D-028
S1-14594007	S3-793640656	add	D-028
S1-146453171	S2-71308431	add	D-028
S1-14679258	S3-282575105	add	D-028
S1-147129057	S2-377990082	add	D-028
S1-147317745	S3-447385368	add	D-028
S1-147741605	S2-877835694	add	D-028
S1-147812595	S3-558202049	add	D-028
S1-147812595	S3-663945262	add	D-028
S1-148348743	S2-396521611	add	D-028
S1-148393809	S2-806405205	add	D-028
S1-148425511	S3-419826695	add	D-028
S1-148701434	S2-86039051	add	D-028
S1-14920264	S2-967917607	add	D-028
S1-149347024	S2-838916868	add	D-028
S1-149441896	S3-674591913	add	D-028
S1-149879723	S2-531156326	add	D-028
S1-150203034	S2-852206957	add	D-028
S1-15046549	S2-192965649	add	D-028
S1-151402646	S3-976710611	add	D-028
S1-151613419	S3-65128101	add	D-028
S1-151847759	S3-638828732	add	D-028
S1-151863430	S2-203630161	add	D-028
S1-15204106	S3-48007155	add	D-028
S1-152359596	S3-582015499	add	D-028
S1-152511002	S2-605045319	add	D-028
S1-153899044	S2-636376164	add	D-028
S1-154075095	S2-104903087	add	D-028
S1-154423300	S3-732820471	add	D-028
S1-154556410	S3-891123763	add	D-028
S1-154618899	S3-170765954	add	D-028
S1-15593218	S3-573389646	add	D-028
S1-156937504	S3-498038894	add	D-028
S1-157071366	S2-410865354	add	D-028
S1-15751301	S3-824147282	add	D-028
S1-158190507	S3-440910143	add	D-028
S1-158221020	S2-897382364	add	D-028
S1-15823914	S3-207494642	add	D-028
S1-15838861	S2-960541234	add	D-028
S1-158397312	S3-224783811	add	D-028
S1-158905263	S2-72589510	add	D-028
S1-159208612	S3-736804865	add	D-028
S1-159559320	S3-594239567	add	D-028
S1-159803806	S3-383154944	add	D-028
S1-160011672	S2-891366478	add	D-028
S1-161153479	S2-973509892	add	D-028
S1-161407897	S3-472670865	add	D-028
S1-161804675	S2-995021766	add	D-028
S1-163261579	S3-615572770	add	D-028
S1-163272563	S2-464294794	add	D-028
S1-163386450	S3-745511371	add	D-028
S1-163405778	S3-361943855	add	D-028
S1-163461167	S2-939137871	add	D-028
S1-16463666	S3-278485944	add	D-028
S1-164741040	S2-917933779	add	D-028
S1-164802659	S2-245659102	add	D-028
S1-165159661	S3-460707003	add	D-028
S1-16580229	S3-248991271	add	D-028
S1-165963049	S3-93696734	add	D-028
S1-166364207	S2-114021015	add	D-028
S1-166448175	S3-86867495	add	D-028
S1-167244611	S2-990516180	add	D-028
S1-168989390	S2-485408939	add	D-028
S1-169049838	S2-289568004	add	D-028
S1-169673249	S2-737796631	add	D-028
S1-169725187	S3-384907515	add	D-028
S1-170594586	S2-775746685	add	D-028
S1-1712814	S3-202345844	add	D-028
S1-171447134	S3-558513901	add	D-028
S1-172063351	S2-59540431	add	D-028
S1-173021750	S3-89175123	add	D-028
S1-173162155	S2-351861619	add	D-028
S1-173306400	S2-118050008	add	D-028
S1-174220175	S3-139284946	add	D-028
S1-174282108	S3-142318418	add	D-028
S1-175091219	S2-575364179	add	D-028
S1-175107608	S3-536664587	add	D-028
S1-175162986	S3-763930787	add	D-028
S1-175651871	S2-607775454	add	D-028
S1-175834313	S3-601347495	add	D-028
S1-175939193	S3-288865286	add	D-028
S1-176229433	S2-361613886	add	D-028
S1-176727779	S3-486967261	add	D-028
S1-177001630	S3-806370743	add	D-028
S1-177481102	S3-315129957	add	D-028
S1-177678081	S2-152526486	add	D-028
S1-177758874	S2-735603878	add	D-028
S1-17787371	S3-794525470	add	D-028
S1-1787243	S2-796043685	add	D-028
S1-178812658	S2-428114792	add	D-028
S1-17889119	S3-899168617	add	D-028
S1-179829557	S2-224088879	add	D-028
S1-179925599	S3-4275964	add	D-028
S1-180145424	S2-977620614	add	D-028
S1-180197330	S3-309256298	add	D-028
S1-180335872	S3-643556609	add	D-028
S1-181719101	S3-184958079	add	D-028
S1-181770979	S3-590173290	add	D-028
S1-182338756	S2-907306472	add	D-028
S1-18239513	S2-830608214	add	D-028
S1-182453132	S2-249715324	add	D-028
S1-184530097	S3-957055957	add	D-028
S1-184600195	S3-297303389	add	D-028
S1-185155872	S2-121549613	add	D-028
S1-185560614	S2-315197984	add	D-028
S1-185858226	S3-740797579	add	D-028
S1-186096181	S3-550332315	add	D-028
S1-186119444	S3-937937255	add	D-028
S1-186289896	S3-596006770	add	D-028
S1-186724522	S3-322277221	add	D-028
S1-18701273	S2-877584708	add	D-028
S1-187105425	S3-982481719	add	D-028
S1-187838724	S2-224324119	add	D-028
S1-188533543	S3-343043798	add	D-028
S1-188587747	S2-581761696	add	D-028
S1-188817903	S2-653647865	add	D-028
S1-189084217	S3-474219734	add	D-028
S1-189666935	S2-707558655	add	D-028
S1-189808103	S3-55126552	add	D-028
S1-190098861	S2-803713866	add	D-028
S1-190469695	S3-601876328	add	D-028
S1-191122453	S3-193045236	add	D-028
S1-191363590	S3-660535789	add	D-028
S1-192220027	S3-388041004	add	D-028
S1-192447507	S3-734763952	add	D-028
S1-192601235	S2-742195207	add	D-028
S1-193338115	S2-510839675	add	D-028
S1-193389166	S3-453194886	add	D-028
S1-194306766	S2-147127177	add	D-028
S1-195206328	S2-463141272	add	D-028
S1-195227146	S3-457963787	add	D-028
S1-195300111	S3-923714444	add	D-028
S1-195347293	S2-245037628	add	D-028
S1-195560669	S2-796426689	add	D-028
S1-195949358	S3-608789068	add	D-028
S1-196152193	S3-784944647	add	D-028
S1-196668391	S2-828671821	add	D-028
S1-197236055	S2-890140664	add	D-028
S1-197618146	S3-925976184	add	D-028
S1-197721283	S3-696138558	add	D-028
S1-197782931	S2-579425994	add	D-028
S1-197859170	S2-693001562	add	D-028
S1-198863725	S2-561563161	add	D-028
S1-19898533	S3-642382757	add	D-028
S1-199251980	S2-411481737	add	D-028
S1-199580169	S3-557938277	add	D-028
S1-19962771	S2-207141187	add	D-028
S1-199848036	S3-272207777	add	D-028
S1-199855	S3-63334629	add	D-028
S1-200043889	S3-334340817	add	D-028
S1-200433174	S2-13011711	add	D-028
S1-200805720	S2-3207498	add	D-028
S1-201651236	S3-793741483	add	D-028
S1-201939179	S2-382529891	add	D-028
S1-202188014	S2-807387635	add	D-028
S1-202552994	S2-807086336	add	D-028
S1-203289643	S2-3702642	add	D-028
S1-203330020	S3-166390760	add	D-028
S1-20340004	S2-108731285	add	D-028
S1-204034197	S2-84978856	add	D-028
S1-204051091	S3-175326393	add	D-028
S1-204397840	S3-585075375	add	D-028
S1-204480200	S3-74165701	add	D-028
S1-204507087	S2-762750879	add	D-028
S1-204565800	S3-4264662	add	D-028
S1-204608458	S2-450487901	add	D-028
S1-204729508	S3-889666141	add	D-028
S1-204735578	S2-557329076	add	D-028
S1-204822166	S3-227646697	add	D-028
S1-204838873	S3-820803661	add	D-028
S1-205666240	S2-765810733	add	D-028
S1-206182453	S3-187060533	add	D-028
S1-206404040	S3-605348682	add	D-028
S1-206512657	S3-613727172	add	D-028
S1-206951340	S3-552773666	add	D-028
S1-20707860	S3-296317208	add	D-028
S1-207100282	S2-847491780	add	D-028
S1-207980535	S3-936571680	add	D-028
S1-207995054	S3-100221150	add	D-028
S1-210533378	S2-599068902	add	D-028
S1-211108998	S3-126778528	add	D-028
S1-211568199	S3-476751110	add	D-028
S1-211890844	S2-317528877	add	D-028
S1-212971319	S2-133624741	add	D-028
S1-213078492	S3-694844409	add	D-028
S1-21361817	S3-634575520	add	D-028
S1-213948918	S3-546687564	add	D-028
S1-214151600	S3-545723631	add	D-028
S1-214542949	S2-747350320	add	D-028
S1-214682322	S2-555510223	add	D-028
S1-214856038	S3-216271200	add	D-028
S1-215270480	S2-371408838	add	D-028
S1-215782448	S2-924996995	add	D-028
S1-216027134	S2-680432709	add	D-028
S1-21654834	S2-848729041	add	D-028
S1-217104100	S3-82237181	add	D-028
S1-21857301	S2-306455114	add	D-028
S1-218957649	S3-949358109	add	D-028
S1-219617441	S2-10468967	add	D-028
S1-219689007	S3-77929410	add	D-028
S1-219703096	S3-810835207	add	D-028
S1-219931980	S2-905324545	add	D-028
S1-220146447	S3-708201042	add	D-028
S1-220195357	S2-10443160	add	D-028
S1-220284149	S2-505952728	add	D-028
S1-220363596	S3-146764278	add	D-028
S1-220807102	S3-725885729	add	D-028
S1-221243452	S3-366428138	add	D-028
S1-221482072	S3-464107870	add	D-028
S1-22215238	S3-789468227	add	D-028
S1-222847667	S3-278497039	add	D-028
S1-223468775	S3-699393171	add	D-028
S1-223600216	S3-98163251	add	D-028
S1-224321379	S2-735375688	add	D-028
S1-22447798	S2-616730981	add	D-028
S1-224750398	S3-383211837	add	D-028
S1-224826169	S3-904201152	add	D-028
S1-224973833	S2-182452949	add	D-028
S1-225796865	S3-594194597	add	D-028
S1-226949541	S3-991621956	add	D-028
S1-227204948	S2-823324858	add	D-028
S1-227832147	S2-427794080	add	D-028
S1-227912467	S3-653602197	add	D-028
S1-228035870	S3-754142732	add	D-028
S1-228551455	S2-541223619	add	D-028
S1-228771672	S2-337419428	add	D-028
S1-228835356	S2-350292942	add	D-028
S1-229531841	S3-8075965	add	D-028
S1-230214069	S2-109183452	add	D-028
S1-230372684	S3-463394057	add	D-028
S1-230575861	S3-259944593	add	D-028
S1-230645889	S2-314662525	add	D-028
S1-230985859	S2-280840865	add	D-028
S1-23192797	S2-330176831	add	D-028
S1-23302237	S3-292329130	add	D-028
S1-233076848	S3-116634863	add	D-028
S1-233201896	S2-235337167	add	D-028
S1-23415507	S3-798439776	add	D-028
S1-234537068	S2-651679989	add	D-028
S1-234720394	S2-325433298	add	D-028
S1-234733182	S3-929170194	add	D-028
S1-234856786	S2-821502041	add	D-028
S1-235121263	S3-68067731	add	D-028
S1-235224964	S3-54643407	add	D-028
S1-235386281	S3-731508102	add	D-028
S1-235411538	S2-645303053	add	D-028
S1-235830067	S2-848603651	add	D-028
S1-235876014	S3-73491855	add	D-028
S1-236434692	S2-834321636	add	D-028
S1-236845379	S3-680489352	add	D-028
S1-237059837	S3-118699013	add	D-028
S1-237091900	S2-356001547	add	D-028
S1-237155737	S2-568695130	add	D-028
S1-238378588	S2-696704749	add	D-028
S1-238854863	S2-60719556	add	D-028
S1-238973801	S3-283107315	add	D-028
S1-239334307	S2-114553365	add	D-028
S1-239527575	S3-950969655	add	D-028
S1-239889533	S2-921043773	add	D-028
S1-240156286	S2-382347420	add	D-028
S1-240173398	S2-970740783	add	D-028
S1-240509558	S3-38296499	add	D-028
S1-240847988	S2-850734245	add	D-028
S1-241319628	S3-572844917	add	D-028
S1-241425190	S2-230649056	add	D-028
S1-241547898	S3-799586325	add	D-028
S1-242387606	S3-846638994	add	D-028
S1-243157720	S3-323054252	add	D-028
S1-243380288	S2-749211564	add	D-028
S1-243380844	S2-217465805	add	D-028
S1-243846485	S3-519577450	add	D-028
S1-243921473	S3-346891663	add	D-028
S1-244133171	S3-142962801	add	D-028
S1-24426007	S2-733311110	add	D-028
S1-244430892	S2-105983521	add	D-028
S1-245056778	S3-174084703	add	D-028
S1-245335214	S3-265219361	add	D-028
S1-245994589	S2-80235155	add	D-028
S1-246142619	S2-16496229	add	D-028
S1-246465747	S2-609923139	add	D-028
S1-24686800	S2-585680149	add	D-028
S1-246957305	S3-184288160	add	D-028
S1-24742443	S2-782160771	add	D-028
S1-247786489	S2-297811503	add	D-028
S1-247880343	S3-297340167	add	D-028
S1-24822415	S2-680472729	add	D-028
S1-248239597	S2-645801849	add	D-028
S1-248579104	S2-616596238	add	D-028
S1-248688547	S3-65812042	add	D-028
S1-248811497	S2-831850768	add	D-028
S1-249092749	S2-24497081	add	D-028
S1-249990200	S3-464178294	add	D-028
S1-252210552	S2-30435925	add	D-028
S1-252296116	S3-250460428	add	D-028
S1-252778639	S3-900223840	add	D-028
S1-25300601	S2-535663353	add	D-028
S1-253333600	S3-104403154	add	D-028
S1-253419451	S2-278841666	add	D-028
S1-253882261	S2-231411919	add	D-028
S1-254420428	S3-953491226	add	D-028
S1-254884831	S3-708334098	add	D-028
S1-254911558	S2-266782574	add	D-028
S1-255383809	S2-726869961	add	D-028
S1-255643171	S3-454088611	add	D-028
S1-256129714	S2-328678278	add	D-028
S1-256944573	S2-417026767	add	D-028
S1-257329636	S2-611095322	add	D-028
S1-258341406	S2-372683686	add	D-028
S1-258702324	S2-535187172	add	D-028
S1-259169558	S3-824829275	add	D-028
S1-259475020	S2-434310026	add	D-028
S1-259983641	S2-435823039	add	D-028
S1-260430742	S2-61014000	add	D-028
S1-260664305	S2-863310331	add	D-028
S1-261200981	S3-963392613	add	D-028
S1-261353980	S2-364157320	add	D-028
S1-261432518	S3-9469197	add	D-028
S1-262067475	S2-199896773	add	D-028
S1-262901073	S2-178987926	add	D-028
S1-263884276	S2-502931624	add	D-028
S1-264478839	S3-535119885	add	D-028
S1-264488765	S3-217144977	add	D-028
S1-264678066	S2-926056299	add	D-028
S1-264783265	S2-17614971	add	D-028
S1-265118258	S3-729911455	add	D-028
S1-265561546	S3-864125822	add	D-028
S1-265826491	S2-64642199	add	D-028
S1-26614403	S2-433063494	add	D-028
S1-267187014	S3-807538141	add	D-028
S1-267416636	S3-289264313	add	D-028
S1-267573141	S3-430035313	add	D-028
S1-268083499	S2-407753402	add	D-028
S1-269011770	S2-959486392	add	D-028
S1-269020700	S3-712402385	add	D-028
S1-269143465	S2-145555407	add	D-028
S1-269174762	S3-188401940	add	D-028
S1-269890350	S3-444643228	add	D-028
S1-270422274	S2-853633809	add	D-028
S1-270471092	S3-985448165	add	D-028
S1-270547478	S2-998388891	add	D-028
S1-271200850	S3-71181045	add	D-028
S1-271998527	S3-294683192	add	D-028
S1-272896138	S2-376078538	add	D-028
S1-274248046	S3-956871349	add	D-028
S1-274836841	S2-864611448	add	D-028
S1-275177173	S2-652632163	add	D-028
S1-275304069	S3-508943396	add	D-028
S1-275719998	S2-452705534	add	D-028
S1-275733022	S2-430147356	add	D-028
S1-275950340	S2-323483879	add	D-028
S1-276520792	S2-87808118	add	D-028
S1-276711042	S2-127427330	add	D-028
S1-277281628	S2-448919551	add	D-028
S1-278694461	S3-334915323	add	D-028
S1-279289480	S2-230104002	add	D-028
S1-27946026	S2-874629517	add	D-028
S1-280221172	S2-442124826	add	D-028
S1-280813185	S2-185278294	add	D-028
S1-28228988	S3-172187631	add	D-028
S1-282309963	S2-230476409	add	D-028
S1-282464151	S3-301715628	add	D-028
S1-282475448	S2-11886133	add	D-028
S1-282478779	S2-496890525	add	D-028
S1-282699343	S3-914473081	add	D-028
S1-283325098	S3-652149483	add	D-028
S1-283399727	S2-981761852	add	D-028
S1-283495088	S3-868901109	add	D-028
S1-284225131	S3-613831120	add	D-028
S1-284310104	S3-970601106	add	D-028
S1-284425323	S2-382896159	add	D-028
S1-284677423	S2-761996898	add	D-028
S1-28519154	S3-682104587	add	D-028
S1-285933388	S2-930876377	add	D-028
S1-286303100	S3-642694960	add	D-028
S1-286811807	S2-465741098	add	D-028
S1-287751143	S3-742720540	add	D-028
S1-287981072	S3-406531726	add	D-028
S1-288210391	S2-374154490	add	D-028
S1-288671332	S2-849384438	add	D-028
S1-288707699	S2-570351185	add	D-028
S1-288825627	S3-332064578	add	D-028
S1-28896255	S2-417345172	add	D-028
S1-289697475	S2-475361358	add	D-028
S1-290700105	S3-649320523	add	D-028
S1-291014306	S3-970596205	add	D-028
S1-293123205	S3-626846907	add	D-028
S1-293785889	S3-136181447	add	D-028
S1-294211827	S2-454760791	add	D-028
S1-294276673	S3-590249967	add	D-028
S1-294640437	S3-726071253	add	D-028
S1-294837528	S3-20423228	add	D-028
S1-295223753	S2-607227086	add	D-028
S1-295416838	S3-303612176	add	D-028
S1-296585536	S2-80503939	add	D-028
S1-297011506	S3-208604542	add	D-028
S1-297366322	S2-961244338	add	D-028
S1-29783822	S3-625053675	add	D-028
S1-29783873	S2-418923961	add	D-028
S1-298085554	S3-619802344	add	D-028
S1-298179297	S2-698104624	add	D-028
S1-29831415	S3-884697260	add	D-028
S1-298952819	S3-645552653	add	D-028
S1-299264308	S3-210822400	add	D-028
S1-299297732	S2-295324174	add	D-028
S1-299585770	S2-10724100	add	D-028
S1-299843723	S3-56455988	add	D-028
S1-299860586	S3-756167548	add	D-028
S1-300271744	S2-276551381	add	D-028
S1-301144642	S2-629181809	add	D-028
S1-301252579	S3-831560527	add	D-028
S1-302128454	S3-173690878	add	D-028
S1-302170927	S3-774498485	add	D-028
S1-302283484	S3-363738143	add	D-028
S1-302524779	S3-690453318	add	D-028
S1-30268244	S3-434051045	add	D-028
S1-30334515	S2-307595818	add	D-028
S1-303597986	S2-33945051	add	D-028
S1-303841172	S2-367452157	add	D-028
S1-303933163	S2-891295520	add	D-028
S1-304543901	S3-609788429	add	D-028
S1-304950813	S3-157084621	add	D-028
S1-30553745	S2-402632201	add	D-028
S1-305703842	S3-596179981	add	D-028
S1-306234879	S3-844621509	add	D-028
S1-306357432	S3-192134211	add	D-028
S1-306589968	S3-893987768	add	D-028
S1-307059892	S2-419866569	add	D-028
S1-307213354	S2-754068591	add	D-028
S1-307228838	S2-463201772	add	D-028
S1-30820741	S2-691810093	add	D-028
S1-308775168	S3-933327783	add	D-028
S1-309242348	S2-676866880	add	D-028
S1-309672406	S3-562979835	add	D-028
S1-309726074	S3-250623604	add	D-028
S1-310058889	S3-969448588	add	D-028
S1-310059663	S2-166226038	add	D-028
S1-310403303	S3-666554578	add	D-028
S1-310515261	S2-303694879	add	D-028
S1-310706413	S2-655362838	add	D-028
S1-310774392	S3-466695928	add	D-028
S1-310922281	S2-503495931	add	D-028
S1-311385584	S3-260227129	add	D-028
S1-311893319	S2-95522052	add	D-028
S1-311933095	S2-10584000	add	D-028
S1-311988754	S2-153274028	add	D-028
S1-312028516	S3-723763153	add	D-028
S1-312254459	S2-286939393	add	D-028
S1-312756171	S3-615125785	add	D-028
S1-31286447	S3-125950389	add	D-028
S1-312885973	S2-78558827	add	D-028
S1-31333305	S3-681895780	add	D-028
S1-313467489	S2-184236906	add	D-028
S1-314543058	S2-719902542	add	D-028
S1-314661155	S2-240365112	add	D-028
S1-314913853	S2-598026992	add	D-028
S1-315365286	S3-504262058	add	D-028
S1-316032596	S2-959950843	add	D-028
S1-31622694	S3-208786630	add	D-028
S1-316557364	S2-470148680	add	D-028
S1-316817105	S3-818758416	add	D-028
S1-317814424	S2-945436349	add	D-028
S1-317913920	S3-72774745	add	D-028
S1-318410242	S2-124151230	add	D-028
S1-31955770	S2-456666442	add	D-028
S1-320319718	S2-673163194	add	D-028
S1-32034158	S3-601198586	add	D-028
S1-32039715	S3-33358171	add	D-028
S1-321363581	S2-155948407	add	D-028
S1-322111947	S2-720884508	add	D-028
S1-322469246	S2-534631617	add	D-028
S1-323185480	S2-840170924	add	D-028
S1-323212344	S3-944388571	add	D-028
S1-323263804	S2-204818808	add	D-028
S1-323471921	S2-943625282	add	D-028
S1-323662909	S2-490244279	add	D-028
S1-324300860	S2-922271451	add	D-028
S1-324851862	S2-948910472	add	D-028
S1-325305622	S2-769040406	add	D-028
S1-325305622	S3-446475511	add	D-028
S1-3257601	S3-136993345	add	D-028
S1-325902198	S2-939666855	add	D-028
S1-326378042	S2-779182172	add	D-028
S1-327228231	S2-807700109	add	D-028
S1-32780353	S3-756216618	add	D-028
S1-32788503	S3-206043490	add	D-028
S1-328162695	S2-306034440	add	D-028
S1-328171589	S2-762534501	add	D-028
S1-328339012	S2-648393608	add	D-028
S1-328604907	S3-123755964	add	D-028
S1-328717943	S3-936727499	add	D-028
S1-329707229	S3-746279882	add	D-028
S1-330051424	S2-473239254	add	D-028
S1-33057475	S2-346369968	add	D-028
S1-331337577	S2-252771964	add	D-028
S1-331402387	S3-269468478	add	D-028
S1-331429305	S2-79328110	add	D-028
S1-331467119	S2-9028550	add	D-028
S1-331723452	S2-287737971	add	D-028
S1-331739566	S3-755097149	add	D-028
S1-332428540	S3-448783151	add	D-028
S1-332936777	S3-780946641	add	D-028
S1-333045676	S2-573730540	add	D-028
S1-333150936	S3-523541243	add	D-028
S1-333579743	S3-388802792	add	D-028
S1-333599007	S2-249762280	add	D-028
S1-334336785	S3-483333620	add	D-028
S1-334615101	S3-712655870	add	D-028
S1-334922936	S2-303905771	add	D-028
S1-334927051	S2-36619146	add	D-028
S1-335290592	S3-284511977	add	D-028
S1-335628257	S3-634506446	add	D-028
S1-33571378	S2-817158134	add	D-028
S1-335728343	S3-981909925	add	D-028
S1-335994495	S2-895939007	add	D-028
S1-336513137	S2-594566552	add	D-028
S1-338144664	S3-625344763	add	D-028
S1-338501392	S3-925059992	add	D-028
S1-339033507	S2-71806938	add	D-028
S1-339034161	S3-749583407	add	D-028
S1-339865210	S3-171749459	add	D-028
S1-339942113	S2-416018446	add	D-028
S1-340238966	S3-288073184	add	D-028
S1-340587179	S3-326731288	add	D-028
S1-341515427	S2-996277552	add	D-028
S1-341563022	S3-621885103	add	D-028
S1-341981336	S2-672166765	add	D-028
S1-342663697	S3-716603296	add	D-028
S1-342950312	S2-183635933	add	D-028
S1-343580815	S3-848471297	add	D-028
S1-343953016	S2-510530209	add	D-028
S1-344052577	S3-915602173	add	D-028
S1-34432494	S2-605940759	add	D-028
S1-344887212	S2-639307215	add	D-028
S1-3454083	S2-297835516	add	D-028
S1-345623914	S3-88476567	add	D-028
S1-345716900	S2-832421152	add	D-028
S1-345724215	S3-717147127	add	D-028
S1-345928501	S3-122060036	add	D-028
S1-346452387	S3-538655155	add	D-028
S1-346840040	S2-214551033	add	D-028
S1-34696332	S3-935998260	add	D-028
S1-347055715	S2-258018656	add	D-028
S1-347534865	S3-755798064	add	D-028
S1-347990210	S3-331963769	add	D-028
S1-348067689	S3-660786164	add	D-028
S1-348401717	S2-920015286	add	D-028
S1-34871031	S3-699521750	add	D-028
S1-348944176	S2-829346880	add	D-028
S1-349646494	S2-415067434	add	D-028
S1-349667490	S2-635870920	add	D-028
S1-349687921	S2-107645792	add	D-028
S1-350536519	S3-550963842	add	D-028
S1-350871672	S3-968845687	add	D-028
S1-351120548	S3-351487151	add	D-028
S1-351188276	S2-688666694	add	D-028
S1-351883049	S3-320668942	add	D-028
S1-352129169	S3-462888251	add	D-028
S1-352238891	S2-393214611	add	D-028
S1-352433924	S3-186770057	add	D-028
S1-353437900	S2-635021463	add	D-028
S1-353437900	S3-627040411	add	D-028
S1-353707688	S2-558200907	add	D-028
S1-353897674	S2-983635247	add	D-028
S1-354518852	S3-621573740	add	D-028
S1-354563060	S3-225435426	add	D-028
S1-354760785	S2-249793626	add	D-028
S1-355964850	S3-906834342	add	D-028
S1-356237354	S3-337177597	add	D-028
S1-3566114	S2-538637415	add	D-028
S1-356851021	S2-545154296	add	D-028
S1-358181983	S3-878783853	add	D-028
S1-358347425	S2-852022618	add	D-028
S1-358628265	S3-263795987	add	D-028
S1-360091487	S3-658119539	add	D-028
S1-361214765	S2-654082069	add	D-028
S1-361303296	S2-621083420	add	D-028
S1-361885304	S3-586671069	add	D-028
S1-361992162	S2-139406739	add	D-028
S1-362506081	S2-650513501	add	D-028
S1-362670780	S3-523454290	add	D-028
S1-362711653	S3-60109877	add	D-028
S1-362843487	S2-214323045	add	D-028
S1-362848655	S3-20842196	add	D-028
S1-363037015	S3-906169625	add	D-028
S1-363183385	S2-347088948	add	D-028
S1-36400356	S2-710690255	add	D-028
S1-364539503	S2-418748332	add	D-028
S1-364648648	S3-272874036	add	D-028
S1-364990789	S2-795359625	add	D-028
S1-365463233	S2-299297477	add	D-028
S1-365463233	S2-758226442	add	D-028
S1-366084771	S3-721962906	add	D-028
S1-366096630	S2-286193126	add	D-028
S1-366416428	S3-377597939	add	D-028
S1-366653203	S3-348450295	add	D-028
S1-366918971	S3-149377274	add	D-028
S1-367432570	S2-538292418	add	D-028
S1-367535062	S2-892087979	add	D-028
S1-367581478	S3-654859467	add	D-028
S1-367948236	S3-712055577	add	D-028
S1-368158203	S2-296678078	add	D-028
S1-368536703	S3-292614787	add	D-028
S1-368550028	S2-646884235	add	D-028
S1-368604292	S3-462140923	add	D-028
S1-368803714	S3-184481851	add	D-028
S1-368853193	S2-744331061	add	D-028
S1-369529122	S2-842290627	add	D-028
S1-369908723	S2-955785940	add	D-028
S1-370093527	S3-635276488	add	D-028
S1-370173966	S2-633374819	add	D-028
S1-370401615	S2-300268465	add	D-028
S1-371089738	S3-423510199	add	D-028
S1-371217362	S3-223286276	add	D-028
S1-371447929	S2-234504690	add	D-028
S1-371651348	S3-283304326	add	D-028
S1-371652890	S2-361960149	add	D-028
S1-37177839	S2-181883459	add	D-028
S1-372627489	S2-599649921	add	D-028
S1-373299837	S3-383720157	add	D-028
S1-374321121	S3-68031800	add	D-028
S1-374421437	S2-72973838	add	D-028
S1-375011103	S2-826093086	add	D-028
S1-375219263	S3-117183995	add	D-028
S1-375686446	S2-250706931	add	D-028
S1-375725544	S3-788712298	add	D-028
S1-376087432	S2-358006263	add	D-028
S1-376400086	S2-895673943	add	D-028
S1-376477863	S2-177643582	add	D-028
S1-376555123	S2-981403864	add	D-028
S1-37658318	S2-825150081	add	D-028
S1-37680673	S2-678983131	add	D-028
S1-376827329	S3-180673467	add	D-028
S1-376860108	S2-693166288	add	D-028
S1-378064047	S2-294360494	add	D-028
S1-378535410	S2-808317152	add	D-028
S1-379434382	S2-339715194	add	D-028
S1-379651526	S2-584591784	add	D-028
S1-380260434	S3-382102419	add	D-028
S1-380571520	S2-890312169	add	D-028
S1-380978014	S2-94329240	add	D-028
S1-381387589	S3-214563373	add	D-028
S1-381473869	S2-318034534	add	D-028
S1-381473869	S2-826466290	add	D-028
S1-381739326	S2-645382034	add	D-028
S1-381852531	S3-815313713	add	D-028
S1-382417689	S2-704010068	add	D-028
S1-382766257	S3-71468418	add	D-028
S1-383389113	S3-550337111	add	D-028
S1-38426975	S3-828777844	add	D-028
S1-384788908	S3-941614319	add	D-028
S1-386041844	S3-810500520	add	D-028
S1-386329811	S2-757679805	add	D-028
S1-386370489	S2-236552418	add	D-028
S1-386658217	S3-271388751	add	D-028
S1-386783877	S2-272056043	add	D-028
S1-388139246	S2-634909344	add	D-028
S1-388287946	S2-563436274	add	D-028
S1-388450590	S2-242520413	add	D-028
S1-38876624	S3-416897858	add	D-028
S1-390138405	S2-487063810	add	D-028
S1-390200011	S2-830861194	add	D-028
S1-390745696	S3-946469291	add	D-028
S1-391838556	S2-252885163	add	D-028
S1-392353842	S2-685863825	add	D-028
S1-392391984	S3-860061338	add	D-028
S1-392479899	S2-305462051	add	D-028
S1-393070746	S2-196375677	add	D-028
S1-394021050	S2-622585200	add	D-028
S1-394039922	S2-448863150	add	D-028
S1-394647882	S3-183650083	add	D-028
S1-395304793	S2-639671986	add	D-028
S1-395631257	S3-649065225	add	D-028
S1-395919453	S2-56903479	add	D-028
S1-396748631	S2-543582605	add	D-028
S1-397671591	S2-119170291	add	D-028
S1-398020238	S2-311517901	add	D-028
S1-398024630	S3-698465631	add	D-028
S1-398761460	S3-402348840	add	D-028
S1-399089321	S3-880515009	add	D-028
S1-399653371	S2-893199234	add	D-028
S1-39966138	S3-536200067	add	D-028
S1-399686434	S2-841988410	add	D-028
S1-3998914	S2-274513482	add	D-028
S1-40037921	S3-346388862	add	D-028
S1-400491022	S3-766624873	add	D-028
S1-4005949	S3-609465039	add	D-028
S1-402205051	S2-429908570	add	D-028
S1-403272416	S2-579103005	add	D-028
S1-403621349	S2-956271635	add	D-028
S1-403661409	S2-115677844	add	D-028
S1-403902041	S3-900394121	add	D-028
S1-404066763	S2-681333916	add	D-028
S1-404139731	S2-711303247	add	D-028
S1-404473150	S2-108234561	add	D-028
S1-404506204	S3-904931378	add	D-028
S1-404559289	S2-351188422	add	D-028
S1-404906790	S2-426394422	add	D-028
S1-404927178	S3-388111377	add	D-028
S1-405191855	S2-690879268	add	D-028
S1-405501374	S3-444247797	add	D-028
S1-406979603	S2-426890986	add	D-028
S1-407088225	S2-441211432	add	D-028
S1-407138066	S2-433265387	add	D-028
S1-4073976	S3-172443712	add	D-028
S1-407958394	S3-976529414	add	D-028
S1-407994223	S2-440984893	add	D-028
S1-408178712	S3-154178894	add	D-028
S1-408373525	S3-742161803	add	D-028
S1-408579909	S2-498464781	add	D-028
S1-408992781	S2-66794394	add	D-028
S1-409046555	S2-129539166	add	D-028
S1-409325389	S3-527213963	add	D-028
S1-409456257	S2-635849057	add	D-028
S1-409839737	S3-954508710	add	D-028
S1-409966220	S3-123775763	add	D-028
S1-410091689	S2-292508716	add	D-028
S1-410221592	S2-837641829	add	D-028
S1-410381660	S2-291339053	add	D-028
S1-410573756	S2-138729160	add	D-028
S1-41059384	S2-625626483	add	D-028
S1-411218759	S2-582146662	add	D-028
S1-411312133	S2-710480668	add	D-028
S1-411329165	S2-722686471	add	D-028
S1-412224365	S2-833500535	add	D-028
S1-41238538	S2-42626608	add	D-028
S1-41246759	S2-537902284	add	D-028
S1-412520702	S2-373038046	add	D-028
S1-412775861	S3-617143157	add	D-028
S1-412805507	S2-620348620	add	D-028
S1-412876201	S2-941839168	add	D-028
S1-413388520	S3-155406090	add	D-028
S1-413400634	S3-491741896	add	D-028
S1-413424700	S2-277139004	add	D-028
S1-413743979	S2-349584596	add	D-028
S1-413943123	S2-889974388	add	D-028
S1-414761236	S2-949084072	add	D-028
S1-414770505	S2-686180215	add	D-028
S1-414777931	S2-324872260	add	D-028
S1-415165691	S3-424763249	add	D-028
S1-415562935	S2-774323067	add	D-028
S1-417049216	S2-654073084	add	D-028
S1-417169292	S2-815237058	add	D-028
S1-417265950	S3-377993056	add	D-028
S1-417423844	S2-920173951	add	D-028
S1-417496407	S2-446034794	add	D-028
S1-417617663	S2-906112404	add	D-028
S1-417975733	S3-66458687	add	D-028
S1-418006873	S2-809780285	add	D-028
S1-418762867	S3-952651140	add	D-028
S1-419040721	S3-488089256	add	D-028
S1-419375085	S3-686937682	add	D-028
S1-419622988	S3-497001157	add	D-028
S1-420583220	S2-994200889	add	D-028
S1-421883443	S3-32448779	add	D-028
S1-421991820	S2-48496778	add	D-028
S1-422021493	S2-755149294	add	D-028
S1-422429253	S2-717022478	add	D-028
S1-423162768	S3-160209521	add	D-028
S1-423180526	S3-97956392	add	D-028
S1-424388452	S2-132319863	add	D-028
S1-424438040	S2-197580677	add	D-028
S1-424483583	S2-475839223	add	D-028
S1-42484917	S2-872455784	add	D-028
S1-424902250	S3-105749809	add	D-028
S1-42543489	S3-356576603	add	D-028
S1-42657212	S3-407455585	add	D-028
S1-426792334	S2-467575678	add	D-028
S1-427316996	S2-257324687	add	D-028
S1-428334973	S2-65573657	add	D-028
S1-428483500	S3-325180784	add	D-028
S1-428702865	S2-322849312	add	D-028
S1-428854804	S2-394032159	add	D-028
S1-429342560	S2-250475448	add	D-028
S1-429403726	S2-808867743	add	D-028
S1-431162620	S2-552461007	add	D-028
S1-431580988	S2-536829485	add	D-028
S1-43167304	S3-16077387	add	D-028
S1-431982457	S3-987439225	add	D-028
S1-432552518	S2-198714567	add	D-028
S1-432732901	S3-532257327	add	D-028
S1-432733354	S2-305513557	add	D-028
S1-433552807	S2-316967561	add	D-028
S1-434552240	S3-671087234	add	D-028
S1-435112933	S3-193188287	add	D-028
S1-435549130	S2-145968728	add	D-028
S1-435989629	S3-919441329	add	D-028
S1-436014104	S2-693530027	add	D-028
S1-436188453	S3-721473781	add	D-028
S1-43747092	S2-554129659	add	D-028
S1-437650845	S2-375263071	add	D-028
S1-438302813	S3-850462601	add	D-028
S1-438412521	S3-273405839	add	D-028
S1-439064437	S3-152540504	add	D-028
S1-439071378	S2-870443120	add	D-028
S1-439147407	S2-118708488	add	D-028
S1-439709967	S2-520345694	add	D-028
S1-439745679	S3-183200823	add	D-028
S1-439998601	S3-754278599	add	D-028
S1-440146624	S2-579769135	add	D-028
S1-440186746	S3-170202607	add	D-028
S1-44037417	S2-431905467	add	D-028
S1-44050038	S2-75818334	add	D-028
S1-440839713	S3-827104165	add	D-028
S1-441049540	S2-965064084	add	D-028
S1-441076968	S3-826211723	add	D-028
S1-441339830	S2-850391624	add	D-028
S1-441767061	S2-936380240	add	D-028
S1-441803515	S3-793901533	add	D-028
S1-441930115	S3-499913443	add	D-028
S1-442004488	S3-940560323	add	D-028
S1-442200363	S2-697921119	add	D-028
S1-442564765	S3-125748181	add	D-028
S1-442590151	S3-457876104	add	D-028
S1-442709173	S3-518825021	add	D-028
S1-442791013	S3-520951070	add	D-028
S1-442957352	S3-781959859	add	D-028
S1-443330915	S3-675585785	add	D-028
S1-443942360	S3-943398507	add	D-028
S1-444114992	S3-125898168	add	D-028
S1-444145319	S3-783415987	add	D-028
S1-444488710	S3-223027003	add	D-028
S1-446089473	S2-723532052	add	D-028
S1-447481765	S2-248316984	add	D-028
S1-447481765	S2-88242465	add	D-028
S1-447580460	S3-800925523	add	D-028
S1-448413949	S2-710543282	add	D-028
S1-448451632	S3-302163482	add	D-028
S1-448640551	S3-526423666	add	D-028
S1-449592334	S3-143032491	add	D-028
S1-449625139	S2-668397584	add	D-028
S1-450405691	S2-688985602	add	D-028
S1-450831736	S2-249391344	add	D-028
S1-451131393	S3-31063983	add	D-028
S1-452018672	S3-596214502	add	D-028
S1-452165865	S2-602636614	add	D-028
S1-452191381	S2-939488309	add	D-028
S1-452950395	S3-246653495	add	D-028
S1-453868649	S2-277836893	add	D-028
S1-454550562	S3-162491166	add	D-028
S1-454784276	S2-862708040	add	D-028
S1-455209466	S2-597740180	add	D-028
S1-455872739	S2-260236511	add	D-028
S1-456196541	S3-962624838	add	D-028
S1-457340810	S2-661404694	add	D-028
S1-457669041	S3-966227163	add	D-028
S1-457803747	S2-706469477	add	D-028
S1-458718427	S2-346793291	add	D-028
S1-460076636	S3-95517094	add	D-028
S1-460287996	S3-584625404	add	D-028
S1-460885865	S3-227897408	add	D-028
S1-461426214	S2-77153702	add	D-028
S1-461628382	S2-124270610	add	D-028
S1-461651046	S3-50565710	add	D-028
S1-461765980	S3-201694423	add	D-028
S1-462144018	S3-189655658	add	D-028
S1-463419932	S3-388708266	add	D-028
S1-46362475	S2-543255478	add	D-028
S1-463719428	S3-189735188	add	D-028
S1-464255620	S3-510666585	add	D-028
S1-464343292	S2-989591030	add	D-028
S1-465284323	S2-177795172	add	D-028
S1-465600339	S2-444622871	add	D-028
S1-465851315	S2-711251769	add	D-028
S1-466016896	S3-668173294	add	D-028
S1-466418718	S2-964824075	add	D-028
S1-466773390	S2-60014451	add	D-028
S1-466806158	S3-769804851	add	D-028
S1-46720260	S2-238171470	add	D-028
S1-467878222	S2-368109618	add	D-028
S1-468010913	S2-223158628	add	D-028
S1-468115810	S2-941476015	add	D-028
S1-468864337	S3-935222913	add	D-028
S1-470170861	S3-853949861	add	D-028
S1-471065283	S3-385795116	add	D-028
S1-471326351	S2-461420820	add	D-028
S1-471565004	S2-741814629	add	D-028
S1-471583686	S2-395260266	add	D-028
S1-472823648	S3-941728254	add	D-028
S1-472896581	S3-442772504	add	D-028
S1-473063036	S3-811596411	add	D-028
S1-473238877	S3-39530985	add	D-028
S1-47375868	S2-260031306	add	D-028
S1-47389348	S2-98389046	add	D-028
S1-474349904	S3-228159680	add	D-028
S1-474561929	S2-131838688	add	D-028
S1-475101363	S2-612213459	add	D-028
S1-47512351	S2-910009052	add	D-028
S1-475629207	S3-407518894	add	D-028
S1-475755962	S2-487523046	add	D-028
S1-476421173	S3-637695001	add	D-028
S1-476684949	S2-876301714	add	D-028
S1-478105396	S3-696452421	add	D-028
S1-478181641	S3-395248392	add	D-028
S1-478497335	S2-478159087	add	D-028
S1-478671983	S2-929473793	add	D-028
S1-478712118	S3-286044413	add	D-028
S1-478795868	S2-800939510	add	D-028
S1-479492367	S3-935404640	add	D-028
S1-48032408	S2-342448931	add	D-028
S1-480943198	S2-955364285	add	D-028
S1-481243870	S2-375253882	add	D-028
S1-481373096	S2-669540530	add	D-028
S1-481879752	S3-89313935	add	D-028
S1-481917151	S2-897273274	add	D-028
S1-482478330	S2-342855489	add	D-028
S1-48254025	S3-887779004	add	D-028
S1-483297866	S2-267030954	add	D-028
S1-483452402	S2-206453524	add	D-028
S1-48361667	S2-909117261	add	D-028
S1-483712425	S2-217813531	add	D-028
S1-483860464	S2-189539207	add	D-028
S1-484444937	S2-171721730	add	D-028
S1-485987265	S2-730440029	add	D-028
S1-486137459	S2-235545356	add	D-028
S1-487385517	S3-440742993	add	D-028
S1-487415826	S3-141917159	add	D-028
S1-487646070	S3-511334833	add	D-028
S1-488077222	S2-524191139	add	D-028
S1-48823889	S2-386758374	add	D-028
S1-488374935	S2-976082849	add	D-028
S1-488794496	S2-283898208	add	D-028
S1-489316690	S2-359535851	add	D-028
S1-489402340	S3-718646193	add	D-028
S1-489478113	S2-126096982	add	D-028
S1-489485602	S2-808345778	add	D-028
S1-489609224	S3-489019097	add	D-028
S1-489900471	S3-132479446	add	D-028
S1-490479850	S2-164645123	add	D-028
S1-490767043	S3-763306013	add	D-028
S1-490853499	S3-170794893	add	D-028
S1-490947838	S3-985119926	add	D-028
S1-491263703	S3-975658851	add	D-028
S1-491520994	S3-18936217	add	D-028
S1-491790843	S3-635041306	add	D-028
S1-4925115	S2-221309720	add	D-028
S1-492728360	S3-540001906	add	D-028
S1-492919190	S3-630113360	add	D-028
S1-492957473	S2-768084823	add	D-028
S1-493352773	S3-906319604	add	D-028
S1-493814154	S2-668120082	add	D-028
S1-493875783	S3-270482059	add	D-028
S1-493893235	S3-121768664	add	D-028
S1-494797359	S2-105442534	add	D-028
S1-495150363	S3-527141643	add	D-028
S1-495390722	S2-359462789	add	D-028
S1-495435571	S2-221179936	add	D-028
S1-495910514	S3-782163607	add	D-028
S1-496160257	S3-104399192	add	D-028
S1-496219621	S2-679573680	add	D-028
S1-497006604	S2-879281708	add	D-028
S1-497303880	S3-33198952	add	D-028
S1-49826958	S3-650161975	add	D-028
S1-498312661	S2-68182102	add	D-028
S1-498885108	S2-938672597	add	D-028
S1-499603947	S3-504442863	add	D-028
S1-499636539	S2-576180109	add	D-028
S1-499751856	S2-600325268	add	D-028
S1-499773511	S3-449482879	add	D-028
S1-500621857	S3-485973520	add	D-028
S1-501244412	S2-530027777	add	D-028
S1-501715714	S3-977540547	add	D-028
S1-502401408	S2-882338851	add	D-028
S1-502443794	S2-357034812	add	D-028
S1-50260462	S2-773561210	add	D-028
S1-502852455	S3-38315389	add	D-028
S1-503181834	S3-444742980	add	D-028
S1-503210210	S3-599339997	add	D-028
S1-503245068	S2-591412465	add	D-028
S1-503406443	S2-644297285	add	D-028
S1-503555266	S2-415535093	add	D-028
S1-503574513	S2-582792459	add	D-028
S1-50377148	S2-513012896	add	D-028
S1-504037437	S3-108695933	add	D-028
S1-505008594	S2-301712603	add	D-028
S1-50511652	S2-911378738	add	D-028
S1-506399088	S2-454431867	add	D-028
S1-506487236	S3-456950084	add	D-028
S1-506510301	S3-747270156	add	D-028
S1-506896624	S2-776620895	add	D-028
S1-506956353	S2-49931202	add	D-028
S1-507292813	S3-556308591	add	D-028
S1-507745991	S2-107478337	add	D-028
S1-507750320	S2-991741927	add	D-028
S1-508189001	S2-673548646	add	D-028
S1-508444311	S3-221328027	add	D-028
S1-508592147	S3-134197419	add	D-028
S1-50941326	S2-413244663	add	D-028
S1-509469271	S2-507207203	add	D-028
S1-509991651	S2-328087634	add	D-028
S1-510221412	S3-701894074	add	D-028
S1-510498415	S3-73052449	add	D-028
S1-510881531	S3-11341961	add	D-028
S1-511203919	S3-856220738	add	D-028
S1-512235524	S2-976461634	add	D-028
S1-512498744	S2-52573380	add	D-028
S1-51267479	S2-323883330	add	D-028
S1-514557217	S3-96327934	add	D-028
S1-51476992	S2-583924030	add	D-028
S1-515974621	S2-327354042	add	D-028
S1-516208763	S2-806926570	add	D-028
S1-517101133	S3-752297614	add	D-028
S1-517463026	S3-922039788	add	D-028
S1-517555740	S2-865174350	add	D-028
S1-517613106	S3-364661078	add	D-028
S1-517907757	S2-823210329	add	D-028
S1-518081588	S3-58183998	add	D-028
S1-518425478	S2-80161700	add	D-028
S1-518947941	S3-912254093	add	D-028
S1-519184425	S3-634974924	add	D-028
S1-51927297	S2-782010557	add	D-028
S1-519378304	S3-459945742	add	D-028
S1-519504684	S3-680712194	add	D-028
S1-51986691	S2-514015389	add	D-028
S1-520595715	S3-453546560	add	D-028
S1-520982723	S3-83863047	add	D-028
S1-521427460	S3-566126635	add	D-028
S1-522389601	S3-318334105	add	D-028
S1-522467644	S3-850886801	add	D-028
S1-524007344	S3-940229892	add	D-028
S1-524496406	S3-984843346	add	D-028
S1-524614830	S3-828612755	add	D-028
S1-524832764	S3-665837075	add	D-028
S1-524837328	S3-448380448	add	D-028
S1-525942414	S3-748749378	add	D-028
S1-52669419	S3-741737959	add	D-028
S1-527211946	S2-246491730	add	D-028
S1-527713863	S3-143787328	add	D-028
S1-52799676	S3-638411614	add	D-028
S1-528332695	S3-928125785	add	D-028
S1-528641240	S2-919969036	add	D-028
S1-528869197	S2-569929553	add	D-028
S1-528869197	S2-64143207	add	D-028
S1-529005690	S3-845375531	add	D-028
S1-529366650	S3-536123104	add	D-028
S1-529824269	S3-434475339	add	D-028
S1-530143213	S3-15183777	add	D-028
S1-530198826	S3-787656974	add	D-028
S1-530200999	S2-900784152	add	D-028
S1-530552821	S3-183138544	add	D-028
S1-530587833	S2-375621669	add	D-028
S1-530975106	S3-304573194	add	D-028
S1-531001242	S2-262916942	add	D-028
S1-531097045	S3-805331888	add	D-028
S1-53188578	S2-814636259	add	D-028
S1-532056012	S2-310741294	add	D-028
S1-532406210	S2-290130652	add	D-028
S1-533264345	S2-385376228	add	D-028
S1-533304669	S2-273414265	add	D-028
S1-533963218	S2-758930451	add	D-028
S1-534076503	S2-768669224	add	D-028
S1-534277737	S3-300826045	add	D-028
S1-534553515	S2-214366195	add	D-028
S1-534625180	S2-550766381	add	D-028
S1-534820753	S2-675884093	add	D-028
S1-535052395	S3-431712346	add	D-028
S1-535701639	S3-752461453	add	D-028
S1-535730762	S3-543538401	add	D-028
S1-536050010	S3-123539209	add	D-028
S1-536052876	S2-527634984	add	D-028
S1-536629951	S2-758499579	add	D-028
S1-53666065	S2-602341536	add	D-028
S1-537099089	S3-599879149	add	D-028
S1-537376882	S2-683031105	add	D-028
S1-537376882	S2-926593183	add	D-028
S1-537554615	S3-66543337	add	D-028
S1-537566064	S2-841812555	add	D-028
S1-537669864	S3-102255818	add	D-028
S1-537970940	S2-261433613	add	D-028
S1-537979596	S3-916375148	add	D-028
S1-538057135	S2-33880717	add	D-028
S1-538175993	S3-513385869	add	D-028
S1-538288321	S3-550037595	add	D-028
S1-538503160	S2-115860150	add	D-028
S1-538504974	S2-143138454	add	D-028
S1-538662789	S3-917611065	add	D-028
S1-538688762	S3-458411590	add	D-028
S1-539147471	S3-720439975	add	D-028
S1-539187003	S2-948993139	add	D-028
S1-539529293	S2-940060281	add	D-028
S1-539730335	S3-431910026	add	D-028
S1-539734449	S2-580762805	add	D-028
S1-540082153	S2-498359185	add	D-028
S1-54132923	S3-441225368	add	D-028
S1-542504689	S3-139296710	add	D-028
S1-542660541	S2-597370402	add	D-028
S1-543073516	S2-520216689	add	D-028
S1-544030216	S2-229699566	add	D-028
S1-544236950	S2-424966457	add	D-028
S1-544432151	S2-330962921	add	D-028
S1-544536779	S3-636749028	add	D-028
S1-545146886	S3-271915969	add	D-028
S1-545362171	S2-437678771	add	D-028
S1-54555413	S3-563737972	add	D-028
S1-546698933	S2-510917270	add	D-028
S1-547051486	S2-785770483	add	D-028
S1-547392004	S2-462067898	add	D-028
S1-54761672	S3-203699574	add	D-028
S1-548554430	S3-512284098	add	D-028
S1-550773373	S2-976111261	add	D-028
S1-551186295	S3-283825321	add	D-028
S1-551261815	S2-61751430	add	D-028
S1-551649097	S2-432936073	add	D-028
S1-552274709	S3-937052741	add	D-028
S1-553299854	S2-58122239	add	D-028
S1-553376309	S3-91242391	add	D-028
S1-553603611	S2-427323575	add	D-028
S1-554258623	S2-308519979	add	D-028
S1-554439080	S2-892267054	add	D-028
S1-554684789	S3-599684256	add	D-028
S1-554904568	S2-315254124	add	D-028
S1-555402712	S3-880590632	add	D-028
S1-556372825	S2-640667159	add	D-028
S1-556914837	S2-210764235	add	D-028
S1-557025149	S3-569937790	add	D-028
S1-5571755	S3-393778982	add	D-028
S1-55732755	S3-449156296	add	D-028
S1-557509811	S3-283379004	add	D-028
S1-557628208	S2-435160780	add	D-028
S1-557679152	S2-126927978	add	D-028
S1-557833641	S2-514130898	add	D-028
S1-558006280	S2-808436844	add	D-028
S1-558087992	S2-811312212	add	D-028
S1-558627661	S2-619958933	add	D-028
S1-5586303	S3-316714693	add	D-028
S1-558653941	S3-421467848	add	D-028
S1-558698273	S2-650992117	add	D-028
S1-559070722	S3-759824015	add	D-028
S1-559349543	S2-193469813	add	D-028
S1-560230127	S3-509632491	add	D-028
S1-560563470	S3-240113680	add	D-028
S1-560592199	S3-451641455	add	D-028
S1-560917061	S2-467148480	add	D-028
S1-561116419	S3-105665911	add	D-028
S1-561209839	S2-645620886	add	D-028
S1-561560589	S3-368994838	add	D-028
S1-561634086	S3-208020356	add	D-028
S1-561701351	S3-621547736	add	D-028
S1-561985822	S2-538910540	add	D-028
S1-562167625	S3-590258628	add	D-028
S1-562303345	S2-397759293	add	D-028
S1-562738054	S2-276970618	add	D-028
S1-564054660	S2-406278904	add	D-028
S1-564088312	S3-810892066	add	D-028
S1-564453585	S2-442963552	add	D-028
S1-564507276	S2-571007126	add	D-028
S1-565336972	S3-33598794	add	D-028
S1-565808637	S3-492892077	add	D-028
S1-566479883	S3-917581750	add	D-028
S1-56665632	S3-937896157	add	D-028
S1-567031784	S2-779782075	add	D-028
S1-567069071	S2-175466110	add	D-028
S1-567417878	S2-456942655	add	D-028
S1-568560103	S2-727927452	add	D-028
S1-56912101	S2-488784287	add	D-028
S1-569486482	S3-92602482	add	D-028
S1-569980195	S2-663654987	add	D-028
S1-570202370	S3-702644206	add	D-028
S1-570436696	S3-54782092	add	D-028
S1-570593126	S2-966045928	add	D-028
S1-570824758	S3-559563651	add	D-028
S1-570907410	S2-463142083	add	D-028
S1-571003824	S2-184423269	add	D-028
S1-571561104	S2-458463156	add	D-028
S1-571710786	S2-929507015	add	D-028
S1-571835128	S2-181481674	add	D-028
S1-572124701	S3-777546821	add	D-028
S1-57220033	S3-917141441	add	D-028
S1-573055635	S3-796569752	add	D-028
S1-573255585	S3-124163135	add	D-028
S1-575421209	S2-791931395	add	D-028
S1-575548588	S2-281399015	add	D-028
S1-576972081	S3-384511542	add	D-028
S1-577368349	S2-868522613	add	D-028
S1-577639048	S2-163190531	add	D-028
S1-577723593	S3-835435214	add	D-028
S1-578490239	S3-869558620	add	D-028
S1-578501008	S3-892301854	add	D-028
S1-579206364	S3-996665868	add	D-028
S1-57931570	S2-937146399	add	D-028
S1-579411088	S2-989472514	add	D-028
S1-579420395	S2-288465820	add	D-028
S1-580364933	S3-857771919	add	D-028
S1-580537971	S3-922305039	add	D-028
S1-581109801	S2-834820758	add	D-028
S1-581487673	S3-1974448	add	D-028
S1-583113337	S3-987244791	add	D-028
S1-583201097	S2-692145248	add	D-028
S1-583230576	S3-279948881	add	D-028
S1-584312870	S3-428002892	add	D-028
S1-584542060	S2-84961793	add	D-028
S1-584552281	S2-159356602	add	D-028
S1-584552281	S3-395708246	add	D-028
S1-584565741	S3-427952683	add	D-028
S1-584687671	S2-173203207	add	D-028
S1-584932639	S2-174537675	add	D-028
S1-585300880	S3-909684982	add	D-028
S1-58717322	S2-433804972	add	D-028
S1-588956771	S3-971528270	add	D-028
S1-589098295	S2-574044240	add	D-028
S1-589109093	S2-366503216	add	D-028
S1-589265488	S2-311818516	add	D-028
S1-589919712	S3-433674867	add	D-028
S1-589969559	S2-90275896	add	D-028
S1-590135460	S2-481939485	add	D-028
S1-59055968	S3-86095325	add	D-028
S1-591141114	S2-164141133	add	D-028
S1-591690840	S3-132377779	add	D-028
S1-592153358	S3-114373397	add	D-028
S1-592890843	S2-88617042	add	D-028
S1-592940707	S3-103892231	add	D-028
S1-593196807	S3-972527131	add	D-028
S1-593688400	S2-625801748	add	D-028
S1-594224893	S3-697997656	add	D-028
S1-594240017	S2-406403089	add	D-028
S1-594417647	S2-527765012	add	D-028
S1-595131465	S2-742350184	add	D-028
S1-595333568	S2-157029638	add	D-028
S1-596104468	S2-164129935	add	D-028
S1-596887401	S3-304268578	add	D-028
S1-597075473	S2-294009878	add	D-028
S1-597389326	S3-270836838	add	D-028
S1-597506503	S3-685751328	add	D-028
S1-597531427	S2-157864696	add	D-028
S1-597715531	S3-41547350	add	D-028
S1-59782131	S3-364499843	add	D-028
S1-597832994	S2-73046474	add	D-028
S1-597937724	S3-692850240	add	D-028
S1-598243953	S3-988060392	add	D-028
S1-598516995	S2-533060731	add	D-028
S1-599172791	S2-447868841	add	D-028
S1-600308204	S2-463824191	add	D-028
S1-60079535	S2-807057800	add	D-028
S1-60090502	S2-952848895	add	D-028
S1-600914729	S2-783075061	add	D-028
S1-601048510	S2-780760495	add	D-028
S1-601338723	S3-567973046	add	D-028
S1-601624906	S3-659702812	add	D-028
S1-601720017	S2-936179267	add	D-028
S1-60220086	S2-591876921	add	D-028
S1-602379119	S3-681494577	add	D-028
S1-602469783	S3-174996356	add	D-028
S1-60249643	S2-359042643	add	D-028
S1-603317960	S2-538468177	add	D-028
S1-603343347	S3-877936547	add	D-028
S1-60391694	S2-66124520	add	D-028
S1-60405994	S3-602066522	add	D-028
S1-604107769	S3-882515847	add	D-028
S1-604117897	S2-100545750	add	D-028
S1-604964134	S3-216719685	add	D-028
S1-604986573	S2-932775700	add	D-028
S1-60552004	S3-67311706	add	D-028
S1-606065595	S3-632929887	add	D-028
S1-606661933	S2-343580859	add	D-028
S1-606729316	S3-498559084	add	D-028
S1-60720668	S2-464491188	add	D-028
S1-608056188	S3-213634451	add	D-028
S1-608550317	S2-921974343	add	D-028
S1-608571532	S2-900362617	add	D-028
S1-609411115	S2-544606673	add	D-028
S1-609825131	S3-830386239	add	D-028
S1-61002487	S2-385039576	add	D-028
S1-610417789	S2-126347410	add	D-028
S1-610456775	S3-395423403	add	D-028
S1-610529044	S2-960834315	add	D-028
S1-61158367	S3-188385499	add	D-028
S1-612729952	S3-212880488	add	D-028
S1-613084215	S3-6121799	add	D-028
S1-613589212	S3-194843516	add	D-028
S1-613773520	S3-232476787	add	D-028
S1-61382265	S2-724071398	add	D-028
S1-614091866	S2-308119770	add	D-028
S1-61419139	S2-483629618	add	D-028
S1-614249427	S3-175326856	add	D-028
S1-61490614	S3-64829643	add	D-028
S1-615081122	S2-888114522	add	D-028
S1-615167630	S3-841543914	add	D-028
S1-61526843	S3-135499269	add	D-028
S1-615546439	S2-954565839	add	D-028
S1-615972144	S3-775127171	add	D-028
S1-61673144	S2-553092499	add	D-028
S1-617016511	S2-813180326	add	D-028
S1-617473502	S3-398767858	add	D-028
S1-617475513	S3-855263838	add	D-028
S1-617573707	S3-49321013	add	D-028
S1-617644324	S2-640558470	add	D-028
S1-618263526	S2-287503787	add	D-028
S1-619382210	S2-580171437	add	D-028
S1-619797220	S3-664323114	add	D-028
S1-620058643	S3-389656185	add	D-028
S1-620502712	S2-183731022	add	D-028
S1-620694305	S3-975967785	add	D-028
S1-621074444	S2-70730291	add	D-028
S1-621313614	S3-47810700	add	D-028
S1-621708113	S3-531578671	add	D-028
S1-621898609	S2-998332097	add	D-028
S1-622475587	S2-629608085	add	D-028
S1-622585302	S2-280448164	add	D-028
S1-622688930	S2-361233729	add	D-028
S1-622850912	S3-163989926	add	D-028
S1-622897685	S3-538474516	add	D-028
S1-623075820	S2-894339381	add	D-028
S1-623076343	S2-158580507	add	D-028
S1-623079939	S2-190183577	add	D-028
S1-62340154	S2-804719012	add	D-028
S1-624342811	S3-960309760	add	D-028
S1-624539891	S2-190246279	add	D-028
S1-625431730	S2-601090124	add	D-028
S1-625696097	S2-441008315	add	D-028
S1-625949978	S2-812012671	add	D-028
S1-626558820	S3-879352324	add	D-028
S1-626922656	S3-62811592	add	D-028
S1-627115069	S2-444208108	add	D-028
S1-628118918	S2-972004928	add	D-028
S1-628276562	S2-730337839	add	D-028
S1-628489505	S2-733217183	add	D-028
S1-62857902	S3-535696520	add	D-028
S1-628652095	S3-976227643	add	D-028
S1-628718503	S2-181243101	add	D-028
S1-628888879	S3-649799640	add	D-028
S1-629068328	S3-422149042	add	D-028
S1-62962786	S3-204931454	add	D-028
S1-629911920	S2-308658845	add	D-028
S1-630435272	S2-198337559	add	D-028
S1-631296706	S2-725988306	add	D-028
S1-631448215	S3-497145479	add	D-028
S1-631677853	S3-710277266	add	D-028
S1-632270646	S2-812631889	add	D-028
S1-63251593	S2-611806460	add	D-028
S1-633212917	S2-609859818	add	D-028
S1-633347533	S2-365026584	add	D-028
S1-633537148	S3-134706342	add	D-028
S1-633598794	S3-883425761	add	D-028
S1-634404087	S3-387214408	add	D-028
S1-634947692	S3-603596338	add	D-028
S1-635221212	S2-284151246	add	D-028
S1-635406531	S3-239660487	add	D-028
S1-636715556	S3-194746700	add	D-028
S1-636745800	S2-754623304	add	D-028
S1-637052837	S3-841717287	add	D-028
S1-637195835	S2-473820751	add	D-028
S1-637198142	S3-752498752	add	D-028
S1-637223980	S3-183728849	add	D-028
S1-637446631	S3-583885729	add	D-028
S1-63766870	S2-416263781	add	D-028
S1-638011939	S2-687655520	add	D-028
S1-63821719	S2-967205415	add	D-028
S1-638243275	S2-711296622	add	D-028
S1-638267534	S2-524073522	add	D-028
S1-638320266	S2-642431132	add	D-028
S1-638671204	S3-191692995	add	D-028
S1-638762422	S2-336135063	add	D-028
S1-638897139	S3-808212001	add	D-028
S1-638908740	S2-825584946	add	D-028
S1-639295232	S3-887345576	add	D-028
S1-639648796	S2-366172576	add	D-028
S1-640652441	S3-670246661	add	D-028
S1-641516878	S2-255771079	add	D-028
S1-642119641	S2-83725375	add	D-028
S1-642757199	S3-966904025	add	D-028
S1-643534649	S2-103140739	add	D-028
S1-64360685	S2-640412575	add	D-028
S1-644237602	S3-678847585	add	D-028
S1-644979810	S2-181676557	add	D-028
S1-646140359	S3-960809376	add	D-028
S1-646384314	S3-292136016	add	D-028
S1-646508622	S3-708884462	add	D-028
S1-64660754	S3-765431392	add	D-028
S1-646622380	S2-748266272	add	D-028
S1-646637500	S3-635715009	add	D-028
S1-646682391	S2-843203215	add	D-028
S1-646767663	S2-916495694	add	D-028
S1-647128416	S3-755213900	add	D-028
S1-647429847	S3-856064380	add	D-028
S1-648338808	S2-450431761	add	D-028
S1-648528184	S2-624774654	add	D-028
S1-649535657	S2-410660124	add	D-028
S1-64980953	S3-952615219	add	D-028
S1-650336105	S2-523222256	add	D-028
S1-650464514	S2-83111221	add	D-028
S1-650675666	S2-317934759	add	D-028
S1-650747461	S3-760440261	add	D-028
S1-651303045	S2-969360636	add	D-028
S1-65151714	S2-788561300	add	D-028
S1-651842039	S2-56818394	add	D-028
S1-652094260	S3-79178596	add	D-028
S1-652225086	S3-602075961	add	D-028
S1-652582498	S3-661600962	add	D-028
S1-652825470	S2-891891223	add	D-028
S1-65364374	S2-541974648	add	D-028
S1-65364760	S3-418957757	add	D-028
S1-653865433	S2-214931150	add	D-028
S1-6539939	S3-496313373	add	D-028
S1-654501124	S2-130606132	add	D-028
S1-654698600	S3-629117920	add	D-028
S1-655577306	S3-64777631	add	D-028
S1-65644067	S2-949537500	add	D-028
S1-656902534	S2-745419170	add	D-028
S1-657759460	S2-472764140	add	D-028
S1-657770388	S2-49462327	add	D-028
S1-657780657	S2-982778524	add	D-028
S1-657998345	S2-722772238	add	D-028
S1-658092066	S3-777737393	add	D-028
S1-658109701	S2-392332599	add	D-028
S1-658496551	S2-953579144	add	D-028
S1-659242267	S2-219690150	add	D-028
S1-659324902	S2-692865898	add	D-028
S1-659551471	S2-70643852	add	D-028
S1-659967105	S2-481576302	add	D-028
S1-660246557	S3-786953027	add	D-028
S1-660825615	S3-839207642	add	D-028
S1-661336533	S2-867741415	add	D-028
S1-661896251	S3-322146605	add	D-028
S1-661964336	S3-851299675	add	D-028
S1-662458270	S2-310150148	add	D-028
S1-662929048	S3-473520451	add	D-028
S1-663014163	S2-778349867	add	D-028
S1-663121468	S3-780584605	add	D-028
S1-663515209	S3-429064793	add	D-028
S1-663779298	S3-780152691	add	D-028
S1-664138059	S3-464441915	add	D-028
S1-664768020	S3-421275277	add	D-028
S1-665988341	S3-823974783	add	D-028
S1-666668171	S3-857458609	add	D-028
S1-667184500	S3-880354027	add	D-028
S1-667197288	S2-214791436	add	D-028
S1-667883981	S2-215661851	add	D-028
S1-668849310	S2-174680791	add	D-028
S1-6689560	S2-631464462	add	D-028
S1-669560325	S2-754788851	add	D-028
S1-670109258	S3-769905270	add	D-028
S1-671129064	S3-607308217	add	D-028
S1-671375554	S2-770599214	add	D-028
S1-671459103	S2-222083732	add	D-028
S1-671462204	S3-81507288	add	D-028
S1-671860729	S2-358532815	add	D-028
S1-671876885	S3-706518364	add	D-028
S1-671879432	S3-223862110	add	D-028
S1-672106351	S2-334671212	add	D-028
S1-672846545	S2-909864801	add	D-028
S1-672885917	S2-633301320	add	D-028
S1-672980822	S3-984360581	add	D-028
S1-674050799	S2-641375331	add	D-028
S1-674217395	S2-451925010	add	D-028
S1-674394866	S2-573675363	add	D-028
S1-675697994	S2-605896095	add	D-028
S1-675899525	S2-147317596	add	D-028
S1-676151833	S2-128027202	add	D-028
S1-676228835	S3-136146108	add	D-028
S1-676922257	S3-181981577	add	D-028
S1-677705772	S3-312579792	add	D-028
S1-678140416	S3-552939876	add	D-028
S1-67842582	S3-951378646	add	D-028
S1-678659244	S3-676214919	add	D-028
S1-678711341	S2-486581153	add	D-028
S1-67906762	S3-159861	add	D-028
S1-679712144	S3-34158148	add	D-028
S1-679901320	S2-607365671	add	D-028
S1-681020525	S2-571475274	add	D-028
S1-681203346	S3-787229348	add	D-028
S1-681519053	S2-29627718	add	D-028
S1-681626876	S2-314510670	add	D-028
S1-682360246	S3-972220056	add	D-028
S1-682424228	S2-40207713	add	D-028
S1-682907081	S3-141525315	add	D-028
S1-683190474	S3-282602084	add	D-028
S1-683562198	S3-98504433	add	D-028
S1-683859918	S3-252670372	add	D-028
S1-684518991	S3-146680020	add	D-028
S1-684868861	S3-902726522	add	D-028
S1-685080416	S3-535230549	add	D-028
S1-686042643	S3-85874879	add	D-028
S1-68641219	S3-595135520	add	D-028
S1-686629325	S2-635521450	add	D-028
S1-687126724	S2-909035353	add	D-028
S1-687146452	S3-976857959	add	D-028
S1-68763649	S3-207641764	add	D-028
S1-688046467	S3-363799393	add	D-028
S1-688470421	S2-457518093	add	D-028
S1-68862710	S3-536740180	add	D-028
S1-688661060	S3-612365598	add	D-028
S1-689302869	S2-485983958	add	D-028
S1-689918929	S2-553617088	add	D-028
S1-689946948	S2-492570020	add	D-028
S1-690716421	S2-376578613	add	D-028
S1-69074345	S2-771598907	add	D-028
S1-690914824	S2-835175018	add	D-028
S1-691313173	S3-979856443	add	D-028
S1-692002577	S2-561541047	add	D-028
S1-692286887	S3-952493888	add	D-028
S1-69309695	S3-522058520	add	D-028
S1-693893214	S3-379799723	add	D-028
S1-694289123	S3-805983521	add	D-028
S1-694395973	S3-800159406	add	D-028
S1-694458222	S3-614669384	add	D-028
S1-694820937	S2-877557357	add	D-028
S1-695087623	S3-789957656	add	D-028
S1-696446893	S2-200128807	add	D-028
S1-696573797	S2-661540967	add	D-028
S1-696833774	S3-845722881	add	D-028
S1-69706249	S3-40240976	add	D-028
S1-697208014	S2-719750594	add	D-028
S1-697351120	S3-558798475	add	D-028
S1-69761973	S3-228445686	add	D-028
S1-698263320	S2-823535957	add	D-028
S1-69871489	S2-540694967	add	D-028
S1-698882540	S2-18921177	add	D-028
S1-698889291	S3-780393994	add	D-028
S1-698997872	S2-931202821	add	D-028
S1-699350123	S3-37928009	add	D-028
S1-700633233	S3-529721134	add	D-028
S1-700740075	S2-745086511	add	D-028
S1-701075882	S2-17946855	add	D-028
S1-701405354	S3-983516381	add	D-028
S1-701588387	S2-619887969	add	D-028
S1-702127237	S3-178822050	add	D-028
S1-702499985	S2-923971937	add	D-028
S1-702763334	S2-625445501	add	D-028
S1-70286854	S3-69649299	add	D-028
S1-70345524	S2-339893174	add	D-028
S1-703689367	S2-551570433	add	D-028
S1-704083841	S3-975370885	add	D-028
S1-704307503	S2-809445476	add	D-028
S1-705182967	S2-441819231	add	D-028
S1-705512612	S2-265611378	add	D-028
S1-706229886	S3-750502220	add	D-028
S1-706783867	S3-796688839	add	D-028
S1-706951136	S2-124035495	add	D-028
S1-707018397	S3-115173011	add	D-028
S1-70759216	S2-510886472	add	D-028
S1-707763953	S3-999967224	add	D-028
S1-708143518	S2-268611522	add	D-028
S1-708573002	S2-565889406	add	D-028
S1-709444818	S3-817858504	add	D-028
S1-71000568	S3-455718515	add	D-028
S1-711253042	S2-419142482	add	D-028
S1-711685432	S3-609425548	add	D-028
S1-711878785	S3-405688156	add	D-028
S1-712065964	S3-35214428	add	D-028
S1-71214672	S3-895780221	add	D-028
S1-712352917	S2-4188097	add	D-028
S1-712494724	S3-831779717	add	D-028
S1-714988512	S2-445732444	add	D-028
S1-715885923	S2-661579777	add	D-028
S1-715885923	S3-763855146	add	D-028
S1-716336488	S2-120441464	add	D-028
S1-716450918	S2-85165328	add	D-028
S1-71655780	S3-323523752	add	D-028
S1-717240019	S2-27490645	add	D-028
S1-717359037	S3-26418066	add	D-028
S1-717638025	S3-607266648	add	D-028
S1-718065004	S2-811503692	add	D-028
S1-718459018	S3-665720431	add	D-028
S1-718731775	S3-94435882	add	D-028
S1-718755409	S2-194795522	add	D-028
S1-719529269	S3-881277179	add	D-028
S1-719598744	S2-475937021	add	D-028
S1-719630968	S2-532132418	add	D-028
S1-720018761	S2-612251908	add	D-028
S1-720564507	S2-38548954	add	D-028
S1-720680170	S3-844906021	add	D-028
S1-721236904	S3-259646506	add	D-028
S1-721693370	S2-105354214	add	D-028
S1-721832218	S3-122730015	add	D-028
S1-722124366	S3-256716899	add	D-028
S1-722444295	S3-588181162	add	D-028
S1-722856942	S3-366061942	add	D-028
S1-722944121	S2-37572601	add	D-028
S1-722988519	S3-895715779	add	D-028
S1-723965862	S3-416108121	add	D-028
S1-724128653	S2-88313652	add	D-028
S1-7253663	S3-417648575	add	D-028
S1-726263035	S2-468954690	add	D-028
S1-726353449	S3-355844085	add	D-028
S1-726716247	S3-419634976	add	D-028
S1-727927479	S2-15036968	add	D-028
S1-727989671	S3-523809734	add	D-028
S1-728235655	S3-515271897	add	D-028
S1-728790192	S3-25144553	add	D-028
S1-728799880	S3-885718044	add	D-028
S1-729283940	S2-831515835	add	D-028
S1-729682164	S2-735980895	add	D-028
S1-73050317	S3-640518692	add	D-028
S1-730697110	S3-432114263	add	D-028
S1-730747798	S3-769968569	add	D-028
S1-731166158	S2-24686320	add	D-028
S1-731202303	S3-499228960	add	D-028
S1-731330592	S3-622187305	add	D-028
S1-731654937	S2-238191610	add	D-028
S1-732081433	S2-702839398	add	D-028
S1-732837634	S2-714159749	add	D-028
S1-733185391	S2-961821167	add	D-028
S1-734112939	S2-264158039	add	D-028
S1-734601032	S3-668730687	add	D-028
S1-734889550	S3-996930064	add	D-028
S1-73490106	S3-171192897	add	D-028
S1-735487583	S2-838728373	add	D-028
S1-735709463	S2-716789881	add	D-028
S1-735744764	S3-708221424	add	D-028
S1-735984448	S3-191408063	add	D-028
S1-737169959	S2-484408077	add	D-028
S1-738212489	S3-246136482	add	D-028
S1-738834849	S3-698380548	add	D-028
S1-739812327	S2-832082059	add	D-028
S1-740094130	S3-293562288	add	D-028
S1-740170291	S3-736967371	add	D-028
S1-740292955	S2-717326462	add	D-028
S1-74091919	S2-603365588	add	D-028
S1-740967434	S3-870370462	add	D-028
S1-741367232	S2-689724889	add	D-028
S1-741706257	S2-624526401	add	D-028
S1-742097186	S3-655583880	add	D-028
S1-74218681	S2-392389507	add	D-028
S1-742557037	S2-72806861	add	D-028
S1-742604322	S2-891613349	add	D-028
S1-743470578	S2-996410450	add	D-028
S1-74409758	S2-920471596	add	D-028
S1-744156895	S2-463481096	add	D-028
S1-744688880	S2-396531791	add	D-028
S1-74470040	S2-859659138	add	D-028
S1-74531025	S3-207059880	add	D-028
S1-745977936	S2-394524042	add	D-028
S1-74625470	S2-864973073	add	D-028
S1-747215945	S3-21765677	add	D-028
S1-748241738	S2-135418371	add	D-028
S1-74825748	S3-47312720	add	D-028
S1-748473718	S2-812323912	add	D-028
S1-748611091	S3-43401232	add	D-028
S1-748666558	S3-153694898	add	D-028
S1-748736256	S2-897374649	add	D-028
S1-748876635	S3-641920001	add	D-028
S1-749258366	S3-806282081	add	D-028
S1-749279739	S2-4956848	add	D-028
S1-749405718	S2-751339284	add	D-028
S1-749452695	S3-798072714	add	D-028
S1-749629801	S2-699424924	add	D-028
S1-749637626	S3-547154103	add	D-028
S1-749865244	S3-941722097	add	D-028
S1-750084910	S2-259858110	add	D-028
S1-750126310	S3-123473124	add	D-028
S1-750453215	S3-380553725	add	D-028
S1-750482729	S3-890146156	add	D-028
S1-751281093	S3-398233651	add	D-028
S1-751448989	S2-456786047	add	D-028
S1-751878233	S3-132509133	add	D-028
S1-754835961	S3-395901209	add	D-028
S1-754944134	S3-628683047	add	D-028
S1-755410943	S2-437339861	add	D-028
S1-755494708	S3-804150331	add	D-028
S1-755529395	S2-655587283	add	D-028
S1-756129939	S2-137932270	add	D-028
S1-756556663	S2-428983739	add	D-028
S1-757652551	S2-548873322	add	D-028
S1-757968878	S2-88964042	add	D-028
S1-759216489	S3-897252256	add	D-028
S1-759654026	S3-786366933	add	D-028
S1-759839505	S3-771141161	add	D-028
S1-760137832	S2-943471627	add	D-028
S1-76084299	S3-549930588	add	D-028
S1-761096518	S2-594691830	add	D-028
S1-761241268	S3-913872330	add	D-028
S1-761418936	S2-998132847	add	D-028
S1-761616861	S3-801942723	add	D-028
S1-762692426	S2-834447578	add	D-028
S1-763024537	S2-947588393	add	D-028
S1-763129952	S3-228510168	add	D-028
S1-763461311	S2-964910791	add	D-028
S1-764348603	S3-737994493	add	D-028
S1-765189439	S2-503814536	add	D-028
S1-765407632	S2-569907950	add	D-028
S1-765624276	S2-49333139	add	D-028
S1-766343570	S2-803180000	add	D-028
S1-766456533	S3-826769325	add	D-028
S1-766697944	S3-640889471	add	D-028
S1-76687333	S2-669467264	add	D-028
S1-767280128	S2-697549099	add	D-028
S1-767351115	S2-661107515	add	D-028
S1-767543681	S3-796175062	add	D-028
S1-767562854	S3-303302324	add	D-028
S1-768023542	S2-512613560	add	D-028
S1-768522030	S3-152344228	add	D-028
S1-76890845	S2-280805909	add	D-028
S1-769216003	S2-756541474	add	D-028
S1-770199208	S3-379203383	add	D-028
S1-770764092	S2-929657960	add	D-028
S1-771042456	S2-905924925	add	D-028
S1-77162657	S3-723304569	add	D-028
S1-771709976	S2-652021397	add	D-028
S1-771971289	S2-586740443	add	D-028
S1-772000574	S2-100505224	add	D-028
S1-77231822	S3-549409421	add	D-028
S1-772712374	S2-821116568	add	D-028
S1-77373785	S3-938867613	add	D-028
S1-773992305	S2-134992415	add	D-028
S1-77440406	S2-514707762	add	D-028
S1-774426812	S2-969292925	add	D-028
S1-774472874	S3-734078115	add	D-028
S1-77471136	S3-524061956	add	D-028
S1-775127048	S2-955512347	add	D-028
S1-775180158	S3-933204518	add	D-028
S1-775700625	S2-783329520	add	D-028
S1-776189659	S3-148167826	add	D-028
S1-776213660	S2-147437593	add	D-028
S1-776318054	S3-803478820	add	D-028
S1-776643928	S2-390230913	add	D-028
S1-777107296	S3-831721624	add	D-028
S1-7772605	S3-305857220	add	D-028
S1-777402853	S2-740630152	add	D-028
S1-777579453	S2-893344612	add	D-028
S1-777583688	S2-515820442	add	D-028
S1-777623119	S3-474686219	add	D-028
S1-777720844	S2-77258227	add	D-028
S1-778012413	S2-834415959	add	D-028
S1-778296443	S3-309014199	add	D-028
S1-778748725	S3-777730439	add	D-028
S1-779089302	S3-729993396	add	D-028
S1-779114037	S2-244013554	add	D-028
S1-779475727	S2-801596280	add	D-028
S1-779522792	S2-541488916	add	D-028
S1-780101702	S2-703697292	add	D-028
S1-780101702	S2-876036691	add	D-028
S1-78044247	S2-410271804	add	D-028
S1-780499819	S3-338474786	add	D-028
S1-781147206	S3-122799866	add	D-028
S1-781510301	S2-266948712	add	D-028
S1-7822066	S2-23139369	add	D-028
S1-78257829	S3-466573630	add	D-028
S1-78268138	S3-754920786	add	D-028
S1-783565122	S2-589120737	add	D-028
S1-784155257	S2-972449345	add	D-028
S1-78416627	S2-19292518	add	D-028
S1-784567784	S3-738569614	add	D-028
S1-785404700	S2-248680632	add	D-028
S1-785404700	S3-976267637	add	D-028
S1-785813421	S3-751569634	add	D-028
S1-786022	S3-346079979	add	D-028
S1-786915703	S2-981991196	add	D-028
S1-787180166	S2-19744699	add	D-028
S1-787215071	S3-922313548	add	D-028
S1-787220914	S2-183156367	add	D-028
S1-787350246	S2-497699908	add	D-028
S1-787973813	S3-975226142	add	D-028
S1-788256703	S2-898991461	add	D-028
S1-789378671	S2-877332770	add	D-028
S1-789414292	S3-602066691	add	D-028
S1-789601481	S2-952550080	add	D-028
S1-789672220	S3-735809825	add	D-028
S1-790000703	S2-703984476	add	D-028
S1-79027374	S2-638174098	add	D-028
S1-790544810	S2-324044414	add	D-028
S1-790579966	S3-573114432	add	D-028
S1-790736571	S2-515459562	add	D-028
S1-79174756	S3-714560465	add	D-028
S1-792005685	S3-881417865	add	D-028
S1-792037411	S3-160525857	add	D-028
S1-792236513	S3-635873320	add	D-028
S1-792471453	S2-416926309	add	D-028
S1-793362949	S2-689605920	add	D-028
S1-793850555	S3-357982057	add	D-028
S1-79417982	S2-525592476	add	D-028
S1-794196407	S3-666779959	add	D-028
S1-794243631	S3-111536286	add	D-028
S1-794344059	S3-836994626	add	D-028
S1-79498813	S2-709458616	add	D-028
S1-795125246	S2-170597153	add	D-028
S1-795209748	S2-30700608	add	D-028
S1-795439947	S2-125796348	add	D-028
S1-7954966	S2-195011135	add	D-028
S1-795737683	S2-638190619	add	D-028
S1-796265156	S2-493102109	add	D-028
S1-796520756	S3-939261589	add	D-028
S1-796553321	S3-454701190	add	D-028
S1-796654350	S3-829298394	add	D-028
S1-796782830	S3-988223563	add	D-028
S1-797095410	S2-408756500	add	D-028
S1-797162331	S3-678639717	add	D-028
S1-797801578	S2-593531791	add	D-028
S1-797873382	S3-622397632	add	D-028
S1-798065838	S3-547106424	add	D-028
S1-798731685	S3-582123287	add	D-028
S1-799184728	S2-491608743	add	D-028
S1-799293619	S2-45126794	add	D-028
S1-799293619	S2-612207966	add	D-028
S1-799455412	S3-247495935	add	D-028
S1-79986618	S2-172613644	add	D-028
S1-800264079	S3-573726664	add	D-028
S1-800570686	S3-81505822	add	D-028
S1-80068748	S2-239813509	add	D-028
S1-801172058	S2-193067968	add	D-028
S1-802229706	S2-192354264	add	D-028
S1-802250411	S3-703262393	add	D-028
S1-803357090	S3-429757287	add	D-028
S1-804363186	S2-177399886	add	D-028
S1-804505933	S2-926325898	add	D-028
S1-804549827	S2-605978855	add	D-028
S1-805070071	S2-488844303	add	D-028
S1-805293132	S2-842366344	add	D-028
S1-80531244	S2-342218920	add	D-028
S1-805350310	S2-596571225	add	D-028
S1-805948140	S2-405770230	add	D-028
S1-805972911	S3-73977409	add	D-028
S1-806210581	S3-89171001	add	D-028
S1-806797001	S2-331524162	add	D-028
S1-807203872	S3-339196304	add	D-028
S1-807231527	S3-8127192	add	D-028
S1-807540409	S3-300220827	add	D-028
S1-807620154	S2-193080100	add	D-028
S1-80781873	S2-169404003	add	D-028
S1-808018314	S2-8049568	add	D-028
S1-808356868	S3-43224594	add	D-028
S1-808487190	S3-154391748	add	D-028
S1-808641317	S2-351597700	add	D-028
S1-809033479	S2-955586197	add	D-028
S1-809527224	S3-987454175	add	D-028
S1-809875988	S2-834366540	add	D-028
S1-810010373	S3-851149049	add	D-028
S1-81011309	S2-508905108	add	D-028
S1-810339995	S3-128159853	add	D-028
S1-810448694	S2-73340980	add	D-028
S1-810683176	S2-145346399	add	D-028
S1-810920742	S2-732580388	add	D-028
S1-811216354	S2-861244745	add	D-028
S1-811705439	S3-174416778	add	D-028
S1-811783913	S2-854142486	add	D-028
S1-81257183	S2-764671036	add	D-028
S1-812671406	S2-119407503	add	D-028
S1-812760628	S2-391034057	add	D-028
S1-812881586	S3-860041219	add	D-028
S1-812966604	S2-489449687	add	D-028
S1-813221454	S3-897822721	add	D-028
S1-813644225	S3-190064946	add	D-028
S1-813703984	S2-835377435	add	D-028
S1-813843461	S3-818745284	add	D-028
S1-814205375	S2-604313985	add	D-028
S1-81470470	S3-344662444	add	D-028
S1-815549160	S2-14735855	add	D-028
S1-816150033	S2-861671435	add	D-028
S1-8161870	S2-965918735	add	D-028
S1-816337346	S3-515623093	add	D-028
S1-816339961	S2-437630577	add	D-028
S1-816966307	S3-375820316	add	D-028
S1-816970369	S2-437769360	add	D-028
S1-817533765	S3-66020185	add	D-028
S1-817786571	S3-577133938	add	D-028
S1-819539988	S3-591115824	add	D-028
S1-820513013	S2-559544484	add	D-028
S1-820566289	S3-910162250	add	D-028
S1-821259560	S2-663560806	add	D-028
S1-821261781	S2-733441548	add	D-028
S1-821311247	S2-110944825	add	D-028
S1-821332103	S2-635781329	add	D-028
S1-821573821	S2-638374557	add	D-028
S1-822547379	S2-748782414	add	D-028
S1-822841088	S3-409865984	add	D-028
S1-823146644	S2-719278181	add	D-028
S1-824131145	S2-457456227	add	D-028
S1-824210756	S3-720569411	add	D-028
S1-825033852	S2-226862124	add	D-028
S1-825212253	S2-121932690	add	D-028
S1-825732667	S3-968080046	add	D-028
S1-825882510	S3-277866335	add	D-028
S1-826045956	S3-364048677	add	D-028
S1-826136718	S2-981197200	add	D-028
S1-826419014	S2-508540576	add	D-028
S1-827694196	S2-297726036	add	D-028
S1-82877085	S2-199818101	add	D-028
S1-829294801	S2-167519737	add	D-028
S1-82957483	S3-430974839	add	D-028
S1-830544871	S2-478740620	add	D-028
S1-831033588	S3-951560678	add	D-028
S1-831238525	S2-527814551	add	D-028
S1-831731062	S2-309425686	add	D-028
S1-832331637	S2-303444777	add	D-028
S1-832689109	S3-814403964	add	D-028
S1-833528205	S3-591289668	add	D-028
S1-833627666	S2-306954282	add	D-028
S1-833652994	S2-797831901	add	D-028
S1-833652994	S3-114682292	add	D-028
S1-83424523	S3-493554172	add	D-028
S1-834876008	S3-893133399	add	D-028
S1-835443966	S3-940607562	add	D-028
S1-835969728	S2-508533912	add	D-028
S1-836141539	S3-468897344	add	D-028
S1-836324972	S2-426396102	add	D-028
S1-836510391	S2-945090034	add	D-028
S1-836753982	S2-549496068	add	D-028
S1-837195264	S2-935092994	add	D-028
S1-837452416	S3-95310756	add	D-028
S1-837558569	S2-502447905	add	D-028
S1-838349801	S2-328433749	add	D-028
S1-838397156	S2-939658312	add	D-028
S1-839321767	S3-962738872	add	D-028
S1-839595030	S3-906846151	add	D-028
S1-84003438	S2-764688199	add	D-028
S1-840518352	S3-789968140	add	D-028
S1-840930834	S2-271389947	add	D-028
S1-841025182	S3-542558632	add	D-028
S1-841233306	S3-365578993	add	D-028
S1-841610010	S2-397983013	add	D-028
S1-84161286	S2-776358712	add	D-028
S1-842701706	S2-524770733	add	D-028
S1-842804332	S2-614196847	add	D-028
S1-843624392	S3-986280183	add	D-028
S1-843719512	S2-337801896	add	D-028
S1-843912545	S2-624580025	add	D-028
S1-844155033	S3-196316098	add	D-028
S1-845557276	S2-442472935	add	D-028
S1-84615119	S3-398908020	add	D-028
S1-846646133	S3-358841804	add	D-028
S1-846904142	S3-78944925	add	D-028
S1-847296358	S2-521878482	add	D-028
S1-847790459	S2-897103849	add	D-028
S1-848052344	S2-614690654	add	D-028
S1-848325117	S3-630742840	add	D-028
S1-84850978	S3-790698036	add	D-028
S1-84883723	S2-194801883	add	D-028
S1-848849742	S2-926542640	add	D-028
S1-84903184	S3-612525982	add	D-028
S1-849264124	S3-110243191	add	D-028
S1-849560511	S3-143573055	add	D-028
S1-849693914	S2-599924732	add	D-028
S1-849809828	S3-675025834	add	D-028
S1-849904568	S2-667334024	add	D-028
S1-849960751	S2-776244681	add	D-028
S1-850075634	S2-176879941	add	D-028
S1-850339175	S2-120749925	add	D-028
S1-850352053	S2-750421768	add	D-028
S1-851559721	S2-450861920	add	D-028
S1-851686800	S3-289672617	add	D-028
S1-851760096	S3-541619765	add	D-028
S1-852082129	S2-35109242	add	D-028
S1-852681438	S2-176558779	add	D-028
S1-853857697	S3-537621705	add	D-028
S1-853980286	S2-917847719	add	D-028
S1-854315838	S3-343844243	add	D-028
S1-854329895	S2-677558863	add	D-028
S1-854747517	S2-667874385	add	D-028
S1-854955520	S3-925565146	add	D-028
S1-855019979	S2-510720663	add	D-028
S1-855281749	S3-763536678	add	D-028
S1-855752031	S3-212290194	add	D-028
S1-855893650	S2-407661280	add	D-028
S1-856096402	S3-89249169	add	D-028
S1-856262757	S3-519756850	add	D-028
S1-856600423	S3-303785859	add	D-028
S1-856951441	S3-905540749	add	D-028
S1-857204663	S3-753039443	add	D-028
S1-858269938	S3-608148458	add	D-028
S1-859400017	S2-511517115	add	D-028
S1-860096537	S3-64528932	add	D-028
S1-860098532	S2-161272940	add	D-028
S1-861189132	S2-486739103	add	D-028
S1-862849693	S2-98084511	add	D-028
S1-863345031	S3-870184244	add	D-028
S1-863397101	S3-808619338	add	D-028
S1-863619718	S3-194884214	add	D-028
S1-863724977	S3-794811008	add	D-028
S1-864591496	S2-479162186	add	D-028
S1-864961626	S2-672621159	add	D-028
S1-865014747	S3-335332568	add	D-028
S1-865071701	S2-700195664	add	D-028
S1-866580119	S2-366998621	add	D-028
S1-86687397	S2-341262771	add	D-028
S1-866970795	S3-865128358	add	D-028
S1-867148088	S3-364857969	add	D-028
S1-867969580	S2-576349243	add	D-028
S1-868099915	S3-34794366	add	D-028
S1-868778124	S3-799950192	add	D-028
S1-868896345	S3-412036279	add	D-028
S1-869914278	S3-624672115	add	D-028
S1-869980810	S2-628291542	add	D-028
S1-870240991	S3-527049542	add	D-028
S1-870501736	S2-848635245	add	D-028
S1-870875437	S3-621419915	add	D-028
S1-871096420	S2-432009185	add	D-028
S1-871485006	S2-746970766	add	D-028
S1-871920530	S2-547890646	add	D-028
S1-872786002	S2-788819615	add	D-028
S1-873297466	S2-942653357	add	D-028
S1-873585983	S3-852901971	add	D-028
S1-873777489	S2-369141785	add	D-028
S1-874415730	S2-251566636	add	D-028
S1-874454236	S2-567131545	add	D-028
S1-874870523	S2-91599990	add	D-028
S1-87504155	S3-324671459	add	D-028
S1-8752624	S2-486024290	add	D-028
S1-875343459	S3-976863099	add	D-028
S1-875553373	S3-570254753	add	D-028
S1-875775908	S3-347484464	add	D-028
S1-876056899	S3-967445060	add	D-028
S1-876790344	S3-74489249	add	D-028
S1-876984027	S3-963035986	add	D-028
S1-877384700	S2-507215026	add	D-028
S1-879037983	S2-143543780	add	D-028
S1-87945427	S2-821995767	add	D-028
S1-87950465	S2-963765484	add	D-028
S1-880214504	S2-681148906	add	D-028
S1-880224880	S2-622850761	add	D-028
S1-881800458	S2-465806528	add	D-028
S1-882242210	S3-670081655	add	D-028
S1-882718072	S3-873492801	add	D-028
S1-883231924	S2-26741541	add	D-028
S1-883231924	S3-628391056	add	D-028
S1-883976324	S2-180402869	add	D-028
S1-88425631	S2-154270634	add	D-028
S1-884515152	S2-572197307	add	D-028
S1-884612267	S2-648964931	add	D-028
S1-884798784	S3-42910577	add	D-028
S1-885416015	S3-924345987	add	D-028
S1-885489759	S2-547392591	add	D-028
S1-885507283	S3-41278788	add	D-028
S1-885663642	S2-653152768	add	D-028
S1-886620604	S3-395537639	add	D-028
S1-886880283	S3-477223361	add	D-028
S1-886929666	S3-803037592	add	D-028
S1-887118433	S2-679660050	add	D-028
S1-887589831	S2-97127819	add	D-028
S1-889744057	S2-945510101	add	D-028
S1-890314221	S2-583340541	add	D-028
S1-890794586	S2-900085468	add	D-028
S1-89102442	S2-482596526	add	D-028
S1-891125063	S3-25222	add	D-028
S1-891760673	S3-913647726	add	D-028
S1-891900951	S2-978800252	add	D-028
S1-892425969	S2-235946915	add	D-028
S1-892454967	S3-577875083	add	D-028
S1-892917047	S2-684703545	add	D-028
S1-892951893	S3-30359117	add	D-028
S1-893164050	S2-115560056	add	D-028
S1-893173478	S2-779701677	add	D-028
S1-895669122	S3-871748155	add	D-028
S1-895876092	S2-578485889	add	D-028
S1-896024923	S2-622236650	add	D-028
S1-896596569	S2-865173667	add	D-028
S1-89689511	S2-624091238	add	D-028
S1-897773469	S3-946871906	add	D-028
S1-897943612	S2-390029806	add	D-028
S1-898075303	S2-88295834	add	D-028
S1-898873811	S3-553065852	add	D-028
S1-899559917	S3-615011959	add	D-028
S1-899740384	S2-916737832	add	D-028
S1-900227941	S2-632849566	add	D-028
S1-900307754	S3-353876571	add	D-028
S1-900838906	S3-581568895	add	D-028
S1-900885281	S2-235337744	add	D-028
S1-902886514	S2-756030265	add	D-028
S1-90324637	S3-931979934	add	D-028
S1-903431170	S3-615846903	add	D-028
S1-903605673	S3-16690169	add	D-028
S1-904008329	S2-730597206	add	D-028
S1-905576085	S2-237202144	add	D-028
S1-905606550	S3-893409626	add	D-028
S1-905752848	S2-112492061	add	D-028
S1-906057941	S3-102631787	add	D-028
S1-906057941	S3-66588927	add	D-028
S1-906210564	S3-145773246	add	D-028
S1-906270568	S3-179340555	add	D-028
S1-906856279	S3-429301607	add	D-028
S1-907443277	S2-482582895	add	D-028
S1-907983685	S3-763999209	add	D-028
S1-908088111	S2-491657223	add	D-028
S1-908411381	S3-873838453	add	D-028
S1-908605010	S3-786694281	add	D-028
S1-908964412	S3-54852344	add	D-028
S1-909143458	S2-670256394	add	D-028
S1-90925025	S2-398159230	add	D-028
S1-909497396	S2-678454792	add	D-028
S1-909654972	S3-139072401	add	D-028
S1-909801549	S2-748608243	add	D-028
S1-909827803	S2-62120468	add	D-028
S1-911434362	S3-995787670	add	D-028
S1-911891501	S2-332234140	add	D-028
S1-912716083	S3-768079434	add	D-028
S1-912808077	S3-29062110	add	D-028
S1-913047699	S2-935111446	add	D-028
S1-913048451	S3-683462275	add	D-028
S1-91310949	S2-863983683	add	D-028
S1-913568818	S2-361603623	add	D-028
S1-913623551	S3-729177321	add	D-028
S1-914389782	S3-220782080	add	D-028
S1-915068213	S3-653377304	add	D-028
S1-915101100	S3-704057548	add	D-028
S1-915302490	S2-611555346	add	D-028
S1-915469836	S3-703753231	add	D-028
S1-915600807	S3-342987989	add	D-028
S1-915944425	S2-435860080	add	D-028
S1-916235269	S2-293685327	add	D-028
S1-916600984	S3-943868311	add	D-028
S1-917212959	S2-431088774	add	D-028
S1-917336894	S2-917520093	add	D-028
S1-917388722	S3-876963265	add	D-028
S1-917800265	S3-303459123	add	D-028
S1-918415928	S3-803479567	add	D-028
S1-918525884	S2-316957995	add	D-028
S1-918686275	S2-787565247	add	D-028
S1-918858954	S3-880777339	add	D-028
S1-919216032	S3-541157679	add	D-028
S1-919616225	S2-510333656	add	D-028
S1-919666438	S3-649567923	add	D-028
S1-919844270	S3-264537612	add	D-028
S1-919963865	S2-459426151	add	D-028
S1-920101263	S3-498483818	add	D-028
S1-920625795	S2-613959020	add	D-028
S1-921236492	S3-185001025	add	D-028
S1-921632621	S2-571923033	add	D-028
S1-921664972	S3-324173694	add	D-028
S1-921907366	S3-336043369	add	D-028
S1-922150347	S3-704993147	add	D-028
S1-922346167	S3-936902752	add	D-028
S1-922451107	S2-475570805	add	D-028
S1-922685421	S2-899589476	add	D-028
S1-922815907	S2-835523948	add	D-028
S1-923121813	S2-747887977	add	D-028
S1-923178965	S3-595448679	add	D-028
S1-923547225	S3-876418969	add	D-028
S1-923578870	S3-837338386	add	D-028
S1-924832059	S3-490234719	add	D-028
S1-924959212	S2-911934290	add	D-028
S1-924959212	S3-793114921	add	D-028
S1-92497335	S3-645053235	add	D-028
S1-925318753	S3-740775570	add	D-028
S1-925542320	S3-71885575	add	D-028
S1-925938674	S2-722519643	add	D-028
S1-926574605	S3-586306178	add	D-028
S1-92724375	S2-296400209	add	D-028
S1-927636784	S3-475691104	add	D-028
S1-92786299	S2-386391881	add	D-028
S1-927991758	S3-880459247	add	D-028
S1-928007265	S3-57072853	add	D-028
S1-929369538	S3-343390448	add	D-028
S1-929383068	S2-185175354	add	D-028
S1-92965359	S3-286656744	add	D-028
S1-930531619	S3-824419012	add	D-028
S1-931358465	S2-303074298	add	D-028
S1-933827746	S2-551068476	add	D-028
S1-934034393	S3-191049945	add	D-028
S1-934490138	S3-261264649	add	D-028
S1-934585640	S2-14690235	add	D-028
S1-934940995	S3-67777489	add	D-028
S1-934985566	S3-188705064	add	D-028
S1-935189100	S2-814185813	add	D-028
S1-935460811	S3-205936080	add	D-028
S1-935738041	S2-108228257	add	D-028
S1-936443744	S3-364813665	add	D-028
S1-938293134	S3-738255650	add	D-028
S1-938423390	S3-259297711	add	D-028
S1-938537279	S3-667846005	add	D-028
S1-93879838	S2-374393187	add	D-028
S1-939538604	S3-714093739	add	D-028
S1-939792631	S2-709375836	add	D-028
S1-940283725	S3-489809688	add	D-028
S1-940432325	S2-391278348	add	D-028
S1-940455732	S3-667712182	add	D-028
S1-940698095	S2-355174223	add	D-028
S1-940864575	S3-545132746	add	D-028
S1-941414804	S3-755912788	add	D-028
S1-941834401	S3-427542625	add	D-028
S1-9428481	S2-113610134	add	D-028
S1-943461324	S2-858638320	add	D-028
S1-94349266	S3-913051671	add	D-028
S1-943750987	S2-235662918	add	D-028
S1-94574319	S3-274003910	add	D-028
S1-946317942	S3-876179620	add	D-028
S1-946442489	S3-570862161	add	D-028
S1-946900475	S2-993996208	add	D-028
S1-946914158	S3-815433366	add	D-028
S1-947062813	S3-121855588	add	D-028
S1-94731170	S2-459594699	add	D-028
S1-947828803	S2-332618620	add	D-028
S1-948729099	S2-296306582	add	D-028
S1-949143152	S3-669861	add	D-028
S1-949157193	S2-819155762	add	D-028
S1-949222745	S3-113467070	add	D-028
S1-949671480	S2-174184558	add	D-028
S1-950264545	S3-902067923	add	D-028
S1-950594565	S2-713096533	add	D-028
S1-950807544	S3-849043128	add	D-028
S1-950991332	S2-514548134	add	D-028
S1-951057543	S3-312930989	add	D-028
S1-951167796	S2-312381179	add	D-028
S1-951899238	S2-382402772	add	D-028
S1-952429841	S2-133889375	add	D-028
S1-95270342	S3-802100332	add	D-028
S1-952793850	S3-326166034	add	D-028
S1-953132774	S2-762827333	add	D-028
S1-953316656	S3-629054102	add	D-028
S1-953654440	S3-132531615	add	D-028
S1-953946555	S3-805482374	add	D-028
S1-954448705	S2-412829971	add	D-028
S1-954787973	S3-608505724	add	D-028
S1-954846094	S3-578520941	add	D-028
S1-955098816	S2-217841326	add	D-028
S1-955227106	S3-113379604	add	D-028
S1-95541401	S3-95226270	add	D-028
S1-956163897	S3-860578363	add	D-028
S1-956721413	S3-183075803	add	D-028
S1-95677486	S3-753257279	add	D-028
S1-956853064	S2-485486315	add	D-028
S1-957092816	S2-969123051	add	D-028
S1-957347732	S3-891493266	add	D-028
S1-957382025	S3-674949009	add	D-028
S1-957576866	S3-695515256	add	D-028
S1-958394021	S3-231578104	add	D-028
S1-958462032	S2-168902654	add	D-028
S1-958551516	S3-746242560	add	D-028
S1-958692375	S2-156269853	add	D-028
S1-95895137	S3-102748138	add	D-028
S1-959226072	S2-879405137	add	D-028
S1-959399838	S2-954857866	add	D-028
S1-959626806	S3-419548590	add	D-028
S1-959839684	S3-238662807	add	D-028
S1-959856853	S3-897640132	add	D-028
S1-96034010	S2-885823330	add	D-028
S1-960366103	S3-449027319	add	D-028
S1-961006890	S3-568653505	add	D-028
S1-961390122	S3-818519323	add	D-028
S1-962033721	S2-146224182	add	D-028
S1-962040120	S2-67526725	add	D-028
S1-962744459	S2-211304475	add	D-028
S1-962995936	S3-874396462	add	D-028
S1-963293567	S3-129114181	add	D-028
S1-963397022	S2-567669406	add	D-028
S1-963487190	S3-909747189	add	D-028
S1-963634542	S3-879772847	add	D-028
S1-963835435	S3-220546894	add	D-028
S1-964031190	S3-935724680	add	D-028
S1-964546700	S3-293385611	add	D-028
S1-965138815	S2-985694862	add	D-028
S1-965242431	S2-293305679	add	D-028
S1-965435161	S3-971737137	add	D-028
S1-965441907	S2-507761626	add	D-028
S1-965570889	S2-364814284	add	D-028
S1-965909354	S2-832324322	add	D-028
S1-967522234	S2-878161185	add	D-028
S1-967595862	S3-449671252	add	D-028
S1-967956339	S3-900579766	add	D-028
S1-9682506	S2-977182853	add	D-028
S1-968406198	S2-47523278	add	D-028
S1-96896137	S2-646610328	add	D-028
S1-969206273	S3-946032497	add	D-028
S1-969656273	S2-746459968	add	D-028
S1-969928283	S3-120577798	add	D-028
S1-970371987	S2-541190272	add	D-028
S1-970445210	S2-732759619	add	D-028
S1-97148661	S2-765654269	add	D-028
S1-972141346	S3-460493809	add	D-028
S1-972729730	S3-164702535	add	D-028
S1-972839686	S3-500402548	add	D-028
S1-973243580	S2-509837651	add	D-028
S1-973310935	S3-224486814	add	D-028
S1-973359037	S2-735677478	add	D-028
S1-973561364	S2-969267523	add	D-028
S1-973661007	S2-586912485	add	D-028
S1-974028510	S3-681001748	add	D-028
S1-974431382	S2-157584996	add	D-028
S1-976744821	S2-246886712	add	D-028
S1-976816079	S2-46531615	add	D-028
S1-977393392	S2-476574073	add	D-028
S1-977737904	S2-794607855	add	D-028
S1-977903020	S3-648652681	add	D-028
S1-978137414	S2-219713955	add	D-028
S1-97859351	S2-267482442	add	D-028
S1-978924201	S2-443362351	add	D-028
S1-979274680	S2-930526659	add	D-028
S1-979519234	S3-861963738	add	D-028
S1-980336468	S2-358074887	add	D-028
S1-980442535	S2-976085801	add	D-028
S1-980516355	S2-163245683	add	D-028
S1-980937560	S3-322926580	add	D-028
S1-981672398	S3-556826860	add	D-028
S1-982265690	S3-738863624	add	D-028
S1-98288037	S2-50445293	add	D-028
S1-983561750	S2-334055853	add	D-028
S1-983855651	S2-433926807	add	D-028
S1-984153915	S2-429762612	add	D-028
S1-984500289	S3-385404141	add	D-028
S1-984548814	S2-955064204	add	D-028
S1-985115939	S2-873474434	add	D-028
S1-985303453	S3-18841510	add	D-028
S1-986119884	S2-893890280	add	D-028
S1-9861451	S3-261269568	add	D-028
S1-986750681	S2-688074181	add	D-028
S1-986812409	S3-340424367	add	D-028
S1-987929592	S3-383016731	add	D-028
S1-987976658	S3-983556863	add	D-028
S1-988518507	S2-830064223	add	D-028
S1-988601275	S3-600879242	add	D-028
S1-98934370	S2-874728330	add	D-028
S1-990232520	S2-944174491	add	D-028
S1-990523772	S2-689603840	add	D-028
S1-990973275	S2-284862311	add	D-028
S1-991088571	S2-116896454	add	D-028
S1-991988354	S3-105033804	add	D-028
S1-992672869	S3-29304349	add	D-028
S1-993766049	S3-245869641	add	D-028
S1-994242449	S3-365899518	add	D-028
S1-995146979	S2-398976954	add	D-028
S1-996919979	S3-833893248	add	D-028
S1-997162196	S3-314677771	add	D-028
S1-997247702	S2-999215810	add	D-028
S1-997455093	S3-743441616	add	D-028
S1-99838596	S2-605352900	add	D-028
S1-998693493	S3-517296362	add	D-028
S1-999996845	S2-358844669	add	D-028
S1-100605796	S3-833906962	remove	D-030
S1-100623514	S2-398410260	remove	D-030
S1-100849030	S3-957204697	remove	D-030
S1-101580200	S2-550410712	remove	D-030
S1-102173535	S3-17947676	remove	D-030
S1-102268996	S2-268725260	remove	D-030
S1-103020520	S3-935347227	remove	D-030
S1-103614066	S2-855624533	remove	D-030
S1-103838321	S2-528650617	remove	D-030
S1-103989447	S2-821039470	remove	D-030
S1-104574825	S2-740431643	remove	D-030
S1-105086893	S3-621583448	remove	D-030
S1-10552438	S3-716522106	remove	D-030
S1-105808653	S2-201111295	remove	D-030
S1-105871696	S3-96341921	remove	D-030
S1-106355015	S2-391143705	remove	D-030
S1-106737063	S3-942048874	remove	D-030
S1-107070149	S3-97748880	remove	D-030
S1-107203810	S3-504352228	remove	D-030
S1-10729270	S2-841704952	remove	D-030
S1-108281339	S2-30031865	remove	D-030
S1-108813327	S2-413366082	remove	D-030
S1-108883705	S2-110908454	remove	D-030
S1-108966100	S3-815864739	remove	D-030
S1-109143406	S3-270883149	remove	D-030
S1-110011541	S3-906953531	remove	D-030
S1-11029437	S3-863824533	remove	D-030
S1-110367317	S2-896722492	remove	D-030
S1-110376449	S3-658414468	remove	D-030
S1-110951113	S2-862111484	remove	D-030
S1-112545978	S3-838854200	remove	D-030
S1-11292143	S2-54377242	remove	D-030
S1-113013823	S2-300002384	remove	D-030
S1-113700125	S3-864859341	remove	D-030
S1-114204092	S2-387089773	remove	D-030
S1-114217731	S3-520909024	remove	D-030
S1-114567556	S2-541387949	remove	D-030
S1-114588348	S2-796291630	remove	D-030
S1-114810695	S2-531980874	remove	D-030
S1-11553973	S3-104591321	remove	D-030
S1-11608850	S3-927170752	remove	D-030
S1-116421864	S2-90582421	remove	D-030
S1-116581217	S2-521606582	remove	D-030
S1-116726405	S2-75568527	remove	D-030
S1-116877079	S2-248938217	remove	D-030
S1-117406112	S3-361717180	remove	D-030
S1-117481771	S2-555829968	remove	D-030
S1-117880896	S3-126062156	remove	D-030
S1-117961426	S3-587711783	remove	D-030
S1-118484506	S2-460452908	remove	D-030
S1-118494128	S2-279763668	remove	D-030
S1-118778009	S2-508191061	remove	D-030
S1-118856362	S3-262744021	remove	D-030
S1-119139904	S2-235523093	remove	D-030
S1-119415302	S3-39230412	remove	D-030
S1-119893191	S3-500516292	remove	D-030
S1-120352052	S2-221286950	remove	D-030
S1-120594434	S3-542001656	remove	D-030
S1-120801130	S2-156000129	remove	D-030
S1-121021927	S3-524062450	remove	D-030
S1-12132912	S3-336940595	remove	D-030
S1-122437517	S3-785904647	remove	D-030
S1-122909388	S2-700659374	remove	D-030
S1-123359871	S3-792199404	remove	D-030
S1-124140162	S2-121092600	remove	D-030
S1-124347419	S3-804960182	remove	D-030
S1-124507391	S3-562033843	remove	D-030
S1-125144349	S2-883783088	remove	D-030
S1-125326267	S2-315407879	remove	D-030
S1-125799304	S2-767596674	remove	D-030
S1-125836673	S2-534527813	remove	D-030
S1-12641090	S3-145944178	remove	D-030
S1-126519347	S3-134990815	remove	D-030
S1-127750196	S2-538344484	remove	D-030
S1-127800677	S3-480678603	remove	D-030
S1-128223245	S3-790240411	remove	D-030
S1-129286080	S2-430852861	remove	D-030
S1-129447284	S2-85304300	remove	D-030
S1-129466921	S2-33861549	remove	D-030
S1-1294991	S2-364217730	remove	D-030
S1-129593034	S2-83825901	remove	D-030
S1-129697233	S2-76920325	remove	D-030
S1-129721866	S2-602925492	remove	D-030
S1-129727646	S2-69284768	remove	D-030
S1-129894798	S2-566432138	remove	D-030
S1-130246089	S2-220652631	remove	D-030
S1-130353828	S3-723191449	remove	D-030
S1-130470719	S3-833476001	remove	D-030
S1-131250459	S2-624175891	remove	D-030
S1-131743630	S3-39839191	remove	D-030
S1-131947804	S3-125976663	remove	D-030
S1-132326392	S3-253666340	remove	D-030
S1-132852694	S3-920388516	remove	D-030
S1-132964243	S3-367288090	remove	D-030
S1-133139302	S3-625755621	remove	D-030
S1-133273384	S3-954254292	remove	D-030
S1-133364891	S3-495487040	remove	D-030
S1-13341416	S2-259432398	remove	D-030
S1-133663519	S3-525686763	remove	D-030
S1-133920889	S3-31558346	remove	D-030
S1-134155444	S2-77298596	remove	D-030
S1-134676908	S3-414102534	remove	D-030
S1-13512168	S2-194343475	remove	D-030
S1-135460338	S3-106427691	remove	D-030
S1-135642333	S2-105004951	remove	D-030
S1-135879013	S3-453266104	remove	D-030
S1-136255405	S3-766499078	remove	D-030
S1-136795137	S2-751225521	remove	D-030
S1-137019327	S2-19201904	remove	D-030
S1-137234384	S3-857116653	remove	D-030
S1-137469520	S2-9334097	remove	D-030
S1-137676791	S3-335818523	remove	D-030
S1-138526284	S3-18272091	remove	D-030
S1-138597932	S2-821892270	remove	D-030
S1-138997894	S3-273657355	remove	D-030
S1-139382225	S3-753510176	remove	D-030
S1-139460198	S2-651011347	remove	D-030
S1-139742833	S3-672742593	remove	D-030
S1-139768311	S2-777620932	remove	D-030
S1-14054557	S3-788030295	remove	D-030
S1-140760796	S2-473128408	remove	D-030
S1-141687236	S2-315341373	remove	D-030
S1-141732220	S3-218303679	remove	D-030
S1-1417627	S3-931840495	remove	D-030
S1-142624162	S2-971632331	remove	D-030
S1-14269997	S2-910173293	remove	D-030
S1-142959560	S2-551358233	remove	D-030
S1-143389494	S3-340061673	remove	D-030
S1-144139776	S3-351433121	remove	D-030
S1-14435389	S3-790747166	remove	D-030
S1-144396331	S2-948923000	remove	D-030
S1-145370818	S2-851395455	remove	D-030
S1-145532549	S3-719041348	remove	D-030
S1-145653402	S2-145072973	remove	D-030
S1-14611117	S2-402379646	remove	D-030
S1-14611117	S2-806707982	remove	D-030
S1-146493377	S3-563860148	remove	D-030
S1-146625373	S3-379237703	remove	D-030
S1-146988980	S2-595348399	remove	D-030
S1-147133058	S2-125551105	remove	D-030
S1-149246388	S2-117922294	remove	D-030
S1-149662867	S3-932511316	remove	D-030
S1-150033003	S3-112461970	remove	D-030
S1-150345232	S2-308180709	remove	D-030
S1-150403242	S3-115234133	remove	D-030
S1-150530667	S2-670006609	remove	D-030
S1-151263826	S3-979389609	remove	D-030
S1-151823520	S3-492643430	remove	D-030
S1-151985174	S2-277920579	remove	D-030
S1-152435746	S3-576589382	remove	D-030
S1-152672995	S3-682433031	remove	D-030
S1-152672995	S3-810593756	remove	D-030
S1-154731761	S3-201401327	remove	D-030
S1-154761061	S3-96597223	remove	D-030
S1-155503299	S3-759982547	remove	D-030
S1-156039185	S2-966377253	remove	D-030
S1-156515859	S3-723063738	remove	D-030
S1-156961583	S3-251551411	remove	D-030
S1-157008582	S3-283726393	remove	D-030
S1-157651306	S3-833118747	remove	D-030
S1-157991765	S3-176810507	remove	D-030
S1-158342827	S3-142936954	remove	D-030
S1-159580884	S3-660762036	remove	D-030
S1-159586335	S2-507741860	remove	D-030
S1-159764390	S3-819744381	remove	D-030
S1-159909331	S2-907111433	remove	D-030
S1-160455475	S3-245065444	remove	D-030
S1-161061483	S2-371726280	remove	D-030
S1-161294317	S3-97483339	remove	D-030
S1-161650150	S2-632489743	remove	D-030
S1-162291838	S3-466798234	remove	D-030
S1-16275834	S3-713705743	remove	D-030
S1-162842109	S3-543497692	remove	D-030
S1-163068796	S2-406368768	remove	D-030
S1-163480599	S2-977635565	remove	D-030
S1-163753206	S2-538451873	remove	D-030
S1-163822130	S2-939670308	remove	D-030
S1-164507840	S2-823798066	remove	D-030
S1-165123918	S2-513904898	remove	D-030
S1-165346808	S3-122236923	remove	D-030
S1-165576147	S2-478952619	remove	D-030
S1-166147845	S3-4355141	remove	D-030
S1-166217523	S3-922156154	remove	D-030
S1-166268546	S2-334947633	remove	D-030
S1-166455369	S3-252545673	remove	D-030
S1-16665702	S2-344408598	remove	D-030
S1-16750710	S3-332444356	remove	D-030
S1-167535451	S2-184898880	remove	D-030
S1-168097947	S2-186416133	remove	D-030
S1-168188251	S2-275579647	remove	D-030
S1-168351692	S2-618035738	remove	D-030
S1-168441106	S3-579169386	remove	D-030
S1-168608594	S3-895030697	remove	D-030
S1-168734096	S3-702125789	remove	D-030
S1-16878900	S3-624071049	remove	D-030
S1-169113589	S2-500212051	remove	D-030
S1-169324313	S2-769665522	remove	D-030
S1-170028500	S2-964281887	remove	D-030
S1-170206727	S2-231742114	remove	D-030
S1-17175607	S2-619194216	remove	D-030
S1-172326302	S3-704830225	remove	D-030
S1-172360006	S3-507888212	remove	D-030
S1-172743199	S2-888142543	remove	D-030
S1-173570434	S2-166531557	remove	D-030
S1-173776647	S2-463022761	remove	D-030
S1-174657772	S3-6960420	remove	D-030
S1-174845373	S3-53618502	remove	D-030
S1-175382738	S2-134210772	remove	D-030
S1-175448204	S3-601679716	remove	D-030
S1-175465022	S2-425871656	remove	D-030
S1-17586237	S3-657142582	remove	D-030
S1-176063111	S3-968510140	remove	D-030
S1-176333441	S3-302254852	remove	D-030
S1-176486166	S2-272275207	remove	D-030
S1-176519717	S2-290031760	remove	D-030
S1-176569453	S3-357948779	remove	D-030
S1-176801253	S2-156831340	remove	D-030
S1-177353510	S2-400960912	remove	D-030
S1-17743635	S3-475732663	remove	D-030
S1-17744972	S2-965604616	remove	D-030
S1-177647523	S3-229587790	remove	D-030
S1-17799912	S2-240242203	remove	D-030
S1-178059395	S3-23967841	remove	D-030
S1-178092575	S2-672297235	remove	D-030
S1-17816372	S2-203405132	remove	D-030
S1-178283933	S2-773881714	remove	D-030
S1-178391105	S2-678360175	remove	D-030
S1-178761433	S2-608835771	remove	D-030
S1-17901085	S3-137411769	remove	D-030
S1-179017811	S2-109884493	remove	D-030
S1-17923322	S2-323408662	remove	D-030
S1-179495593	S3-300834356	remove	D-030
S1-179516677	S2-40703671	remove	D-030
S1-179699614	S3-563470425	remove	D-030
S1-180090791	S3-2657754	remove	D-030
S1-180274246	S3-584469972	remove	D-030
S1-180443985	S2-379794440	remove	D-030
S1-180520505	S2-125309584	remove	D-030
S1-180676955	S3-41289863	remove	D-030
S1-180795447	S3-341205006	remove	D-030
S1-181150546	S2-478641595	remove	D-030
S1-182039640	S3-121129241	remove	D-030
S1-183664885	S3-553353372	remove	D-030
S1-184386836	S2-575043431	remove	D-030
S1-184727917	S3-846747765	remove	D-030
S1-185437524	S2-527224950	remove	D-030
S1-185618111	S2-223341637	remove	D-030
S1-185788374	S2-467887087	remove	D-030
S1-186793976	S2-96982571	remove	D-030
S1-187410042	S3-944417990	remove	D-030
S1-187466622	S3-843337349	remove	D-030
S1-187536081	S3-52371872	remove	D-030
S1-188409679	S2-937054480	remove	D-030
S1-188705395	S3-618632851	remove	D-030
S1-189326842	S3-237990462	remove	D-030
S1-189344009	S2-583865613	remove	D-030
S1-189965292	S3-633410249	remove	D-030
S1-189968690	S3-883106698	remove	D-030
S1-190558745	S2-924568528	remove	D-030
S1-190838865	S2-682754897	remove	D-030
S1-190891022	S2-488749430	remove	D-030
S1-190901703	S2-783239672	remove	D-030
S1-191252268	S2-681339944	remove	D-030
S1-191554391	S2-107212019	remove	D-030
S1-194653958	S3-507010115	remove	D-030
S1-194778	S2-231516983	remove	D-030
S1-195615162	S3-531422898	remove	D-030
S1-195979170	S3-851163481	remove	D-030
S1-196178141	S3-524915805	remove	D-030
S1-196492262	S2-205015529	remove	D-030
S1-196785811	S2-419078402	remove	D-030
S1-196930967	S2-337899431	remove	D-030
S1-197489320	S3-734317041	remove	D-030
S1-197805077	S2-7600009	remove	D-030
S1-198377795	S2-340102314	remove	D-030
S1-199628328	S2-77595722	remove	D-030
S1-199742739	S2-878570501	remove	D-030
S1-200113807	S2-534507995	remove	D-030
S1-200803659	S3-589455562	remove	D-030
S1-200812883	S2-943491144	remove	D-030
S1-200943197	S3-196380214	remove	D-030
S1-201583244	S3-86997437	remove	D-030
S1-202349579	S3-967091899	remove	D-030
S1-202690462	S3-571190766	remove	D-030
S1-203590664	S3-487640837	remove	D-030
S1-204092920	S2-571225369	remove	D-030
S1-204311410	S2-493796411	remove	D-030
S1-204559297	S3-714354537	remove	D-030
S1-205486942	S3-786052188	remove	D-030
S1-205796213	S3-822144294	remove	D-030
S1-206369658	S2-15161468	remove	D-030
S1-206635906	S3-580712821	remove	D-030
S1-207097697	S3-800673378	remove	D-030
S1-20744957	S2-582774913	remove	D-030
S1-20758553	S3-214827241	remove	D-030
S1-207674286	S3-463223640	remove	D-030
S1-207970212	S3-612362745	remove	D-030
S1-208004977	S3-835739823	remove	D-030
S1-208161991	S3-196742100	remove	D-030
S1-208843865	S2-863707080	remove	D-030
S1-209525345	S2-67375892	remove	D-030
S1-209541344	S2-214864796	remove	D-030
S1-209688190	S2-649863007	remove	D-030
S1-210055285	S3-411283801	remove	D-030
S1-210357371	S2-610088877	remove	D-030
S1-210423289	S3-821094940	remove	D-030
S1-210940156	S2-376048920	remove	D-030
S1-211439216	S2-122250291	remove	D-030
S1-211783631	S3-533133410	remove	D-030
S1-212026859	S2-637252245	remove	D-030
S1-212167293	S3-422050625	remove	D-030
S1-212297984	S3-684248311	remove	D-030
S1-212806411	S2-1124232	remove	D-030
S1-212929212	S3-301854904	remove	D-030
S1-213125446	S3-302456309	remove	D-030
S1-213318241	S3-105484771	remove	D-030
S1-213566807	S3-998172679	remove	D-030
S1-213806135	S3-411651318	remove	D-030
S1-214240008	S2-317223466	remove	D-030
S1-214425512	S3-106614684	remove	D-030
S1-215320318	S2-156594211	remove	D-030
S1-215350881	S3-99487752	remove	D-030
S1-215457768	S3-167423639	remove	D-030
S1-215562324	S2-930802143	remove	D-030
S1-215627038	S3-235973946	remove	D-030
S1-215752924	S3-40654428	remove	D-030
S1-215972434	S3-549250724	remove	D-030
S1-216338153	S2-361713249	remove	D-030
S1-217431179	S3-981180119	remove	D-030
S1-218729002	S2-326050993	remove	D-030
S1-218847038	S2-261036964	remove	D-030
S1-21902417	S2-729710986	remove	D-030
S1-21931561	S2-601632048	remove	D-030
S1-219720389	S2-498614592	remove	D-030
S1-219894663	S3-811808252	remove	D-030
S1-22036594	S3-866411840	remove	D-030
S1-220987063	S3-197514221	remove	D-030
S1-221542911	S2-705053501	remove	D-030
S1-221847498	S2-553934411	remove	D-030
S1-222461071	S2-230674241	remove	D-030
S1-223444498	S2-848701036	remove	D-030
S1-223533020	S2-877670281	remove	D-030
S1-223667366	S3-170665123	remove	D-030
S1-223874416	S2-488636697	remove	D-030
S1-224276399	S3-833150861	remove	D-030
S1-225054768	S3-275992722	remove	D-030
S1-225351751	S2-354447401	remove	D-030
S1-225351751	S3-534870649	remove	D-030
S1-225677486	S2-308168165	remove	D-030
S1-226176803	S3-320964615	remove	D-030
S1-227140538	S2-699246810	remove	D-030
S1-227283373	S3-977427405	remove	D-030
S1-227292803	S3-944642602	remove	D-030
S1-227617516	S3-424169727	remove	D-030
S1-227918274	S3-481626477	remove	D-030
S1-228185858	S2-744016517	remove	D-030
S1-228234851	S3-166535719	remove	D-030
S1-228663621	S3-331423097	remove	D-030
S1-229107745	S2-559809087	remove	D-030
S1-229166520	S2-555557902	remove	D-030
S1-229568371	S3-748658279	remove	D-030
S1-229771517	S2-973829465	remove	D-030
S1-230413767	S2-816628781	remove	D-030
S1-23041785	S3-609431531	remove	D-030
S1-23160813	S3-413548544	remove	D-030
S1-231684073	S2-154715492	remove	D-030
S1-231935320	S2-697107304	remove	D-030
S1-232039608	S2-339947660	remove	D-030
S1-232572285	S2-642333443	remove	D-030
S1-232764265	S3-48442866	remove	D-030
S1-233441075	S3-430024341	remove	D-030
S1-23347140	S2-967653086	remove	D-030
S1-233694814	S3-241060898	remove	D-030
S1-234223579	S2-13882486	remove	D-030
S1-234308520	S3-777197479	remove	D-030
S1-234579831	S3-534438286	remove	D-030
S1-234775813	S2-144692678	remove	D-030
S1-234777831	S2-850661278	remove	D-030
S1-235027017	S3-95247432	remove	D-030
S1-235065333	S3-6334386	remove	D-030
S1-236519473	S2-683643264	remove	D-030
S1-236940950	S2-256854790	remove	D-030
S1-236958243	S2-468773485	remove	D-030
S1-237439626	S3-755972122	remove	D-030
S1-237503005	S2-529868046	remove	D-030
S1-23766818	S3-677547825	remove	D-030
S1-238108696	S2-212751331	remove	D-030
S1-238281834	S2-84092727	remove	D-030
S1-238473228	S3-796218594	remove	D-030
S1-238763002	S2-292029147	remove	D-030
S1-238990336	S2-693971536	remove	D-030
S1-239030213	S3-131960342	remove	D-030
S1-239331480	S2-91079062	remove	D-030
S1-240101283	S3-979226659	remove	D-030
S1-240409922	S2-967840924	remove	D-030
S1-240574366	S3-796950504	remove	D-030
S1-241289271	S3-230268740	remove	D-030
S1-241392706	S2-336184272	remove	D-030
S1-242003311	S3-836683704	remove	D-030
S1-242016341	S2-125178493	remove	D-030
S1-242487523	S3-663827400	remove	D-030
S1-24249476	S3-917662691	remove	D-030
S1-242916787	S3-498436170	remove	D-030
S1-245285573	S3-224954455	remove	D-030
S1-245812543	S2-313466437	remove	D-030
S1-245817922	S2-946719657	remove	D-030
S1-24627012	S3-20795820	remove	D-030
S1-246904085	S3-529422527	remove	D-030
S1-246920324	S2-725028850	remove	D-030
S1-247030874	S3-892518392	remove	D-030
S1-247061654	S3-430289951	remove	D-030
S1-247242308	S3-812147596	remove	D-030
S1-247323883	S2-331435220	remove	D-030
S1-247943680	S2-152988072	remove	D-030
S1-248177570	S3-424711960	remove	D-030
S1-248323977	S3-404437608	remove	D-030
S1-248738339	S3-239197254	remove	D-030
S1-248965121	S3-694493073	remove	D-030
S1-24905665	S2-863329712	remove	D-030
S1-249540562	S3-887434719	remove	D-030
S1-249593947	S3-98256775	remove	D-030
S1-249703503	S3-61902402	remove	D-030
S1-249890137	S2-726995414	remove	D-030
S1-249989829	S2-360967387	remove	D-030
S1-250662822	S3-254681046	remove	D-030
S1-251065777	S3-861576373	remove	D-030
S1-252173219	S3-324161747	remove	D-030
S1-25227510	S3-267650477	remove	D-030
S1-252356214	S3-514222302	remove	D-030
S1-252769532	S3-729306961	remove	D-030
S1-252906357	S3-878328214	remove	D-030
S1-253072373	S3-602314856	remove	D-030
S1-25342782	S2-661368530	remove	D-030
S1-253852649	S3-82039891	remove	D-030
S1-253961090	S2-182856713	remove	D-030
S1-254439195	S3-845903949	remove	D-030
S1-254787521	S3-702408171	remove	D-030
S1-254921473	S3-503074611	remove	D-030
S1-255261809	S3-168126053	remove	D-030
S1-255321281	S3-547025445	remove	D-030
S1-25552338	S3-786409497	remove	D-030
S1-255775792	S3-516784497	remove	D-030
S1-255925819	S3-716693680	remove	D-030
S1-256810955	S3-262316176	remove	D-030
S1-256887524	S2-77451149	remove	D-030
S1-257009762	S2-82790773	remove	D-030
S1-257065537	S2-483288611	remove	D-030
S1-257428834	S3-318645266	remove	D-030
S1-257476865	S3-327919563	remove	D-030
S1-257574027	S2-141502097	remove	D-030
S1-25794001	S2-661475790	remove	D-030
S1-258299112	S3-261143483	remove	D-030
S1-258355250	S3-648922407	remove	D-030
S1-25838405	S2-593796149	remove	D-030
S1-258757298	S2-126275761	remove	D-030
S1-258795720	S2-676626661	remove	D-030
S1-259243671	S3-456669776	remove	D-030
S1-259353977	S2-183282196	remove	D-030
S1-259632089	S3-136486218	remove	D-030
S1-259718261	S3-280706759	remove	D-030
S1-259978472	S3-218335320	remove	D-030
S1-259989676	S2-621556788	remove	D-030
S1-26048540	S2-989467276	remove	D-030
S1-260789727	S3-727456665	remove	D-030
S1-261198811	S3-141677503	remove	D-030
S1-26139934	S2-389908560	remove	D-030
S1-261420216	S2-726466951	remove	D-030
S1-262769266	S3-773194727	remove	D-030
S1-262791561	S3-210523437	remove	D-030
S1-262860619	S2-372055522	remove	D-030
S1-262974183	S2-363887860	remove	D-030
S1-263275892	S2-143889094	remove	D-030
S1-263426332	S3-678456201	remove	D-030
S1-264141525	S3-132231739	remove	D-030
S1-264346412	S2-775757090	remove	D-030
S1-264352077	S2-352121414	remove	D-030
S1-265295040	S2-914006241	remove	D-030
S1-265447895	S2-693604611	remove	D-030
S1-266215371	S3-637885518	remove	D-030
S1-267971678	S3-426337451	remove	D-030
S1-268356723	S2-501038047	remove	D-030
S1-268578061	S2-923763973	remove	D-030
S1-268607322	S3-540694505	remove	D-030
S1-268725114	S2-84145972	remove	D-030
S1-26883942	S3-433159651	remove	D-030
S1-269209258	S2-109093830	remove	D-030
S1-269236248	S2-560181491	remove	D-030
S1-270380625	S2-31075112	remove	D-030
S1-270443779	S2-51896278	remove	D-030
S1-270550439	S2-68803738	remove	D-030
S1-270767508	S2-976494562	remove	D-030
S1-271105480	S2-175988139	remove	D-030
S1-271156177	S3-871159788	remove	D-030
S1-271285393	S2-308832331	remove	D-030
S1-271449497	S3-477384331	remove	D-030
S1-271640035	S3-377836452	remove	D-030
S1-271957819	S2-226799150	remove	D-030
S1-271991890	S2-71133797	remove	D-030
S1-272333276	S2-865992881	remove	D-030
S1-272885364	S2-854385795	remove	D-030
S1-273527536	S3-444693377	remove	D-030
S1-273830030	S3-126132120	remove	D-030
S1-274852681	S3-721126555	remove	D-030
S1-274897020	S3-291097026	remove	D-030
S1-275312005	S2-539582922	remove	D-030
S1-275344610	S3-602203356	remove	D-030
S1-275701352	S2-668756454	remove	D-030
S1-276285236	S3-772241978	remove	D-030
S1-276469493	S3-884072321	remove	D-030
S1-276598294	S2-43598710	remove	D-030
S1-277585526	S3-864061864	remove	D-030
S1-278037951	S3-746712703	remove	D-030
S1-278087612	S3-312749789	remove	D-030
S1-278360163	S2-664527670	remove	D-030
S1-278425438	S3-440250097	remove	D-030
S1-278440149	S2-938619514	remove	D-030
S1-27921946	S2-789086095	remove	D-030
S1-279471711	S3-731224220	remove	D-030
S1-279823956	S3-740711783	remove	D-030
S1-280171042	S2-395548892	remove	D-030
S1-280521504	S3-708054314	remove	D-030
S1-280815681	S3-202763155	remove	D-030
S1-282348196	S3-491916954	remove	D-030
S1-282465747	S2-678867011	remove	D-030
S1-282823233	S3-962142895	remove	D-030
S1-283051241	S2-815262664	remove	D-030
S1-283283999	S2-925294534	remove	D-030
S1-283571292	S2-23997470	remove	D-030
S1-283645981	S3-490920420	remove	D-030
S1-284129468	S3-931874306	remove	D-030
S1-285115104	S3-921585611	remove	D-030
S1-285152319	S2-603948856	remove	D-030
S1-285335846	S2-79206933	remove	D-030
S1-28565940	S3-589264963	remove	D-030
S1-285831456	S3-270579235	remove	D-030
S1-2859480	S2-44405977	remove	D-030
S1-287623388	S3-620930127	remove	D-030
S1-287699358	S2-236866787	remove	D-030
S1-2880063	S3-759342422	remove	D-030
S1-288170660	S3-828974657	remove	D-030
S1-288477659	S3-756998082	remove	D-030
S1-288741859	S2-439826348	remove	D-030
S1-289450797	S3-605248602	remove	D-030
S1-289892661	S2-362687763	remove	D-030
S1-290120785	S2-945836899	remove	D-030
S1-290147617	S3-641858281	remove	D-030
S1-290190066	S3-243303429	remove	D-030
S1-290303899	S3-690122511	remove	D-030
S1-290347486	S3-780479421	remove	D-030
S1-290420908	S3-953705444	remove	D-030
S1-290705616	S2-63854795	remove	D-030
S1-290929199	S3-962290081	remove	D-030
S1-291159554	S3-986667313	remove	D-030
S1-291920072	S2-839367235	remove	D-030
S1-292240745	S2-446990920	remove	D-030
S1-29226415	S2-332033554	remove	D-030
S1-292288276	S3-2844348	remove	D-030
S1-293045539	S3-721006634	remove	D-030
S1-293399528	S2-890794511	remove	D-030
S1-293788736	S3-726390507	remove	D-030
S1-294001852	S3-842475770	remove	D-030
S1-294359121	S2-684034789	remove	D-030
S1-295653533	S3-497783184	remove	D-030
S1-296264129	S2-854420710	remove	D-030
S1-297306649	S2-887255	remove	D-030
S1-29773949	S2-130389021	remove	D-030
S1-297971099	S3-729874126	remove	D-030
S1-298315519	S3-46154174	remove	D-030
S1-298751807	S3-110395720	remove	D-030
S1-299249494	S3-80222272	remove	D-030
S1-299407435	S2-433142595	remove	D-030
S1-299640561	S2-502837277	remove	D-030
S1-299655473	S2-43632533	remove	D-030
S1-300001122	S2-483519456	remove	D-030
S1-300043592	S2-699665145	remove	D-030
S1-300164345	S3-565546303	remove	D-030
S1-300301951	S3-968167277	remove	D-030
S1-300717416	S2-493190260	remove	D-030
S1-300791087	S2-872548800	remove	D-030
S1-301228892	S3-125119504	remove	D-030
S1-301479983	S3-542847596	remove	D-030
S1-301586299	S2-803945885	remove	D-030
S1-301596383	S2-815938958	remove	D-030
S1-302186720	S2-435647780	remove	D-030
S1-302280623	S2-396013349	remove	D-030
S1-303080126	S2-817310464	remove	D-030
S1-303341489	S3-100025522	remove	D-030
S1-303527102	S2-951210293	remove	D-030
S1-304131364	S2-824755464	remove	D-030
S1-304332522	S3-629986734	remove	D-030
S1-304358261	S2-221752099	remove	D-030
S1-304358261	S3-358078848	remove	D-030
S1-304983784	S2-342249593	remove	D-030
S1-304991263	S3-920535353	remove	D-030
S1-305009746	S3-566792153	remove	D-030
S1-305578975	S2-39281686	remove	D-030
S1-305969596	S3-6710483	remove	D-030
S1-305973069	S2-306822996	remove	D-030
S1-306858470	S2-563141410	remove	D-030
S1-306903708	S3-695128201	remove	D-030
S1-307473429	S3-651254306	remove	D-030
S1-308449980	S2-134983795	remove	D-030
S1-308629812	S3-972192019	remove	D-030
S1-309389408	S3-756700832	remove	D-030
S1-309547933	S2-459859700	remove	D-030
S1-309676435	S3-63107594	remove	D-030
S1-310333528	S2-623981321	remove	D-030
S1-310688558	S2-786498121	remove	D-030
S1-310895557	S3-808673657	remove	D-030
S1-31101536	S2-484632291	remove	D-030
S1-311943448	S2-672959754	remove	D-030
S1-311952604	S2-449255034	remove	D-030
S1-31276734	S3-529219384	remove	D-030
S1-313326937	S3-148373030	remove	D-030
S1-313422599	S3-390259077	remove	D-030
S1-313942453	S2-308735279	remove	D-030
S1-313974582	S2-309867791	remove	D-030
S1-314052809	S2-875493311	remove	D-030
S1-31408852	S3-501489592	remove	D-030
S1-314556045	S2-32166583	remove	D-030
S1-314662310	S3-260739074	remove	D-030
S1-315102261	S3-385155122	remove	D-030
S1-315212382	S3-871386173	remove	D-030
S1-315758998	S3-956403122	remove	D-030
S1-316868052	S3-855151524	remove	D-030
S1-316949884	S2-530086687	remove	D-030
S1-317882667	S3-51198678	remove	D-030
S1-317904759	S2-126841042	remove	D-030
S1-318155595	S3-108270485	remove	D-030
S1-31846454	S2-215081979	remove	D-030
S1-318620156	S3-874608135	remove	D-030
S1-318851033	S3-452393245	remove	D-030
S1-319313552	S2-330243502	remove	D-030
S1-319547673	S3-20718554	remove	D-030
S1-319998107	S3-230677634	remove	D-030
S1-320189331	S2-94555067	remove	D-030
S1-320284432	S3-194697220	remove	D-030
S1-320908131	S3-371062182	remove	D-030
S1-321183660	S3-284776358	remove	D-030
S1-321354621	S2-734211367	remove	D-030
S1-322609026	S3-829113767	remove	D-030
S1-322679648	S2-519741615	remove	D-030
S1-322726271	S2-641829399	remove	D-030
S1-323193788	S2-825135240	remove	D-030
S1-323578074	S3-137709268	remove	D-030
S1-32405121	S2-117541584	remove	D-030
S1-324224987	S3-279491958	remove	D-030
S1-324399832	S3-38405911	remove	D-030
S1-324404837	S2-843451132	remove	D-030
S1-324613163	S2-567571347	remove	D-030
S1-325176938	S3-415356650	remove	D-030
S1-325742485	S3-292857519	remove	D-030
S1-325917012	S2-553950236	remove	D-030
S1-326140906	S2-874303462	remove	D-030
S1-326195806	S3-919884407	remove	D-030
S1-326703126	S3-73276721	remove	D-030
S1-327057884	S3-143490587	remove	D-030
S1-327323900	S2-355487941	remove	D-030
S1-327348815	S2-39824691	remove	D-030
S1-32747208	S3-784266749	remove	D-030
S1-327898161	S2-937240628	remove	D-030
S1-328451403	S2-323788498	remove	D-030
S1-328489193	S3-614204927	remove	D-030
S1-329901737	S2-748073825	remove	D-030
S1-33035696	S3-212979662	remove	D-030
S1-330695607	S3-38488235	remove	D-030
S1-331116735	S3-795317126	remove	D-030
S1-3313282	S2-84389141	remove	D-030
S1-331511021	S3-100232618	remove	D-030
S1-331919205	S3-386388474	remove	D-030
S1-332317633	S3-73248191	remove	D-030
S1-332412790	S3-119554171	remove	D-030
S1-332420727	S2-86329695	remove	D-030
S1-332719783	S2-576785906	remove	D-030
S1-332919685	S3-229702546	remove	D-030
S1-3329504	S3-169060805	remove	D-030
S1-33316428	S3-34366996	remove	D-030
S1-333877942	S2-132171025	remove	D-030
S1-334045696	S3-884454811	remove	D-030
S1-334667186	S3-831319467	remove	D-030
S1-334814441	S3-781850865	remove	D-030
S1-335398216	S2-605687947	remove	D-030
S1-3356841	S3-602463081	remove	D-030
S1-335778788	S2-659970956	remove	D-030
S1-335883190	S2-643108751	remove	D-030
S1-335891380	S3-594453327	remove	D-030
S1-335921985	S2-858773027	remove	D-030
S1-335942098	S2-648073914	remove	D-030
S1-336051796	S3-641851881	remove	D-030
S1-336671776	S3-583432611	remove	D-030
S1-336673457	S2-678773328	remove	D-030
S1-336979140	S2-137952691	remove	D-030
S1-337279660	S3-277477130	remove	D-030
S1-337792355	S2-276920130	remove	D-030
S1-337825860	S2-38709504	remove	D-030
S1-338001201	S3-46300474	remove	D-030
S1-338038530	S2-544164098	remove	D-030
S1-338240513	S3-336471038	remove	D-030
S1-339024966	S2-164416715	remove	D-030
S1-33916722	S3-294772293	remove	D-030
S1-33965289	S3-578360673	remove	D-030
S1-339661424	S3-938632024	remove	D-030
S1-339803248	S3-964290754	remove	D-030
S1-340091006	S3-175204217	remove	D-030
S1-340097216	S3-458757893	remove	D-030
S1-340171825	S3-87705459	remove	D-030
S1-340237647	S3-407585492	remove	D-030
S1-340266110	S2-20820806	remove	D-030
S1-340459256	S3-345786578	remove	D-030
S1-341115021	S2-921422555	remove	D-030
S1-341588434	S2-676150943	remove	D-030
S1-341987227	S2-180512595	remove	D-030
S1-342557512	S3-41580056	remove	D-030
S1-342941255	S3-116186631	remove	D-030
S1-344173785	S2-118413516	remove	D-030
S1-344315114	S3-985774021	remove	D-030
S1-344825430	S2-662187876	remove	D-030
S1-345061305	S2-783040389	remove	D-030
S1-345089030	S3-86612427	remove	D-030
S1-345091156	S3-944642530	remove	D-030
S1-345150986	S2-709282280	remove	D-030
S1-345289269	S2-604411514	remove	D-030
S1-345317167	S3-665636214	remove	D-030
S1-345621547	S2-606515897	remove	D-030
S1-345947765	S2-125624672	remove	D-030
S1-346281336	S2-979531925	remove	D-030
S1-34686298	S2-373864628	remove	D-030
S1-347152939	S2-635905466	remove	D-030
S1-348323199	S3-990955198	remove	D-030
S1-348480813	S3-815458259	remove	D-030
S1-348584502	S2-782452831	remove	D-030
S1-34866011	S2-616309613	remove	D-030
S1-348996851	S2-934641854	remove	D-030
S1-349264610	S3-670141668	remove	D-030
S1-350497372	S3-961177131	remove	D-030
S1-352334501	S3-736163894	remove	D-030
S1-352334501	S3-924396304	remove	D-030
S1-352544536	S2-3424767	remove	D-030
S1-352890903	S2-509871297	remove	D-030
S1-353118032	S3-978431827	remove	D-030
S1-353540501	S3-376180942	remove	D-030
S1-353792583	S3-920426901	remove	D-030
S1-354236108	S3-356809439	remove	D-030
S1-354806566	S2-140444646	remove	D-030
S1-354910131	S2-218690511	remove	D-030
S1-355826659	S2-625047712	remove	D-030
S1-356937731	S2-403138674	remove	D-030
S1-357168202	S2-868249454	remove	D-030
S1-357310271	S2-547922059	remove	D-030
S1-35743510	S2-524087002	remove	D-030
S1-35784677	S2-590616893	remove	D-030
S1-358015426	S2-723441536	remove	D-030
S1-358040682	S3-268305780	remove	D-030
S1-358626941	S3-785004058	remove	D-030
S1-35864873	S3-565242412	remove	D-030
S1-358682305	S3-350654895	remove	D-030
S1-358866167	S2-999149814	remove	D-030
S1-359489700	S3-89505660	remove	D-030
S1-359512873	S3-296605564	remove	D-030
S1-359541064	S2-358569684	remove	D-030
S1-360013783	S3-740238399	remove	D-030
S1-360150501	S2-127964017	remove	D-030
S1-360262960	S3-793428089	remove	D-030
S1-360793550	S3-364344075	remove	D-030
S1-360900288	S3-529651314	remove	D-030
S1-360955404	S3-435803733	remove	D-030
S1-361182381	S2-452151906	remove	D-030
S1-361905843	S3-182990950	remove	D-030
S1-36240747	S2-541046586	remove	D-030
S1-36270059	S3-144647942	remove	D-030
S1-362927216	S2-295411867	remove	D-030
S1-363659832	S3-196401603	remove	D-030
S1-363704251	S2-854241548	remove	D-030
S1-363945265	S3-642905149	remove	D-030
S1-364522787	S3-205147247	remove	D-030
S1-364602878	S2-593435271	remove	D-030
S1-364626870	S2-825311337	remove	D-030
S1-364714852	S3-751808413	remove	D-030
S1-364789270	S3-944145017	remove	D-030
S1-364930378	S2-192514667	remove	D-030
S1-365146398	S2-808505431	remove	D-030
S1-365205421	S2-463612032	remove	D-030
S1-365232453	S3-89557988	remove	D-030
S1-365687857	S3-134979900	remove	D-030
S1-365907902	S3-644580114	remove	D-030
S1-367013796	S2-500047597	remove	D-030
S1-367184706	S3-104607407	remove	D-030
S1-367204365	S2-647390549	remove	D-030
S1-367381197	S2-749809012	remove	D-030
S1-367468400	S3-300300157	remove	D-030
S1-36751990	S2-279901409	remove	D-030
S1-367716114	S2-52570917	remove	D-030
S1-367843558	S2-804792302	remove	D-030
S1-368153743	S2-613627551	remove	D-030
S1-368460242	S2-764059062	remove	D-030
S1-368650313	S2-870524588	remove	D-030
S1-369574634	S3-709722623	remove	D-030
S1-369835395	S3-854169105	remove	D-030
S1-369980464	S3-214960300	remove	D-030
S1-370315296	S2-19859301	remove	D-030
S1-370707387	S3-575959576	remove	D-030
S1-370975593	S2-594236661	remove	D-030
S1-371529411	S2-558597680	remove	D-030
S1-371699348	S2-325399792	remove	D-030
S1-372521292	S2-861362712	remove	D-030
S1-37260597	S2-488219415	remove	D-030
S1-37276456	S2-504144380	remove	D-030
S1-372802951	S2-401341893	remove	D-030
S1-37285215	S3-36967649	remove	D-030
S1-373433215	S3-204333906	remove	D-030
S1-373676750	S3-374125821	remove	D-030
S1-373947439	S3-761991554	remove	D-030
S1-374528483	S3-989286955	remove	D-030
S1-374777139	S3-892513228	remove	D-030
S1-374986011	S3-61597431	remove	D-030
S1-376634952	S2-334535123	remove	D-030
S1-376662561	S3-953683061	remove	D-030
S1-377089109	S2-780600692	remove	D-030
S1-377253340	S3-391225510	remove	D-030
S1-377301105	S3-520571895	remove	D-030
S1-377561462	S3-459783302	remove	D-030
S1-378269595	S3-716246394	remove	D-030
S1-378562472	S3-991238124	remove	D-030
S1-379300405	S3-726819783	remove	D-030
S1-379375998	S3-391920099	remove	D-030
S1-380342146	S3-362434057	remove	D-030
S1-381772153	S3-245347564	remove	D-030
S1-382310944	S3-605140354	remove	D-030
S1-382648968	S3-886902665	remove	D-030
S1-383181527	S2-661324255	remove	D-030
S1-383788328	S2-971824690	remove	D-030
S1-38392864	S2-777264482	remove	D-030
S1-384180465	S2-9073972	remove	D-030
S1-384209930	S2-375158257	remove	D-030
S1-38434112	S3-993278069	remove	D-030
S1-384682085	S2-984501889	remove	D-030
S1-384754147	S3-217833927	remove	D-030
S1-384785541	S2-308305615	remove	D-030
S1-385508472	S2-554171616	remove	D-030
S1-386356719	S3-276556414	remove	D-030
S1-386382791	S3-381441076	remove	D-030
S1-38643979	S3-626399153	remove	D-030
S1-386546158	S2-245510662	remove	D-030
S1-387003322	S3-888718062	remove	D-030
S1-387217840	S2-532158762	remove	D-030
S1-387358173	S2-465281355	remove	D-030
S1-387608194	S3-299927500	remove	D-030
S1-387803578	S3-46961828	remove	D-030
S1-387934020	S3-313885174	remove	D-030
S1-388971731	S3-952240600	remove	D-030
S1-389169884	S3-888028806	remove	D-030
S1-389254120	S3-365313171	remove	D-030
S1-389933986	S3-884953223	remove	D-030
S1-389984336	S3-1602821	remove	D-030
S1-390500242	S3-867824327	remove	D-030
S1-390510911	S2-388716968	remove	D-030
S1-390579541	S2-542753742	remove	D-030
S1-391181968	S2-237261884	remove	D-030
S1-391386276	S3-472389106	remove	D-030
S1-391401054	S2-550288573	remove	D-030
S1-391549186	S2-368771661	remove	D-030
S1-391595668	S3-427485743	remove	D-030
S1-391995531	S3-214523650	remove	D-030
S1-392221858	S3-321162734	remove	D-030
S1-393275377	S3-276908139	remove	D-030
S1-39338159	S3-228626201	remove	D-030
S1-39367868	S3-956248259	remove	D-030
S1-394302625	S2-448376298	remove	D-030
S1-394387596	S2-197965713	remove	D-030
S1-394588323	S3-184802109	remove	D-030
S1-394687999	S3-922371078	remove	D-030
S1-394786301	S2-706206216	remove	D-030
S1-395069692	S3-981236369	remove	D-030
S1-395745545	S2-588744481	remove	D-030
S1-396152984	S3-606645342	remove	D-030
S1-396170530	S3-183364953	remove	D-030
S1-39638513	S2-118563069	remove	D-030
S1-396449163	S2-119507261	remove	D-030
S1-396647976	S2-866165536	remove	D-030
S1-396895097	S2-610116682	remove	D-030
S1-39712156	S3-171416140	remove	D-030
S1-398266015	S2-760384042	remove	D-030
S1-398390563	S3-493149582	remove	D-030
S1-398921679	S3-878070523	remove	D-030
S1-399150566	S2-597348390	remove	D-030
S1-399277034	S3-245399200	remove	D-030
S1-399349382	S3-33754342	remove	D-030
S1-399496087	S3-635765539	remove	D-030
S1-399773508	S2-940906327	remove	D-030
S1-39981727	S3-27859157	remove	D-030
S1-399861441	S3-502685145	remove	D-030
S1-400399170	S2-925111722	remove	D-030
S1-400877644	S3-419925820	remove	D-030
S1-401142649	S2-293436061	remove	D-030
S1-401177917	S2-115656814	remove	D-030
S1-401476428	S2-940200453	remove	D-030
S1-401476428	S3-79978512	remove	D-030
S1-401525788	S3-323939065	remove	D-030
S1-40201678	S2-744084043	remove	D-030
S1-402036116	S3-314222517	remove	D-030
S1-40232530	S3-840701435	remove	D-030
S1-402367704	S3-122842071	remove	D-030
S1-402397236	S3-900649331	remove	D-030
S1-40284327	S2-993053796	remove	D-030
S1-403030980	S2-168537036	remove	D-030
S1-403233970	S2-24011130	remove	D-030
S1-403392433	S3-111315576	remove	D-030
S1-40376650	S2-835558660	remove	D-030
S1-404722885	S3-51703883	remove	D-030
S1-404800647	S2-544732983	remove	D-030
S1-405280871	S2-144471947	remove	D-030
S1-405418925	S2-425182320	remove	D-030
S1-405454958	S2-818612157	remove	D-030
S1-40567760	S2-143362412	remove	D-030
S1-405887365	S2-912104564	remove	D-030
S1-406424676	S2-178542136	remove	D-030
S1-407250113	S2-637072818	remove	D-030
S1-407562984	S3-362860980	remove	D-030
S1-407786331	S3-617480166	remove	D-030
S1-407941234	S2-774626463	remove	D-030
S1-408009522	S2-408377141	remove	D-030
S1-408155984	S3-87436640	remove	D-030
S1-408709339	S3-25174423	remove	D-030
S1-409319558	S3-234781343	remove	D-030
S1-409894240	S3-674158449	remove	D-030
S1-410357700	S2-935030943	remove	D-030
S1-410858946	S2-807869112	remove	D-030
S1-410978971	S2-37675204	remove	D-030
S1-411223255	S2-806786732	remove	D-030
S1-411365135	S3-596952261	remove	D-030
S1-411638922	S3-157559999	remove	D-030
S1-411720397	S2-59560304	remove	D-030
S1-411752353	S3-42334171	remove	D-030
S1-412171152	S3-158181440	remove	D-030
S1-412545792	S3-154947591	remove	D-030
S1-413037972	S3-726211364	remove	D-030
S1-413156890	S3-309801333	remove	D-030
S1-413177339	S3-579181391	remove	D-030
S1-413269698	S3-478759652	remove	D-030
S1-414203177	S2-607218480	remove	D-030
S1-414334221	S3-376786157	remove	D-030
S1-415163465	S2-275365389	remove	D-030
S1-415521510	S2-42948200	remove	D-030
S1-416456891	S3-465383681	remove	D-030
S1-417374759	S2-597109394	remove	D-030
S1-418060218	S3-649363342	remove	D-030
S1-418517040	S2-950962822	remove	D-030
S1-418817933	S3-681413972	remove	D-030
S1-419302345	S3-174322621	remove	D-030
S1-419690874	S3-888400173	remove	D-030
S1-419816623	S3-464837095	remove	D-030
S1-420411953	S3-833245301	remove	D-030
S1-420555008	S3-914028499	remove	D-030
S1-421153522	S2-370772732	remove	D-030
S1-42123635	S3-977515418	remove	D-030
S1-421437114	S2-917184107	remove	D-030
S1-421638238	S2-260991424	remove	D-030
S1-421714209	S3-512924092	remove	D-030
S1-421844431	S3-714064538	remove	D-030
S1-422773167	S2-81944796	remove	D-030
S1-422811955	S3-566589097	remove	D-030
S1-423076517	S3-896565674	remove	D-030
S1-423446195	S2-807102388	remove	D-030
S1-423925047	S3-120944164	remove	D-030
S1-424237772	S2-527636047	remove	D-030
S1-424616660	S2-696647192	remove	D-030
S1-424712391	S2-710796301	remove	D-030
S1-424849833	S3-406891678	remove	D-030
S1-425083226	S2-941392453	remove	D-030
S1-425451647	S3-200326570	remove	D-030
S1-426074078	S3-234557161	remove	D-030
S1-426355326	S3-464757032	remove	D-030
S1-42651727	S2-660220911	remove	D-030
S1-426722688	S3-942469289	remove	D-030
S1-426927835	S2-347531683	remove	D-030
S1-427332354	S3-169126003	remove	D-030
S1-427370111	S3-902317445	remove	D-030
S1-427784421	S3-444991623	remove	D-030
S1-427794491	S3-931356158	remove	D-030
S1-427971877	S2-379624111	remove	D-030
S1-428058832	S2-448848385	remove	D-030
S1-42824094	S2-691951070	remove	D-030
S1-428642670	S3-769026413	remove	D-030
S1-428834968	S3-400050024	remove	D-030
S1-429240722	S2-565979254	remove	D-030
S1-429255260	S2-223256623	remove	D-030
S1-429268966	S2-577431196	remove	D-030
S1-429459454	S3-427374509	remove	D-030
S1-429786583	S2-932607607	remove	D-030
S1-430756254	S3-397889857	remove	D-030
S1-431236865	S3-575064075	remove	D-030
S1-431432812	S3-576780372	remove	D-030
S1-431575621	S2-421615218	remove	D-030
S1-431695890	S3-790262465	remove	D-030
S1-4321506	S2-35372557	remove	D-030
S1-432473755	S2-86537897	remove	D-030
S1-432595786	S3-134215852	remove	D-030
S1-432923930	S3-735242636	remove	D-030
S1-433040875	S2-485243596	remove	D-030
S1-434170485	S3-695170812	remove	D-030
S1-434777021	S2-169902882	remove	D-030
S1-435815829	S3-588542634	remove	D-030
S1-435936287	S2-754815448	remove	D-030
S1-436059252	S3-21654777	remove	D-030
S1-436617746	S2-218370674	remove	D-030
S1-436627573	S3-983607739	remove	D-030
S1-43708403	S3-626591329	remove	D-030
S1-437294791	S2-305026959	remove	D-030
S1-437868752	S3-602943715	remove	D-030
S1-437991408	S2-314243551	remove	D-030
S1-438460037	S2-497370164	remove	D-030
S1-438833527	S2-298744891	remove	D-030
S1-438833527	S2-415943439	remove	D-030
S1-4392943	S3-272267660	remove	D-030
S1-439316755	S2-824919739	remove	D-030
S1-439375398	S3-376333110	remove	D-030
S1-439830911	S2-694079367	remove	D-030
S1-4401604	S3-189398227	remove	D-030
S1-440954746	S2-993790687	remove	D-030
S1-442055177	S3-615490523	remove	D-030
S1-442500971	S3-788923370	remove	D-030
S1-44296004	S2-39923155	remove	D-030
S1-443082627	S2-983686143	remove	D-030
S1-443179242	S3-790142196	remove	D-030
S1-443960494	S2-323511921	remove	D-030
S1-444414976	S2-241278745	remove	D-030
S1-444796380	S2-657177252	remove	D-030
S1-445071431	S3-828378946	remove	D-030
S1-445334011	S3-383890518	remove	D-030
S1-445416692	S2-388856382	remove	D-030
S1-44640626	S3-343154894	remove	D-030
S1-446754194	S3-440812782	remove	D-030
S1-447976156	S2-143608531	remove	D-030
S1-448090138	S2-793356688	remove	D-030
S1-448252163	S2-970049926	remove	D-030
S1-448896084	S2-994815066	remove	D-030
S1-448927753	S2-23124824	remove	D-030
S1-449220864	S2-818550362	remove	D-030
S1-449661213	S2-565892767	remove	D-030
S1-451136135	S2-824545746	remove	D-030
S1-451458109	S3-130458846	remove	D-030
S1-451944534	S3-585341222	remove	D-030
S1-452125137	S2-988080706	remove	D-030
S1-452163139	S2-104415877	remove	D-030
S1-452955335	S3-857906988	remove	D-030
S1-453218794	S3-756983159	remove	D-030
S1-453240263	S2-79153781	remove	D-030
S1-453395911	S2-728479842	remove	D-030
S1-45342588	S2-638557571	remove	D-030
S1-453576783	S2-681250258	remove	D-030
S1-453765116	S3-820397543	remove	D-030
S1-454061847	S3-469668863	remove	D-030
S1-454106812	S3-290643558	remove	D-030
S1-454155899	S2-123075633	remove	D-030
S1-454245474	S2-971684120	remove	D-030
S1-454507826	S2-491150748	remove	D-030
S1-454954145	S3-599506400	remove	D-030
S1-455115812	S2-438823790	remove	D-030
S1-455323226	S3-461713046	remove	D-030
S1-455356856	S3-199825465	remove	D-030
S1-455500522	S2-126448168	remove	D-030
S1-456568871	S3-204008252	remove	D-030
S1-458075027	S2-104826038	remove	D-030
S1-458177529	S3-857962011	remove	D-030
S1-45824665	S3-757431625	remove	D-030
S1-458317385	S2-27806402	remove	D-030
S1-45857657	S2-285903877	remove	D-030
S1-458585476	S3-338101181	remove	D-030
S1-458715007	S3-148906041	remove	D-030
S1-459802715	S3-284094362	remove	D-030
S1-46012714	S3-138385259	remove	D-030
S1-46023148	S3-294511365	remove	D-030
S1-460846016	S2-501528907	remove	D-030
S1-461615728	S3-431310637	remove	D-030
S1-461825168	S2-743823999	remove	D-030
S1-462703985	S3-727582590	remove	D-030
S1-463406573	S2-677910663	remove	D-030
S1-463683045	S2-275220959	remove	D-030
S1-464151862	S2-550583954	remove	D-030
S1-464189976	S2-505996412	remove	D-030
S1-464625893	S3-323945707	remove	D-030
S1-464893646	S3-952402710	remove	D-030
S1-465562117	S3-106937285	remove	D-030
S1-465685154	S2-281699685	remove	D-030
S1-466513920	S3-810472699	remove	D-030
S1-466688198	S2-792645189	remove	D-030
S1-466896511	S3-179957375	remove	D-030
S1-467534102	S2-261009228	remove	D-030
S1-467711302	S3-565277366	remove	D-030
S1-468329959	S3-948057042	remove	D-030
S1-468679897	S3-356430447	remove	D-030
S1-468690827	S3-466414058	remove	D-030
S1-468762849	S2-753421117	remove	D-030
S1-469071866	S3-179312159	remove	D-030
S1-469498556	S3-741513737	remove	D-030
S1-469713835	S2-344934268	remove	D-030
S1-469778099	S3-938874364	remove	D-030
S1-469845857	S2-392435852	remove	D-030
S1-470523690	S3-610205365	remove	D-030
S1-470973287	S2-185006814	remove	D-030
S1-471091192	S3-468468356	remove	D-030
S1-471346598	S3-387189324	remove	D-030
S1-471985455	S3-128364926	remove	D-030
S1-472189986	S3-844889050	remove	D-030
S1-472532714	S3-150214131	remove	D-030
S1-4728094	S3-335619388	remove	D-030
S1-473064348	S3-462697939	remove	D-030
S1-473372135	S3-280792841	remove	D-030
S1-473572152	S3-745115494	remove	D-030
S1-473952126	S3-919710607	remove	D-030
S1-474958182	S3-100317087	remove	D-030
S1-474976185	S2-371925351	remove	D-030
S1-475042298	S3-147609395	remove	D-030
S1-475859793	S2-35232068	remove	D-030
S1-476064092	S2-787192647	remove	D-030
S1-47621705	S3-393113707	remove	D-030
S1-47629114	S2-638100929	remove	D-030
S1-476690596	S2-868243895	remove	D-030
S1-476892937	S2-200793403	remove	D-030
S1-477279174	S3-638924795	remove	D-030
S1-477371383	S3-186851722	remove	D-030
S1-477461458	S3-426717646	remove	D-030
S1-477937351	S3-982486189	remove	D-030
S1-478026715	S2-57779449	remove	D-030
S1-478251033	S3-251578266	remove	D-030
S1-478729205	S3-879496956	remove	D-030
S1-479874879	S3-882515565	remove	D-030
S1-479890796	S3-257952193	remove	D-030
S1-479971445	S3-553228579	remove	D-030
S1-480087047	S3-83308143	remove	D-030
S1-48014578	S3-976424322	remove	D-030
S1-480731598	S2-479420331	remove	D-030
S1-480853007	S3-227655179	remove	D-030
S1-481348663	S2-686264607	remove	D-030
S1-481674161	S2-475432978	remove	D-030
S1-481806059	S2-353213077	remove	D-030
S1-482097329	S2-328364323	remove	D-030
S1-482631756	S3-25572367	remove	D-030
S1-482694592	S2-522274887	remove	D-030
S1-482752714	S3-732894578	remove	D-030
S1-483881858	S2-545547514	remove	D-030
S1-483914628	S2-299958854	remove	D-030
S1-484594909	S2-838159063	remove	D-030
S1-484709894	S2-659658273	remove	D-030
S1-485746205	S3-65426482	remove	D-030
S1-48658344	S3-375773254	remove	D-030
S1-486833237	S2-57299510	remove	D-030
S1-487368994	S3-50095156	remove	D-030
S1-48763189	S2-288015983	remove	D-030
S1-487654512	S2-153439399	remove	D-030
S1-487654512	S3-664359854	remove	D-030
S1-487704847	S3-698204931	remove	D-030
S1-488052935	S3-534010725	remove	D-030
S1-488588981	S3-659080746	remove	D-030
S1-489059199	S3-759605877	remove	D-030
S1-48952685	S3-938931022	remove	D-030
S1-48978948	S3-785720493	remove	D-030
S1-490482068	S3-787686967	remove	D-030
S1-490675014	S2-973086771	remove	D-030
S1-490731003	S3-979173499	remove	D-030
S1-491280251	S2-389067268	remove	D-030
S1-491804658	S2-681319766	remove	D-030
S1-492106989	S2-761044070	remove	D-030
S1-492213259	S3-557070365	remove	D-030
S1-492500343	S3-728488088	remove	D-030
S1-49268898	S3-729674523	remove	D-030
S1-493567195	S2-831486504	remove	D-030
S1-49400858	S2-801139050	remove	D-030
S1-494021768	S3-586898547	remove	D-030
S1-494195215	S2-490848762	remove	D-030
S1-494379354	S2-828304787	remove	D-030
S1-494393707	S3-950303224	remove	D-030
S1-494507737	S2-889428230	remove	D-030
S1-494918839	S3-53001042	remove	D-030
S1-495312147	S2-255539675	remove	D-030
S1-495511918	S3-314545324	remove	D-030
S1-495717672	S2-569673818	remove	D-030
S1-49624918	S3-549358179	remove	D-030
S1-496403960	S3-789063374	remove	D-030
S1-49640912	S3-75093743	remove	D-030
S1-497241363	S3-827447128	remove	D-030
S1-497351309	S3-314693291	remove	D-030
S1-497874560	S2-978248568	remove	D-030
S1-497984510	S3-725366685	remove	D-030
S1-498250693	S3-651301806	remove	D-030
S1-499311177	S3-418467301	remove	D-030
S1-500315245	S3-604357175	remove	D-030
S1-500368390	S3-412071952	remove	D-030
S1-500711816	S3-303919807	remove	D-030
S1-500877386	S2-280306379	remove	D-030
S1-500921754	S3-53654784	remove	D-030
S1-500981101	S2-926627989	remove	D-030
S1-501384273	S2-912848863	remove	D-030
S1-501677852	S2-590176190	remove	D-030
S1-502818004	S3-941641987	remove	D-030
S1-503093666	S3-75553311	remove	D-030
S1-503754649	S3-675804448	remove	D-030
S1-503797393	S3-441462520	remove	D-030
S1-503869416	S3-593237559	remove	D-030
S1-504339435	S2-904520108	remove	D-030
S1-504342601	S3-491396360	remove	D-030
S1-504705089	S2-179120301	remove	D-030
S1-505014339	S2-149296498	remove	D-030
S1-505084097	S3-824128521	remove	D-030
S1-505671388	S3-648640164	remove	D-030
S1-505765405	S3-311886804	remove	D-030
S1-505823645	S3-413180959	remove	D-030
S1-505849562	S2-654714034	remove	D-030
S1-506163702	S3-925991106	remove	D-030
S1-50626087	S2-833338707	remove	D-030
S1-506905011	S2-437675688	remove	D-030
S1-507350390	S2-958583233	remove	D-030
S1-508128315	S3-606894808	remove	D-030
S1-51035741	S3-59376006	remove	D-030
S1-510592878	S3-145865227	remove	D-030
S1-511000893	S3-259466188	remove	D-030
S1-511672469	S2-721969140	remove	D-030
S1-511909916	S2-359062543	remove	D-030
S1-51218727	S2-404646936	remove	D-030
S1-512241384	S3-272126097	remove	D-030
S1-512879030	S3-844650197	remove	D-030
S1-513279045	S2-957575073	remove	D-030
S1-514858253	S3-452679846	remove	D-030
S1-515223527	S3-51617508	remove	D-030
S1-516772143	S3-359193560	remove	D-030
S1-517345425	S2-500733224	remove	D-030
S1-517422605	S3-482424702	remove	D-030
S1-517476045	S3-958578618	remove	D-030
S1-518572509	S2-451538092	remove	D-030
S1-518790393	S2-241330989	remove	D-030
S1-51897553	S2-259360089	remove	D-030
S1-51969897	S3-192997781	remove	D-030
S1-520035934	S3-106072911	remove	D-030
S1-520149516	S2-351647022	remove	D-030
S1-52110139	S3-745683838	remove	D-030
S1-521955356	S2-589633265	remove	D-030
S1-522011426	S3-184481993	remove	D-030
S1-522761114	S3-102356730	remove	D-030
S1-523049377	S2-709849405	remove	D-030
S1-523390690	S2-872312170	remove	D-030
S1-523588116	S2-905497276	remove	D-030
S1-524761726	S3-369015337	remove	D-030
S1-525273241	S2-476669398	remove	D-030
S1-526041584	S2-530959033	remove	D-030
S1-526143398	S3-665106117	remove	D-030
S1-526449462	S3-199059430	remove	D-030
S1-526545212	S3-346720346	remove	D-030
S1-526960370	S2-360779706	remove	D-030
S1-527002833	S3-437112722	remove	D-030
S1-527845017	S3-469465141	remove	D-030
S1-528431234	S2-857526710	remove	D-030
S1-528504455	S3-49523141	remove	D-030
S1-528761459	S2-505417964	remove	D-030
S1-530031791	S2-798570763	remove	D-030
S1-530272277	S2-841530309	remove	D-030
S1-530782753	S2-320177035	remove	D-030
S1-53115236	S2-395222884	remove	D-030
S1-531505748	S3-58953213	remove	D-030
S1-53157430	S3-137128081	remove	D-030
S1-531706508	S2-891648356	remove	D-030
S1-532623014	S2-438997666	remove	D-030
S1-532752720	S3-491348491	remove	D-030
S1-532754799	S2-785863963	remove	D-030
S1-533003265	S3-8427670	remove	D-030
S1-533097598	S3-733772450	remove	D-030
S1-534408243	S2-230215743	remove	D-030
S1-53527623	S3-380553315	remove	D-030
S1-535333701	S3-378986422	remove	D-030
S1-535827582	S2-589459848	remove	D-030
S1-535943802	S2-20837559	remove	D-030
S1-536213563	S3-38819788	remove	D-030
S1-536233044	S3-940710624	remove	D-030
S1-536539665	S3-676072233	remove	D-030
S1-53662889	S2-989812373	remove	D-030
S1-536821610	S2-22682483	remove	D-030
S1-536941445	S3-903721245	remove	D-030
S1-536945409	S3-451521052	remove	D-030
S1-536976842	S3-372730145	remove	D-030
S1-537376801	S2-693807778	remove	D-030
S1-538412496	S3-899799417	remove	D-030
S1-538490136	S2-847703889	remove	D-030
S1-538734403	S3-798428335	remove	D-030
S1-539225078	S2-942241964	remove	D-030
S1-539289944	S3-512889932	remove	D-030
S1-540326374	S3-709590741	remove	D-030
S1-540948297	S3-463622034	remove	D-030
S1-540978857	S3-578229863	remove	D-030
S1-541146833	S2-474183072	remove	D-030
S1-542922888	S3-790101777	remove	D-030
S1-543826440	S2-827126472	remove	D-030
S1-543950302	S2-87494978	remove	D-030
S1-544145196	S3-484127270	remove	D-030
S1-544632008	S3-305777845	remove	D-030
S1-544702776	S2-899423620	remove	D-030
S1-545052890	S2-712091230	remove	D-030
S1-546283149	S3-438659868	remove	D-030
S1-54783763	S2-956472482	remove	D-030
S1-548607995	S2-180109220	remove	D-030
S1-548791147	S3-30238444	remove	D-030
S1-548884289	S3-139701284	remove	D-030
S1-549432562	S3-669766250	remove	D-030
S1-549704230	S2-310386454	remove	D-030
S1-549973649	S2-435724436	remove	D-030
S1-550176736	S3-773700611	remove	D-030
S1-55115381	S3-178542201	remove	D-030
S1-552011017	S3-89910168	remove	D-030
S1-552447058	S2-931925423	remove	D-030
S1-552454951	S3-139410363	remove	D-030
S1-55267391	S2-210997079	remove	D-030
S1-552692059	S3-17308006	remove	D-030
S1-552734862	S2-255638735	remove	D-030
S1-552919508	S3-612777283	remove	D-030
S1-553236069	S3-611160561	remove	D-030
S1-553740302	S2-54728365	remove	D-030
S1-553865508	S3-460677132	remove	D-030
S1-554387077	S3-550409465	remove	D-030
S1-554728256	S2-675153212	remove	D-030
S1-554853008	S3-230162954	remove	D-030
S1-555536797	S2-192819799	remove	D-030
S1-556454006	S3-636454240	remove	D-030
S1-556495300	S2-669072836	remove	D-030
S1-556681443	S3-351997191	remove	D-030
S1-557301987	S3-483649270	remove	D-030
S1-557444666	S3-858247157	remove	D-030
S1-557559873	S3-906032867	remove	D-030
S1-557663564	S3-37258952	remove	D-030
S1-557675012	S3-872860100	remove	D-030
S1-557709445	S2-560090650	remove	D-030
S1-558501845	S3-836982239	remove	D-030
S1-558543272	S2-347917344	remove	D-030
S1-559249657	S3-418801880	remove	D-030
S1-559554945	S3-621410922	remove	D-030
S1-560085121	S2-9528010	remove	D-030
S1-560129303	S3-933739393	remove	D-030
S1-560612901	S3-760341507	remove	D-030
S1-560751434	S2-626080065	remove	D-030
S1-561209345	S2-673805027	remove	D-030
S1-561483835	S3-462211195	remove	D-030
S1-561766280	S3-287169173	remove	D-030
S1-561804856	S2-28279237	remove	D-030
S1-562555932	S3-677447599	remove	D-030
S1-562909627	S3-457061488	remove	D-030
S1-562985588	S3-375854837	remove	D-030
S1-56308658	S2-915388979	remove	D-030
S1-563436870	S2-157045685	remove	D-030
S1-563975965	S3-399183081	remove	D-030
S1-56465513	S3-312828999	remove	D-030
S1-565113771	S3-177975404	remove	D-030
S1-565341348	S3-141329201	remove	D-030
S1-565750868	S3-468591026	remove	D-030
S1-566723044	S3-21160018	remove	D-030
S1-566850077	S2-650634047	remove	D-030
S1-56726237	S3-738491229	remove	D-030
S1-568210992	S3-370223546	remove	D-030
S1-569113490	S3-718945634	remove	D-030
S1-569130462	S3-317367353	remove	D-030
S1-56913311	S3-715551518	remove	D-030
S1-569903262	S2-115882974	remove	D-030
S1-570187003	S2-408817319	remove	D-030
S1-570407016	S3-18701840	remove	D-030
S1-570417469	S3-729023115	remove	D-030
S1-570418325	S2-588867318	remove	D-030
S1-570571481	S3-467180941	remove	D-030
S1-570677807	S2-169346903	remove	D-030
S1-571888872	S3-771044264	remove	D-030
S1-572005266	S3-498035835	remove	D-030
S1-572459992	S3-204775884	remove	D-030
S1-572990016	S2-74263322	remove	D-030
S1-57338654	S3-499189208	remove	D-030
S1-573697675	S2-532261441	remove	D-030
S1-574128885	S3-583535747	remove	D-030
S1-574379765	S3-647850151	remove	D-030
S1-574779326	S3-54969840	remove	D-030
S1-575472362	S3-415741517	remove	D-030
S1-575776813	S2-640525576	remove	D-030
S1-575997973	S3-636902721	remove	D-030
S1-576101545	S3-220806578	remove	D-030
S1-576516947	S2-342591354	remove	D-030
S1-57712919	S3-531034299	remove	D-030
S1-577759445	S2-652094766	remove	D-030
S1-578253294	S3-312204151	remove	D-030
S1-578299234	S2-943686665	remove	D-030
S1-578647322	S3-837497649	remove	D-030
S1-57868620	S2-723907625	remove	D-030
S1-579164769	S3-330894514	remove	D-030
S1-579229709	S2-660710007	remove	D-030
S1-579247026	S3-198211979	remove	D-030
S1-579342728	S2-457420927	remove	D-030
S1-579465988	S3-768709793	remove	D-030
S1-57949224	S3-464892502	remove	D-030
S1-580356497	S3-714187137	remove	D-030
S1-580407801	S3-843229993	remove	D-030
S1-580939731	S3-722245455	remove	D-030
S1-581061784	S3-932199339	remove	D-030
S1-581442283	S2-970713016	remove	D-030
S1-581463707	S3-910806467	remove	D-030
S1-582018930	S3-689710570	remove	D-030
S1-582205407	S3-60477437	remove	D-030
S1-582302534	S3-272824271	remove	D-030
S1-582418820	S3-677092332	remove	D-030
S1-583200550	S3-878346126	remove	D-030
S1-583555365	S2-775888706	remove	D-030
S1-583665124	S2-960193189	remove	D-030
S1-583703861	S3-602848505	remove	D-030
S1-584503243	S2-453164612	remove	D-030
S1-585535475	S3-477238063	remove	D-030
S1-585814006	S3-46706223	remove	D-030
S1-586170061	S2-229453891	remove	D-030
S1-586537330	S3-231135013	remove	D-030
S1-586726570	S3-524546941	remove	D-030
S1-586985375	S2-219524343	remove	D-030
S1-587049254	S2-659999114	remove	D-030
S1-58706155	S2-451571589	remove	D-030
S1-587110824	S3-411607086	remove	D-030
S1-587225893	S3-222009293	remove	D-030
S1-587442012	S3-538851726	remove	D-030
S1-587561215	S2-89162222	remove	D-030
S1-588030526	S3-856483929	remove	D-030
S1-588493198	S3-636914304	remove	D-030
S1-588749288	S2-985024922	remove	D-030
S1-589210368	S2-863646329	remove	D-030
S1-589302245	S3-760422009	remove	D-030
S1-589570045	S2-551249300	remove	D-030
S1-589795308	S3-832213908	remove	D-030
S1-589817542	S3-723442672	remove	D-030
S1-589855368	S3-566333256	remove	D-030
S1-590193525	S3-75461045	remove	D-030
S1-590480102	S3-27665927	remove	D-030
S1-590729793	S3-291634518	remove	D-030
S1-59092749	S2-516130619	remove	D-030
S1-59092749	S3-206340595	remove	D-030
S1-59093436	S2-741485821	remove	D-030
S1-591208078	S3-160933210	remove	D-030
S1-591394637	S3-337839657	remove	D-030
S1-591546471	S3-256934177	remove	D-030
S1-591666778	S3-556451741	remove	D-030
S1-591712662	S3-961382821	remove	D-030
S1-592318869	S2-321461551	remove	D-030
S1-592615134	S2-7932145	remove	D-030
S1-592982097	S2-594358611	remove	D-030
S1-593174360	S3-145906386	remove	D-030
S1-593777118	S3-916836772	remove	D-030
S1-594442681	S3-905028029	remove	D-030
S1-594854915	S3-617315773	remove	D-030
S1-594860652	S2-371145456	remove	D-030
S1-595002452	S2-46478732	remove	D-030
S1-595373896	S3-53234966	remove	D-030
S1-595558972	S2-825148638	remove	D-030
S1-596184832	S2-960271365	remove	D-030
S1-596393371	S3-493903792	remove	D-030
S1-596803801	S3-882210675	remove	D-030
S1-596805687	S2-1113969	remove	D-030
S1-596896335	S3-815243791	remove	D-030
S1-597550191	S3-166206920	remove	D-030
S1-597755582	S2-397871595	remove	D-030
S1-597987786	S3-954426288	remove	D-030
S1-598068321	S3-417189289	remove	D-030
S1-598119153	S2-67919230	remove	D-030
S1-598570518	S2-440662344	remove	D-030
S1-598688987	S2-317308677	remove	D-030
S1-598930998	S3-370618596	remove	D-030
S1-599311087	S3-398514039	remove	D-030
S1-599381572	S3-474680486	remove	D-030
S1-599581563	S3-334473875	remove	D-030
S1-599591436	S3-588760151	remove	D-030
S1-599607964	S2-569003980	remove	D-030
S1-599617365	S3-474604558	remove	D-030
S1-600058494	S3-782521696	remove	D-030
S1-600075490	S3-141303151	remove	D-030
S1-600079271	S3-292043629	remove	D-030
S1-600461733	S3-833756661	remove	D-030
S1-6009101	S3-334938024	remove	D-030
S1-601255052	S3-580791883	remove	D-030
S1-601675011	S3-962010695	remove	D-030
S1-602145510	S3-237561632	remove	D-030
S1-602325430	S3-770116283	remove	D-030
S1-602349289	S3-852865059	remove	D-030
S1-602431586	S3-744320206	remove	D-030
S1-602870998	S3-38625595	remove	D-030
S1-603343780	S2-288589787	remove	D-030
S1-603703774	S2-69009892	remove	D-030
S1-603997743	S3-97735108	remove	D-030
S1-604155014	S3-215919292	remove	D-030
S1-604987234	S2-299849857	remove	D-030
S1-606501215	S3-408691948	remove	D-030
S1-60667980	S2-521263619	remove	D-030
S1-60668419	S3-90692453	remove	D-030
S1-606720232	S3-455996885	remove	D-030
S1-606980126	S3-628661283	remove	D-030
S1-607036304	S3-351487595	remove	D-030
S1-607195739	S2-800086838	remove	D-030
S1-608012551	S2-226443660	remove	D-030
S1-608429414	S3-97319680	remove	D-030
S1-608549035	S2-228172692	remove	D-030
S1-608601652	S2-830860715	remove	D-030
S1-609208385	S2-170380151	remove	D-030
S1-609306081	S3-566474511	remove	D-030
S1-609619714	S2-214304828	remove	D-030
S1-60990331	S3-510683060	remove	D-030
S1-610244299	S3-303217386	remove	D-030
S1-611581764	S3-69988010	remove	D-030
S1-611929728	S2-439531374	remove	D-030
S1-612369220	S3-448488980	remove	D-030
S1-613474921	S3-746543919	remove	D-030
S1-613536463	S2-848012454	remove	D-030
S1-613647915	S2-61919674	remove	D-030
S1-614200355	S2-250562051	remove	D-030
S1-61445207	S2-95229922	remove	D-030
S1-615436617	S3-429882321	remove	D-030
S1-616923800	S3-741350260	remove	D-030
S1-618014867	S2-639662232	remove	D-030
S1-618054284	S2-822880025	remove	D-030
S1-618366048	S3-615768494	remove	D-030
S1-618662844	S2-915252382	remove	D-030
S1-618757206	S2-993518756	remove	D-030
S1-618767397	S3-230969706	remove	D-030
S1-618795027	S2-847609927	remove	D-030
S1-619818735	S2-435710930	remove	D-030
S1-620682200	S3-881667067	remove	D-030
S1-621338405	S3-973525438	remove	D-030
S1-621382928	S3-751991591	remove	D-030
S1-62183541	S3-976225282	remove	D-030
S1-622258122	S3-922394625	remove	D-030
S1-622876632	S2-213752364	remove	D-030
S1-623180442	S2-869616481	remove	D-030
S1-623210910	S3-5195941	remove	D-030
S1-623937716	S2-761365692	remove	D-030
S1-624169691	S2-350286860	remove	D-030
S1-62452440	S3-144311455	remove	D-030
S1-625159800	S2-332759819	remove	D-030
S1-625620985	S3-923599570	remove	D-030
S1-62588912	S2-268602569	remove	D-030
S1-626381554	S2-228999729	remove	D-030
S1-626381554	S3-406027446	remove	D-030
S1-626590565	S3-409651790	remove	D-030
S1-627087922	S2-198305773	remove	D-030
S1-627245983	S2-294287724	remove	D-030
S1-627927975	S2-386556291	remove	D-030
S1-627994278	S3-106302940	remove	D-030
S1-628014253	S2-404557646	remove	D-030
S1-628676818	S2-579285991	remove	D-030
S1-628778926	S3-935173514	remove	D-030
S1-628983554	S2-673118862	remove	D-030
S1-629076458	S2-616906817	remove	D-030
S1-629143402	S2-204179136	remove	D-030
S1-629336165	S3-20106433	remove	D-030
S1-629604664	S3-964574459	remove	D-030
S1-62995022	S2-226575680	remove	D-030
S1-630521053	S3-413679106	remove	D-030
S1-631038743	S2-673206669	remove	D-030
S1-631325353	S3-213420511	remove	D-030
S1-631374430	S3-369119079	remove	D-030
S1-63148686	S3-583777136	remove	D-030
S1-632011556	S2-277630059	remove	D-030
S1-632011556	S3-760278334	remove	D-030
S1-632167187	S2-154076637	remove	D-030
S1-632519013	S3-343933426	remove	D-030
S1-632577629	S3-238583750	remove	D-030
S1-633152558	S2-803421477	remove	D-030
S1-633880673	S2-580911099	remove	D-030
S1-633946215	S3-664441492	remove	D-030
S1-634063439	S2-297664829	remove	D-030
S1-63413224	S3-710532930	remove	D-030
S1-634306130	S2-726437353	remove	D-030
S1-63432065	S3-684887610	remove	D-030
S1-634796326	S3-42153634	remove	D-030
S1-635975738	S2-622348668	remove	D-030
S1-636498948	S3-371218503	remove	D-030
S1-636762646	S2-45367908	remove	D-030
S1-636898571	S3-734967245	remove	D-030
S1-637026588	S3-234712773	remove	D-030
S1-637315769	S3-343979809	remove	D-030
S1-637315769	S3-81845456	remove	D-030
S1-637552200	S3-208706411	remove	D-030
S1-638781526	S3-626352907	remove	D-030
S1-639546971	S3-629693909	remove	D-030
S1-639952268	S2-675648432	remove	D-030
S1-64009545	S3-365791501	remove	D-030
S1-64020939	S2-548595180	remove	D-030
S1-640456990	S2-716353033	remove	D-030
S1-640469581	S2-361717870	remove	D-030
S1-640469581	S2-89687037	remove	D-030
S1-640469581	S2-980717734	remove	D-030
S1-640695639	S3-66087937	remove	D-030
S1-640757539	S3-890116429	remove	D-030
S1-641226066	S3-499583940	remove	D-030
S1-641230480	S2-541431144	remove	D-030
S1-64184573	S3-270558454	remove	D-030
S1-642705988	S3-376659947	remove	D-030
S1-643263375	S3-99306605	remove	D-030
S1-643299350	S3-234841721	remove	D-030
S1-643683307	S2-128890546	remove	D-030
S1-645450468	S2-235891167	remove	D-030
S1-645622330	S3-91446542	remove	D-030
S1-645662805	S3-564071835	remove	D-030
S1-645943458	S3-772496254	remove	D-030
S1-646394432	S2-776017624	remove	D-030
S1-647417598	S2-182674143	remove	D-030
S1-648244230	S3-399753053	remove	D-030
S1-648430904	S3-160091539	remove	D-030
S1-648762346	S3-449019474	remove	D-030
S1-648889019	S3-785932354	remove	D-030
S1-649161736	S2-48617158	remove	D-030
S1-649721380	S2-117520792	remove	D-030
S1-649802221	S3-363666358	remove	D-030
S1-650469831	S3-417969425	remove	D-030
S1-650683328	S2-402712243	remove	D-030
S1-650747409	S3-544889083	remove	D-030
S1-651572628	S3-296370420	remove	D-030
S1-652006267	S3-657137873	remove	D-030
S1-652026424	S2-239573075	remove	D-030
S1-652156851	S3-799637089	remove	D-030
S1-652279739	S2-584296933	remove	D-030
S1-652386284	S2-697218563	remove	D-030
S1-652688596	S2-524948500	remove	D-030
S1-652905047	S3-38103954	remove	D-030
S1-653561665	S3-828284927	remove	D-030
S1-653623668	S3-988908964	remove	D-030
S1-654196584	S3-592590528	remove	D-030
S1-654257485	S2-139232153	remove	D-030
S1-654262259	S2-29981119	remove	D-030
S1-654670556	S2-636211701	remove	D-030
S1-654754555	S3-598306	remove	D-030
S1-655122858	S2-393661651	remove	D-030
S1-656534508	S3-961208669	remove	D-030
S1-656826716	S2-856891749	remove	D-030
S1-656881999	S2-378041749	remove	D-030
S1-657028044	S2-335570991	remove	D-030
S1-657205066	S3-716207321	remove	D-030
S1-657428073	S3-456410715	remove	D-030
S1-658179276	S3-830867530	remove	D-030
S1-659042722	S3-276289857	remove	D-030
S1-659551502	S2-232202179	remove	D-030
S1-661377335	S3-371375193	remove	D-030
S1-661942388	S2-943537495	remove	D-030
S1-66209651	S2-610017782	remove	D-030
S1-662703567	S2-458211596	remove	D-030
S1-663162780	S3-710632021	remove	D-030
S1-664022818	S2-289859295	remove	D-030
S1-664165308	S2-911269017	remove	D-030
S1-664831274	S2-839269947	remove	D-030
S1-664936118	S3-789977343	remove	D-030
S1-665209522	S2-656507922	remove	D-030
S1-665211245	S3-496059428	remove	D-030
S1-665255373	S2-868689564	remove	D-030
S1-665356221	S3-721072350	remove	D-030
S1-665639856	S3-321051147	remove	D-030
S1-665939622	S2-263320901	remove	D-030
S1-666114279	S2-684226948	remove	D-030
S1-66664912	S3-502327961	remove	D-030
S1-667256147	S3-276792598	remove	D-030
S1-667334504	S2-467684298	remove	D-030
S1-66824242	S3-250307389	remove	D-030
S1-668623843	S2-396282375	remove	D-030
S1-668870592	S3-458377875	remove	D-030
S1-669373261	S2-484761167	remove	D-030
S1-669803667	S3-921559248	remove	D-030
S1-669872084	S3-872989907	remove	D-030
S1-669971054	S2-32682124	remove	D-030
S1-67022872	S2-897351739	remove	D-030
S1-670268028	S3-648693520	remove	D-030
S1-670484189	S3-201772123	remove	D-030
S1-670728285	S2-977127810	remove	D-030
S1-671327619	S3-554350883	remove	D-030
S1-671461609	S2-967442236	remove	D-030
S1-672321179	S3-134639334	remove	D-030
S1-672505266	S2-453296366	remove	D-030
S1-673320279	S3-187392274	remove	D-030
S1-673477303	S3-45226783	remove	D-030
S1-673483723	S2-319645178	remove	D-030
S1-673978568	S2-243760082	remove	D-030
S1-674014804	S2-996663082	remove	D-030
S1-674073103	S3-833408619	remove	D-030
S1-674265060	S3-552530137	remove	D-030
S1-674940586	S3-54168659	remove	D-030
S1-675265958	S2-723786535	remove	D-030
S1-67639941	S2-781585337	remove	D-030
S1-676500210	S2-661199780	remove	D-030
S1-676677865	S3-407087528	remove	D-030
S1-677252858	S3-227882291	remove	D-030
S1-677261805	S3-70133013	remove	D-030
S1-677742483	S2-81269835	remove	D-030
S1-678007460	S2-102390877	remove	D-030
S1-678395288	S3-499282863	remove	D-030
S1-678742412	S2-831463339	remove	D-030
S1-679033513	S3-279950992	remove	D-030
S1-679137822	S2-622409690	remove	D-030
S1-680079514	S3-162409802	remove	D-030
S1-680131968	S2-456715137	remove	D-030
S1-680216280	S3-34252169	remove	D-030
S1-680574741	S2-372293079	remove	D-030
S1-680617928	S3-24147690	remove	D-030
S1-680629400	S3-333815885	remove	D-030
S1-680949846	S3-968943437	remove	D-030
S1-681724669	S3-280230660	remove	D-030
S1-681953758	S3-35578302	remove	D-030
S1-682289451	S3-47298900	remove	D-030
S1-682574661	S2-307466738	remove	D-030
S1-682610840	S3-895070622	remove	D-030
S1-68298653	S3-705306556	remove	D-030
S1-68415705	S2-256973181	remove	D-030
S1-684325675	S2-28500328	remove	D-030
S1-684458488	S3-779832942	remove	D-030
S1-684502835	S3-486739512	remove	D-030
S1-684629217	S3-359455240	remove	D-030
S1-68557008	S2-464414572	remove	D-030
S1-685920658	S3-781231316	remove	D-030
S1-686084133	S3-357990994	remove	D-030
S1-686126524	S2-623346942	remove	D-030
S1-686172346	S3-690035002	remove	D-030
S1-686425848	S3-171644315	remove	D-030
S1-686555561	S3-243553098	remove	D-030
S1-686791241	S3-545913469	remove	D-030
S1-686889926	S3-64423271	remove	D-030
S1-686936710	S3-933895653	remove	D-030
S1-689430640	S2-22552249	remove	D-030
S1-69024678	S2-582817852	remove	D-030
S1-69081649	S3-22936192	remove	D-030
S1-691118982	S3-486431029	remove	D-030
S1-691351139	S3-543547614	remove	D-030
S1-691773430	S2-473583031	remove	D-030
S1-692131896	S2-936276629	remove	D-030
S1-692258307	S3-316390931	remove	D-030
S1-692365112	S2-275595596	remove	D-030
S1-692563382	S2-733883173	remove	D-030
S1-692695681	S2-310236044	remove	D-030
S1-692986803	S2-151884550	remove	D-030
S1-693061938	S3-868628759	remove	D-030
S1-693299173	S3-193597895	remove	D-030
S1-693487062	S2-160828422	remove	D-030
S1-693964203	S3-807481178	remove	D-030
S1-694453981	S3-201005461	remove	D-030
S1-694573046	S3-877528410	remove	D-030
S1-694722087	S3-78415984	remove	D-030
S1-694812320	S2-672095111	remove	D-030
S1-694867441	S2-980585458	remove	D-030
S1-694973787	S3-676455413	remove	D-030
S1-695034101	S3-206776211	remove	D-030
S1-696659516	S3-75273528	remove	D-030
S1-696831839	S3-725875163	remove	D-030
S1-697286557	S3-563779635	remove	D-030
S1-697357523	S3-216259795	remove	D-030
S1-697819143	S2-194607226	remove	D-030
S1-698367493	S3-385725712	remove	D-030
S1-698505387	S3-574225251	remove	D-030
S1-698772105	S2-475588079	remove	D-030
S1-700124242	S2-564097345	remove	D-030
S1-700498679	S2-257894133	remove	D-030
S1-7009386	S2-419982875	remove	D-030
S1-700947440	S3-432550243	remove	D-030
S1-701033268	S3-121293455	remove	D-030
S1-701279610	S3-897085902	remove	D-030
S1-701703327	S2-833088511	remove	D-030
S1-701732259	S3-954196225	remove	D-030
S1-701787963	S2-631578106	remove	D-030
S1-702168095	S3-35816882	remove	D-030
S1-702613743	S2-685900245	remove	D-030
S1-70264673	S2-497107391	remove	D-030
S1-703025458	S2-826832772	remove	D-030
S1-70343429	S2-90450429	remove	D-030
S1-703815042	S2-214226061	remove	D-030
S1-704001046	S3-93965805	remove	D-030
S1-704495810	S3-987813817	remove	D-030
S1-704695673	S3-404107679	remove	D-030
S1-70480896	S2-45343191	remove	D-030
S1-705285119	S2-492648767	remove	D-030
S1-706221976	S3-121083067	remove	D-030
S1-70690843	S2-158650572	remove	D-030
S1-707110357	S2-213585376	remove	D-030
S1-707129844	S2-868429457	remove	D-030
S1-707411607	S3-103613432	remove	D-030
S1-707699924	S2-495618200	remove	D-030
S1-707782242	S2-929475212	remove	D-030
S1-708106816	S2-233256739	remove	D-030
S1-708701789	S2-851535368	remove	D-030
S1-708759504	S3-372404010	remove	D-030
S1-708977716	S2-834423736	remove	D-030
S1-709556048	S3-988115325	remove	D-030
S1-710229694	S3-764445754	remove	D-030
S1-71044716	S2-479112911	remove	D-030
S1-710505350	S3-279235328	remove	D-030
S1-712366195	S3-308580109	remove	D-030
S1-712493861	S3-961502850	remove	D-030
S1-712678704	S2-217782105	remove	D-030
S1-712685359	S2-304122967	remove	D-030
S1-713125693	S2-304286006	remove	D-030
S1-713126002	S2-945070269	remove	D-030
S1-714178679	S2-742076028	remove	D-030
S1-714322955	S3-719859274	remove	D-030
S1-714381037	S3-146984888	remove	D-030
S1-715019261	S2-783667333	remove	D-030
S1-715080104	S2-703466228	remove	D-030
S1-715125986	S2-692993972	remove	D-030
S1-715708687	S2-150757043	remove	D-030
S1-716396052	S2-221455655	remove	D-030
S1-716772417	S2-338116691	remove	D-030
S1-716785357	S3-454344120	remove	D-030
S1-718068796	S3-675755571	remove	D-030
S1-718640976	S2-672123906	remove	D-030
S1-719536611	S3-263369880	remove	D-030
S1-719818311	S3-835640635	remove	D-030
S1-719992550	S3-408020298	remove	D-030
S1-720060408	S3-37100965	remove	D-030
S1-720571193	S2-514538738	remove	D-030
S1-720781257	S2-723174878	remove	D-030
S1-721174063	S3-20065919	remove	D-030
S1-721674689	S3-925935414	remove	D-030
S1-722529405	S3-911604472	remove	D-030
S1-722690762	S3-867820874	remove	D-030
S1-722764877	S2-125296829	remove	D-030
S1-722799986	S3-966016096	remove	D-030
S1-722919530	S2-573490009	remove	D-030
S1-72304717	S2-743420236	remove	D-030
S1-723356648	S3-953960637	remove	D-030
S1-723678657	S2-450588340	remove	D-030
S1-723912335	S3-955538001	remove	D-030
S1-723938660	S2-626913026	remove	D-030
S1-724428812	S3-841861183	remove	D-030
S1-724432544	S3-817296504	remove	D-030
S1-725552686	S2-338920138	remove	D-030
S1-726141800	S2-340851286	remove	D-030
S1-72658136	S3-426280315	remove	D-030
S1-727304471	S3-774092416	remove	D-030
S1-727310490	S3-177534259	remove	D-030
S1-727627786	S3-261748245	remove	D-030
S1-727720888	S3-67542127	remove	D-030
S1-728023118	S2-893531150	remove	D-030
S1-728159252	S3-776576756	remove	D-030
S1-728265225	S2-852467096	remove	D-030
S1-728690148	S3-873233673	remove	D-030
S1-729347561	S2-975310875	remove	D-030
S1-729895229	S3-821014975	remove	D-030
S1-730188891	S3-492946356	remove	D-030
S1-730293064	S2-921890820	remove	D-030
S1-730409035	S3-329786993	remove	D-030
S1-730803478	S3-899823722	remove	D-030
S1-730844592	S3-624133085	remove	D-030
S1-730885843	S3-565480078	remove	D-030
S1-731684971	S2-593181533	remove	D-030
S1-731878422	S2-456789982	remove	D-030
S1-73198761	S2-467083996	remove	D-030
S1-732041024	S3-111089600	remove	D-030
S1-732262653	S2-785250687	remove	D-030
S1-733080173	S2-705497941	remove	D-030
S1-733147394	S2-259206360	remove	D-030
S1-733187692	S2-23870502	remove	D-030
S1-733223545	S3-15403351	remove	D-030
S1-733515706	S3-10179047	remove	D-030
S1-733744942	S3-681157822	remove	D-030
S1-733818055	S3-105296496	remove	D-030
S1-734046123	S2-840603094	remove	D-030
S1-734618209	S3-276131200	remove	D-030
S1-734618300	S3-592634968	remove	D-030
S1-734748706	S2-125283223	remove	D-030
S1-734962900	S2-20127267	remove	D-030
S1-735066556	S3-63473555	remove	D-030
S1-736200714	S3-709832460	remove	D-030
S1-736295103	S2-874614080	remove	D-030
S1-737016785	S2-628317459	remove	D-030
S1-737062513	S3-561319096	remove	D-030
S1-737245053	S2-338612219	remove	D-030
S1-737933047	S3-150337945	remove	D-030
S1-737934452	S2-319337736	remove	D-030
S1-738306878	S3-542644969	remove	D-030
S1-738857795	S2-983629635	remove	D-030
S1-739762541	S3-359873855	remove	D-030
S1-739962916	S3-553403757	remove	D-030
S1-740136982	S3-786565695	remove	D-030
S1-740677621	S3-749226530	remove	D-030
S1-741719322	S3-871341898	remove	D-030
S1-742309593	S2-967056455	remove	D-030
S1-742574933	S2-593111357	remove	D-030
S1-742678850	S2-513361306	remove	D-030
S1-742933307	S3-64093307	remove	D-030
S1-743383239	S3-592749219	remove	D-030
S1-743665120	S2-675207781	remove	D-030
S1-743878094	S2-484900572	remove	D-030
S1-743978363	S3-496409951	remove	D-030
S1-744219562	S3-728934322	remove	D-030
S1-745129230	S2-926541106	remove	D-030
S1-745213778	S3-633640948	remove	D-030
S1-745230137	S3-343702553	remove	D-030
S1-745290589	S2-686515984	remove	D-030
S1-745414330	S3-138290317	remove	D-030
S1-74562557	S3-273106581	remove	D-030
S1-74562775	S3-366988208	remove	D-030
S1-745804243	S3-395915767	remove	D-030
S1-746256981	S3-944334713	remove	D-030
S1-746844346	S3-399621174	remove	D-030
S1-746852957	S2-541055011	remove	D-030
S1-747216234	S2-3517374	remove	D-030
S1-747491877	S3-772210290	remove	D-030
S1-74751248	S3-233230322	remove	D-030
S1-748253662	S3-429840319	remove	D-030
S1-749159909	S3-597574300	remove	D-030
S1-749642468	S3-147284653	remove	D-030
S1-74979604	S3-432340002	remove	D-030
S1-750230476	S3-941252041	remove	D-030
S1-750398260	S3-382348985	remove	D-030
S1-750967447	S3-850835314	remove	D-030
S1-751788657	S2-149750704	remove	D-030
S1-752221170	S2-596710320	remove	D-030
S1-752467852	S3-665511745	remove	D-030
S1-752688143	S3-311667226	remove	D-030
S1-753110080	S3-411360259	remove	D-030
S1-753239357	S2-868746320	remove	D-030
S1-753322239	S3-832319370	remove	D-030
S1-753432430	S3-400109743	remove	D-030
S1-753922470	S3-542073557	remove	D-030
S1-754224546	S3-850938970	remove	D-030
S1-754447142	S3-813363710	remove	D-030
S1-754668528	S3-290867202	remove	D-030
S1-754902872	S3-326208370	remove	D-030
S1-755855099	S2-173585395	remove	D-030
S1-756080125	S2-606614828	remove	D-030
S1-756183275	S2-518151013	remove	D-030
S1-75620137	S3-619269178	remove	D-030
S1-756459876	S3-802404863	remove	D-030
S1-756544566	S2-785378752	remove	D-030
S1-756671617	S3-32862953	remove	D-030
S1-756914838	S3-952671527	remove	D-030
S1-757018738	S3-321949347	remove	D-030
S1-757060693	S3-868856429	remove	D-030
S1-757328168	S3-809660437	remove	D-030
S1-757671286	S3-831030080	remove	D-030
S1-758101052	S2-52201096	remove	D-030
S1-758336087	S3-687396395	remove	D-030
S1-758990698	S3-637631718	remove	D-030
S1-759074262	S2-460457779	remove	D-030
S1-759212940	S3-383444453	remove	D-030
S1-759438788	S3-323424462	remove	D-030
S1-759821379	S3-344372303	remove	D-030
S1-760033325	S3-292065293	remove	D-030
S1-760378113	S3-899720547	remove	D-030
S1-760574456	S2-659849291	remove	D-030
S1-760809807	S2-484099916	remove	D-030
S1-761860534	S2-526533491	remove	D-030
S1-76198395	S3-639517677	remove	D-030
S1-762526292	S3-217215837	remove	D-030
S1-762624780	S2-251862344	remove	D-030
S1-762869507	S3-756183299	remove	D-030
S1-76288461	S3-81832118	remove	D-030
S1-763216840	S3-533980551	remove	D-030
S1-763257939	S3-704129822	remove	D-030
S1-76335894	S3-362203561	remove	D-030
S1-763575629	S2-808806995	remove	D-030
S1-763610355	S2-244994677	remove	D-030
S1-763994666	S2-674270497	remove	D-030
S1-764150922	S2-610354140	remove	D-030
S1-764507565	S2-490210896	remove	D-030
S1-764567312	S2-225488968	remove	D-030
S1-764659542	S2-59521528	remove	D-030
S1-765139563	S2-273041709	remove	D-030
S1-765563368	S3-523368934	remove	D-030
S1-765884442	S3-914599912	remove	D-030
S1-766730443	S3-33667916	remove	D-030
S1-767304615	S2-19831191	remove	D-030
S1-767424786	S3-738611482	remove	D-030
S1-768495993	S3-999606333	remove	D-030
S1-768536221	S2-667614959	remove	D-030
S1-768680878	S2-135054203	remove	D-030
S1-768694743	S3-959980329	remove	D-030
S1-768819220	S2-688325866	remove	D-030
S1-769071039	S2-372841768	remove	D-030
S1-769800683	S2-72200286	remove	D-030
S1-769988491	S2-991689759	remove	D-030
S1-770396792	S3-757227013	remove	D-030
S1-770782730	S3-482919428	remove	D-030
S1-771068612	S3-391453058	remove	D-030
S1-771086468	S2-649417225	remove	D-030
S1-771727858	S2-632494908	remove	D-030
S1-771835105	S3-38670657	remove	D-030
S1-771862102	S2-455302364	remove	D-030
S1-773209892	S2-817454942	remove	D-030
S1-773275770	S3-968353259	remove	D-030
S1-773546644	S3-294286499	remove	D-030
S1-774161995	S2-640801712	remove	D-030
S1-774245600	S3-746783832	remove	D-030
S1-774495824	S3-597304907	remove	D-030
S1-775040578	S2-54712646	remove	D-030
S1-77529542	S3-892113445	remove	D-030
S1-775743766	S2-728196428	remove	D-030
S1-776128132	S2-42597437	remove	D-030
S1-778241838	S3-761572463	remove	D-030
S1-778588841	S3-459778054	remove	D-030
S1-778902141	S2-969627358	remove	D-030
S1-779262103	S3-322496454	remove	D-030
S1-779560351	S2-966616254	remove	D-030
S1-779826280	S2-388357961	remove	D-030
S1-78038597	S2-521799980	remove	D-030
S1-780899145	S2-126113879	remove	D-030
S1-781086238	S2-444651050	remove	D-030
S1-781173204	S2-880112683	remove	D-030
S1-78124237	S3-213685892	remove	D-030
S1-781412859	S3-763535267	remove	D-030
S1-781477460	S3-312206309	remove	D-030
S1-781769067	S2-507413687	remove	D-030
S1-781876506	S3-779473366	remove	D-030
S1-781987537	S3-559626777	remove	D-030
S1-78221468	S2-754597447	remove	D-030
S1-782397036	S3-100373203	remove	D-030
S1-782397036	S3-269463174	remove	D-030
S1-782920461	S3-677827536	remove	D-030
S1-783042790	S2-599957955	remove	D-030
S1-783569468	S2-831832943	remove	D-030
S1-783649346	S3-984104934	remove	D-030
S1-783809596	S3-119987430	remove	D-030
S1-783844602	S3-224689008	remove	D-030
S1-78533638	S3-511957271	remove	D-030
S1-785477231	S3-350814779	remove	D-030
S1-78565363	S3-857957328	remove	D-030
S1-785936319	S3-972871731	remove	D-030
S1-786132096	S3-267408578	remove	D-030
S1-786574700	S2-502468582	remove	D-030
S1-787010115	S3-708423568	remove	D-030
S1-787379579	S2-977714924	remove	D-030
S1-787598687	S3-739238417	remove	D-030
S1-787665953	S3-213633260	remove	D-030
S1-787750967	S3-114765910	remove	D-030
S1-787804339	S2-537524363	remove	D-030
S1-788103934	S3-155301710	remove	D-030
S1-788214683	S3-866556546	remove	D-030
S1-78848996	S2-770237175	remove	D-030
S1-788535446	S3-743489283	remove	D-030
S1-788636311	S3-259243322	remove	D-030
S1-788947818	S2-642785374	remove	D-030
S1-789338621	S3-628393360	remove	D-030
S1-789546468	S2-346853288	remove	D-030
S1-790209150	S3-931638636	remove	D-030
S1-790423256	S3-236486973	remove	D-030
S1-790468867	S2-746174858	remove	D-030
S1-79060211	S3-263112956	remove	D-030
S1-790849727	S2-60305588	remove	D-030
S1-791116738	S3-81306136	remove	D-030
S1-791164984	S3-820801602	remove	D-030
S1-791304518	S3-971178601	remove	D-030
S1-791421547	S3-722650701	remove	D-030
S1-791438359	S3-892846273	remove	D-030
S1-79179767	S2-519523796	remove	D-030
S1-792343248	S3-282146608	remove	D-030
S1-79238973	S2-841858066	remove	D-030
S1-792408870	S3-535892190	remove	D-030
S1-793231999	S3-531434391	remove	D-030
S1-793531665	S2-328330879	remove	D-030
S1-794656854	S2-94870049	remove	D-030
S1-794883939	S3-616747941	remove	D-030
S1-79498813	S2-116737388	remove	D-030
S1-796095364	S3-886616423	remove	D-030
S1-796133991	S2-47602548	remove	D-030
S1-796464485	S2-721703546	remove	D-030
S1-797244067	S2-980247619	remove	D-030
S1-797709982	S2-904152553	remove	D-030
S1-797822555	S2-250881297	remove	D-030
S1-798528902	S2-784485646	remove	D-030
S1-798664879	S2-839047297	remove	D-030
S1-798678175	S3-761141732	remove	D-030
S1-798929152	S3-669752656	remove	D-030
S1-798968956	S3-512343299	remove	D-030
S1-79897009	S3-913984531	remove	D-030
S1-799066997	S3-297450316	remove	D-030
S1-799114191	S2-289627994	remove	D-030
S1-799121336	S3-740995403	remove	D-030
S1-799537765	S2-434703816	remove	D-030
S1-799552856	S2-551761597	remove	D-030
S1-800889534	S3-581764752	remove	D-030
S1-8010028	S3-140119712	remove	D-030
S1-801285314	S3-28180725	remove	D-030
S1-801318871	S3-379943364	remove	D-030
S1-801335354	S3-24519161	remove	D-030
S1-801399840	S3-876700033	remove	D-030
S1-801839549	S3-770098536	remove	D-030
S1-802353314	S2-762227489	remove	D-030
S1-802954612	S2-541741004	remove	D-030
S1-80309393	S2-309084932	remove	D-030
S1-80360077	S2-328110052	remove	D-030
S1-803693278	S2-42519428	remove	D-030
S1-804168263	S2-83703015	remove	D-030
S1-804187333	S3-912733710	remove	D-030
S1-80476707	S3-516817547	remove	D-030
S1-805266500	S3-150636972	remove	D-030
S1-805432838	S3-427294919	remove	D-030
S1-806019380	S2-714532627	remove	D-030
S1-806767977	S3-24052620	remove	D-030
S1-806971254	S2-593610708	remove	D-030
S1-807230718	S2-972596118	remove	D-030
S1-807762974	S3-905945621	remove	D-030
S1-807869047	S3-54913142	remove	D-030
S1-808289184	S3-597667271	remove	D-030
S1-809862201	S2-540746281	remove	D-030
S1-810041210	S2-654361751	remove	D-030
S1-810293931	S2-129143619	remove	D-030
S1-810500501	S2-268379447	remove	D-030
S1-81086978	S2-59403953	remove	D-030
S1-811512127	S3-91761748	remove	D-030
S1-81217578	S3-372778927	remove	D-030
S1-812470533	S3-728179976	remove	D-030
S1-814065880	S2-510902430	remove	D-030
S1-814256461	S2-145076414	remove	D-030
S1-814263440	S3-56414451	remove	D-030
S1-815118566	S2-923218146	remove	D-030
S1-815868502	S3-378522282	remove	D-030
S1-817097728	S3-315195505	remove	D-030
S1-817199504	S3-555518656	remove	D-030
S1-817416955	S2-686428891	remove	D-030
S1-817543568	S2-813454585	remove	D-030
S1-817648726	S3-158519024	remove	D-030
S1-818397427	S2-749842592	remove	D-030
S1-818803021	S3-158253756	remove	D-030
S1-819277969	S3-339426746	remove	D-030
S1-819965034	S3-873479347	remove	D-030
S1-820188108	S3-502339966	remove	D-030
S1-820460530	S2-184963517	remove	D-030
S1-821317430	S3-87409236	remove	D-030
S1-82179098	S2-331938735	remove	D-030
S1-822025485	S3-859811755	remove	D-030
S1-822526261	S3-423010419	remove	D-030
S1-822548789	S3-767012975	remove	D-030
S1-822564115	S2-552502258	remove	D-030
S1-822903314	S2-100779004	remove	D-030
S1-823646997	S2-130700065	remove	D-030
S1-823967446	S2-46790827	remove	D-030
S1-82411009	S3-154771474	remove	D-030
S1-824511786	S2-935213612	remove	D-030
S1-824667291	S3-614319407	remove	D-030
S1-825580929	S3-540516036	remove	D-030
S1-826098127	S3-902296210	remove	D-030
S1-826343428	S3-854902872	remove	D-030
S1-826435625	S2-856638512	remove	D-030
S1-826634757	S2-416308904	remove	D-030
S1-827112091	S2-628956063	remove	D-030
S1-827154133	S2-624018287	remove	D-030
S1-827522831	S3-316490286	remove	D-030
S1-827631985	S3-711111086	remove	D-030
S1-827736907	S2-684283571	remove	D-030
S1-827762273	S2-877197139	remove	D-030
S1-827788560	S3-849008303	remove	D-030
S1-827992653	S3-37168518	remove	D-030
S1-828164069	S2-622155062	remove	D-030
S1-828171075	S3-578552102	remove	D-030
S1-829053944	S3-973613336	remove	D-030
S1-829503176	S3-791141578	remove	D-030
S1-830171697	S2-864432488	remove	D-030
S1-830291295	S3-368454588	remove	D-030
S1-831605918	S3-448220277	remove	D-030
S1-831633433	S3-878723560	remove	D-030
S1-831689771	S2-925224739	remove	D-030
S1-831764445	S2-845763974	remove	D-030
S1-832087861	S2-792776047	remove	D-030
S1-832127857	S3-84413737	remove	D-030
S1-832223328	S3-895739508	remove	D-030
S1-832598926	S3-569441014	remove	D-030
S1-833220399	S3-671342126	remove	D-030
S1-83332437	S2-265270910	remove	D-030
S1-833718416	S3-945680561	remove	D-030
S1-833802957	S3-608132606	remove	D-030
S1-834141775	S2-66549393	remove	D-030
S1-834157951	S2-66416970	remove	D-030
S1-83538275	S3-385847967	remove	D-030
S1-836043449	S3-89406385	remove	D-030
S1-836256033	S2-968004530	remove	D-030
S1-836990757	S3-776505626	remove	D-030
S1-837619396	S2-23174816	remove	D-030
S1-837771061	S3-704295369	remove	D-030
S1-838367220	S3-704955822	remove	D-030
S1-839077137	S2-164346236	remove	D-030
S1-839078231	S3-230926038	remove	D-030
S1-839287041	S2-253226874	remove	D-030
S1-839290146	S3-720598392	remove	D-030
S1-83954423	S2-64151082	remove	D-030
S1-839721060	S3-848677290	remove	D-030
S1-840463899	S3-840777058	remove	D-030
S1-841189643	S3-400969794	remove	D-030
S1-841238296	S3-846814814	remove	D-030
S1-841953526	S3-515118765	remove	D-030
S1-842396967	S2-698006837	remove	D-030
S1-843337250	S3-495827607	remove	D-030
S1-84347497	S2-336824659	remove	D-030
S1-843778080	S3-867016208	remove	D-030
S1-844106380	S2-490532628	remove	D-030
S1-844215200	S2-903134354	remove	D-030
S1-845122830	S3-382335810	remove	D-030
S1-845354105	S2-785972785	remove	D-030
S1-84567525	S3-686192979	remove	D-030
S1-845942098	S2-385596368	remove	D-030
S1-846101995	S3-303017368	remove	D-030
S1-846107929	S3-101596553	remove	D-030
S1-846150602	S2-709041300	remove	D-030
S1-847105894	S2-747724692	remove	D-030
S1-847522971	S2-202079339	remove	D-030
S1-847630260	S3-847848968	remove	D-030
S1-848029124	S2-116798651	remove	D-030
S1-848726984	S3-217725980	remove	D-030
S1-848819076	S2-805441288	remove	D-030
S1-849233651	S3-216173058	remove	D-030
S1-849308661	S2-272829933	remove	D-030
S1-849323430	S2-436332393	remove	D-030
S1-849971741	S2-845729659	remove	D-030
S1-85089156	S3-485129026	remove	D-030
S1-851823557	S3-596617067	remove	D-030
S1-852155640	S3-637402446	remove	D-030
S1-852974287	S2-782671757	remove	D-030
S1-853468083	S3-828672543	remove	D-030
S1-854515795	S3-829761671	remove	D-030
S1-854787469	S2-589781133	remove	D-030
S1-855010996	S3-981328726	remove	D-030
S1-855319408	S3-406856723	remove	D-030
S1-855651802	S2-323368151	remove	D-030
S1-856062244	S3-135709525	remove	D-030
S1-856207754	S2-157938613	remove	D-030
S1-85762722	S2-240269422	remove	D-030
S1-857652244	S2-612208571	remove	D-030
S1-857942879	S2-172514858	remove	D-030
S1-859184388	S3-528183689	remove	D-030
S1-859620580	S3-583613100	remove	D-030
S1-860399339	S3-570862690	remove	D-030
S1-860479907	S2-300173548	remove	D-030
S1-860563998	S3-122479862	remove	D-030
S1-861011084	S2-789913060	remove	D-030
S1-86136259	S2-230185521	remove	D-030
S1-86227769	S2-400207391	remove	D-030
S1-862445178	S3-596300074	remove	D-030
S1-863137184	S3-529720200	remove	D-030
S1-863294346	S2-105271294	remove	D-030
S1-864778412	S3-338380350	remove	D-030
S1-866061835	S2-764987440	remove	D-030
S1-866159927	S2-685863846	remove	D-030
S1-866195987	S3-194043406	remove	D-030
S1-866597839	S3-124921246	remove	D-030
S1-866658571	S2-368640132	remove	D-030
S1-867042723	S3-853585893	remove	D-030
S1-867443035	S3-983493674	remove	D-030
S1-868230811	S3-991360182	remove	D-030
S1-868763539	S3-17800858	remove	D-030
S1-869547636	S2-625928211	remove	D-030
S1-869983339	S2-392376557	remove	D-030
S1-871435979	S2-896510853	remove	D-030
S1-871878869	S2-904529010	remove	D-030
S1-872111138	S3-838215834	remove	D-030
S1-873493823	S3-228939296	remove	D-030
S1-873698071	S3-156314187	remove	D-030
S1-873741556	S3-818583493	remove	D-030
S1-874453797	S2-41053866	remove	D-030
S1-874892774	S3-378148773	remove	D-030
S1-875495239	S2-569249695	remove	D-030
S1-876237292	S2-38341095	remove	D-030
S1-876326225	S3-862930575	remove	D-030
S1-876474309	S3-935453974	remove	D-030
S1-87734576	S3-716543590	remove	D-030
S1-877441858	S3-643454421	remove	D-030
S1-877646483	S2-394065790	remove	D-030
S1-877691857	S3-599911866	remove	D-030
S1-877714942	S2-983151341	remove	D-030
S1-87779293	S2-527604153	remove	D-030
S1-877835704	S3-870946073	remove	D-030
S1-878095145	S2-21036287	remove	D-030
S1-8783467	S2-615344808	remove	D-030
S1-878432703	S2-356892671	remove	D-030
S1-879272995	S3-690667788	remove	D-030
S1-879341996	S2-199636475	remove	D-030
S1-880129877	S3-35132574	remove	D-030
S1-88017867	S3-715581576	remove	D-030
S1-880510696	S3-1791324	remove	D-030
S1-880930313	S3-529928783	remove	D-030
S1-881000882	S2-842206892	remove	D-030
S1-881047251	S3-848244765	remove	D-030
S1-881092639	S3-432770884	remove	D-030
S1-881340206	S3-200790307	remove	D-030
S1-881522983	S3-242964125	remove	D-030
S1-881760762	S2-701767526	remove	D-030
S1-881846115	S3-798986545	remove	D-030
S1-882431113	S2-809973478	remove	D-030
S1-882625617	S2-88534416	remove	D-030
S1-882946823	S2-446220983	remove	D-030
S1-883068872	S3-921268483	remove	D-030
S1-883161558	S2-37351896	remove	D-030
S1-883570074	S3-802211065	remove	D-030
S1-883948392	S3-217089873	remove	D-030
S1-884271520	S2-811170405	remove	D-030
S1-884554599	S2-182128103	remove	D-030
S1-885403274	S3-461529238	remove	D-030
S1-886436892	S3-732972620	remove	D-030
S1-886922723	S2-926839573	remove	D-030
S1-887061405	S2-867870356	remove	D-030
S1-887337404	S2-400342174	remove	D-030
S1-887468663	S2-505596657	remove	D-030
S1-887555943	S2-308479371	remove	D-030
S1-887959706	S2-444085130	remove	D-030
S1-888184578	S3-241406452	remove	D-030
S1-888262044	S3-218515594	remove	D-030
S1-888487500	S2-123976927	remove	D-030
S1-889036021	S2-476491414	remove	D-030
S1-889801635	S3-203640782	remove	D-030
S1-890544916	S2-664805530	remove	D-030
S1-890594344	S3-558235774	remove	D-030
S1-890621698	S3-148725309	remove	D-030
S1-890895472	S3-811589327	remove	D-030
S1-891358076	S3-212260842	remove	D-030
S1-89191	S3-502389964	remove	D-030
S1-891957968	S2-186481714	remove	D-030
S1-892398605	S2-215519816	remove	D-030
S1-892410817	S2-429229427	remove	D-030
S1-892817654	S2-876254678	remove	D-030
S1-8930904	S2-530528752	remove	D-030
S1-89360994	S3-331733235	remove	D-030
S1-893981725	S3-230748188	remove	D-030
S1-89454036	S2-486967573	remove	D-030
S1-894585421	S2-390072079	remove	D-030
S1-894645248	S2-402350502	remove	D-030
S1-895146224	S2-90048071	remove	D-030
S1-895168715	S3-427252821	remove	D-030
S1-895346287	S2-151917953	remove	D-030
S1-89544971	S3-780188136	remove	D-030
S1-895500457	S3-27640086	remove	D-030
S1-895896058	S2-132587665	remove	D-030
S1-896093348	S3-264988774	remove	D-030
S1-89632838	S3-876363424	remove	D-030
S1-896603942	S2-407225914	remove	D-030
S1-896706740	S3-262611452	remove	D-030
S1-896859720	S3-320770311	remove	D-030
S1-89697670	S3-416647725	remove	D-030
S1-897073452	S3-1823081	remove	D-030
S1-898436326	S2-892186513	remove	D-030
S1-899102166	S2-491798380	remove	D-030
S1-899395124	S3-771148235	remove	D-030
S1-899570514	S2-16309384	remove	D-030
S1-899902981	S3-247548667	remove	D-030
S1-900339402	S2-34819771	remove	D-030
S1-900530459	S2-257250321	remove	D-030
S1-901081687	S3-105106154	remove	D-030
S1-901888687	S3-608193957	remove	D-030
S1-902457031	S2-154022882	remove	D-030
S1-902501791	S3-613172694	remove	D-030
S1-902654406	S2-608548736	remove	D-030
S1-903743135	S3-354391884	remove	D-030
S1-904181868	S3-389759804	remove	D-030
S1-904720282	S2-423143775	remove	D-030
S1-904771156	S2-385542558	remove	D-030
S1-905325606	S3-530714322	remove	D-030
S1-905454161	S3-974075306	remove	D-030
S1-905752174	S2-810491419	remove	D-030
S1-905798096	S2-629893345	remove	D-030
S1-90622876	S3-170824481	remove	D-030
S1-906322153	S3-276059133	remove	D-030
S1-906666776	S2-767473820	remove	D-030
S1-906901525	S3-127092681	remove	D-030
S1-907012981	S2-983168839	remove	D-030
S1-907160676	S2-167789014	remove	D-030
S1-907336033	S3-26710872	remove	D-030
S1-907783058	S2-705629355	remove	D-030
S1-908361672	S3-708263624	remove	D-030
S1-90869264	S2-660768101	remove	D-030
S1-908766870	S2-406937407	remove	D-030
S1-90905054	S3-596986515	remove	D-030
S1-910108840	S2-214409604	remove	D-030
S1-910381113	S3-302022044	remove	D-030
S1-910485096	S2-91286569	remove	D-030
S1-911167674	S2-160297336	remove	D-030
S1-913639589	S3-135308162	remove	D-030
S1-91365070	S3-288806979	remove	D-030
S1-914617373	S3-82604781	remove	D-030
S1-914737494	S3-771987236	remove	D-030
S1-915609426	S3-280535002	remove	D-030
S1-915918170	S3-366793169	remove	D-030
S1-916503892	S2-208062198	remove	D-030
S1-916752654	S2-135032472	remove	D-030
S1-917702556	S3-773993304	remove	D-030
S1-918475329	S3-453046818	remove	D-030
S1-918906945	S3-777724324	remove	D-030
S1-918942212	S2-314213507	remove	D-030
S1-918951789	S2-975162702	remove	D-030
S1-919214818	S2-957028050	remove	D-030
S1-919656580	S2-99488887	remove	D-030
S1-920097681	S2-251061549	remove	D-030
S1-920443831	S2-211012992	remove	D-030
S1-920920087	S3-389810594	remove	D-030
S1-92112461	S2-275793326	remove	D-030
S1-921219340	S3-10640120	remove	D-030
S1-921434404	S3-790698634	remove	D-030
S1-921555779	S3-512152754	remove	D-030
S1-921745530	S2-475039442	remove	D-030
S1-922214867	S2-586186716	remove	D-030
S1-922218078	S2-503653869	remove	D-030
S1-922638731	S2-786534600	remove	D-030
S1-922950776	S2-648320302	remove	D-030
S1-922991966	S2-722887793	remove	D-030
S1-923324940	S3-38208878	remove	D-030
S1-923646787	S2-703799828	remove	D-030
S1-923754695	S2-433663018	remove	D-030
S1-923776603	S3-744285401	remove	D-030
S1-924085345	S3-393096108	remove	D-030
S1-924249488	S2-642546808	remove	D-030
S1-92439086	S3-971264552	remove	D-030
S1-924714846	S2-175072264	remove	D-030
S1-924814455	S3-557033928	remove	D-030
S1-925091067	S3-776182230	remove	D-030
S1-925134683	S2-806045952	remove	D-030
S1-925409082	S2-383880075	remove	D-030
S1-925485752	S2-724362450	remove	D-030
S1-925559680	S2-106628878	remove	D-030
S1-92560031	S2-918836390	remove	D-030
S1-926004199	S2-64733418	remove	D-030
S1-926321477	S2-245855446	remove	D-030
S1-926509163	S2-793336621	remove	D-030
S1-92700938	S3-678479827	remove	D-030
S1-927142214	S3-465642089	remove	D-030
S1-927336891	S3-4639883	remove	D-030
S1-927974261	S2-896604028	remove	D-030
S1-928082225	S3-776110492	remove	D-030
S1-928397537	S3-476533068	remove	D-030
S1-928569809	S2-486484121	remove	D-030
S1-928616325	S2-316191947	remove	D-030
S1-929138005	S3-23464171	remove	D-030
S1-92921036	S2-335768768	remove	D-030
S1-929430447	S3-285041962	remove	D-030
S1-929730783	S2-215628783	remove	D-030
S1-930136596	S3-50085232	remove	D-030
S1-930203251	S2-17917301	remove	D-030
S1-930617404	S3-990177815	remove	D-030
S1-930805177	S3-730696604	remove	D-030
S1-931033059	S2-930973325	remove	D-030
S1-931349147	S2-108731674	remove	D-030
S1-93147105	S2-730967774	remove	D-030
S1-931752816	S2-520531879	remove	D-030
S1-932730395	S2-191270782	remove	D-030
S1-933465970	S3-565407800	remove	D-030
S1-933870498	S2-267503142	remove	D-030
S1-933893111	S3-2174427	remove	D-030
S1-933965736	S3-749671965	remove	D-030
S1-934275298	S3-858117982	remove	D-030
S1-934782951	S3-227413469	remove	D-030
S1-934843280	S3-467314574	remove	D-030
S1-935075240	S3-192030798	remove	D-030
S1-93509924	S2-940599882	remove	D-030
S1-93516769	S2-857630397	remove	D-030
S1-935466940	S3-97291448	remove	D-030
S1-935753158	S3-721596564	remove	D-030
S1-936213744	S2-371925481	remove	D-030
S1-936693749	S3-249489923	remove	D-030
S1-937009990	S2-191961709	remove	D-030
S1-93720610	S3-544780698	remove	D-030
S1-937389440	S2-918489876	remove	D-030
S1-937768207	S3-567210266	remove	D-030
S1-937796322	S3-612213712	remove	D-030
S1-937806404	S3-244811736	remove	D-030
S1-938493771	S3-291275462	remove	D-030
S1-938724988	S2-149711049	remove	D-030
S1-938802129	S3-957723916	remove	D-030
S1-939211583	S2-692285709	remove	D-030
S1-939270044	S2-982156898	remove	D-030
S1-939305375	S2-163541383	remove	D-030
S1-939715259	S3-924237942	remove	D-030
S1-939735293	S3-655973725	remove	D-030
S1-94052100	S2-729372062	remove	D-030
S1-9410870	S3-702564980	remove	D-030
S1-941280019	S3-756412391	remove	D-030
S1-941833522	S2-599117868	remove	D-030
S1-942424339	S2-830213859	remove	D-030
S1-943261539	S2-657445195	remove	D-030
S1-943438487	S3-493993836	remove	D-030
S1-943657170	S2-326576082	remove	D-030
S1-94372819	S3-289977418	remove	D-030
S1-943971820	S2-635235729	remove	D-030
S1-944415226	S2-896711595	remove	D-030
S1-944474384	S3-799649483	remove	D-030
S1-944926988	S2-252953075	remove	D-030
S1-945032678	S3-867378773	remove	D-030
S1-945528111	S2-475542813	remove	D-030
S1-945609341	S3-339373800	remove	D-030
S1-946001144	S2-905567762	remove	D-030
S1-94607020	S3-544186716	remove	D-030
S1-946212871	S3-387934735	remove	D-030
S1-946474958	S3-812731157	remove	D-030
S1-946907891	S3-251339289	remove	D-030
S1-946928782	S2-628392449	remove	D-030
S1-947164744	S3-174528676	remove	D-030
S1-948367430	S2-655011898	remove	D-030
S1-94899819	S2-438714163	remove	D-030
S1-949295697	S3-928196249	remove	D-030
S1-949318705	S3-489775036	remove	D-030
S1-949366292	S3-479455200	remove	D-030
S1-949468192	S3-463246381	remove	D-030
S1-949940101	S2-958615265	remove	D-030
S1-950113015	S3-833340103	remove	D-030
S1-950140497	S3-523065019	remove	D-030
S1-950578175	S3-826079002	remove	D-030
S1-95071249	S2-409933263	remove	D-030
S1-950955658	S3-11291539	remove	D-030
S1-951145128	S2-875801101	remove	D-030
S1-95124323	S2-819155999	remove	D-030
S1-951442269	S2-561642480	remove	D-030
S1-951782690	S3-369816866	remove	D-030
S1-951902644	S2-854069530	remove	D-030
S1-951969476	S2-528167291	remove	D-030
S1-952059860	S3-791862584	remove	D-030
S1-952793067	S2-815856610	remove	D-030
S1-953358785	S2-913730661	remove	D-030
S1-954056773	S3-640945593	remove	D-030
S1-955088111	S2-458157180	remove	D-030
S1-955240311	S2-997829711	remove	D-030
S1-955334486	S3-155285962	remove	D-030
S1-955572915	S3-430217828	remove	D-030
S1-955695860	S3-572937271	remove	D-030
S1-956152390	S3-602578178	remove	D-030
S1-957183924	S3-741406979	remove	D-030
S1-958237523	S2-282134163	remove	D-030
S1-958620562	S2-285031227	remove	D-030
S1-958923018	S2-77819614	remove	D-030
S1-959122810	S3-301648958	remove	D-030
S1-959484761	S2-79727434	remove	D-030
S1-959919772	S3-794937178	remove	D-030
S1-960132828	S2-145583610	remove	D-030
S1-960191883	S2-374763196	remove	D-030
S1-960435584	S3-584077285	remove	D-030
S1-960767641	S2-229016907	remove	D-030
S1-960800258	S2-768513218	remove	D-030
S1-961057287	S2-215330091	remove	D-030
S1-96109893	S3-639343174	remove	D-030
S1-961370833	S2-755195175	remove	D-030
S1-961572357	S3-494658134	remove	D-030
S1-961664333	S2-68667362	remove	D-030
S1-962695503	S3-510616274	remove	D-030
S1-963210755	S2-148611032	remove	D-030
S1-963543348	S3-472187766	remove	D-030
S1-964210444	S3-763792950	remove	D-030
S1-964300024	S3-359977511	remove	D-030
S1-96494793	S3-707948234	remove	D-030
S1-965019689	S2-855792484	remove	D-030
S1-965119737	S3-619897273	remove	D-030
S1-965476263	S2-231847464	remove	D-030
S1-966045602	S3-175173613	remove	D-030
S1-966084304	S2-674242044	remove	D-030
S1-966194626	S3-526872949	remove	D-030
S1-966492546	S3-161835399	remove	D-030
S1-966508665	S2-905021742	remove	D-030
S1-966708491	S2-272205204	remove	D-030
S1-966893565	S2-173739744	remove	D-030
S1-966996212	S3-538117797	remove	D-030
S1-967999305	S3-393557214	remove	D-030
S1-968336187	S3-694222057	remove	D-030
S1-968535446	S2-140199731	remove	D-030
S1-969048200	S3-254288650	remove	D-030
S1-969057475	S2-729145028	remove	D-030
S1-96906770	S3-446340283	remove	D-030
S1-969147156	S3-82073251	remove	D-030
S1-969213846	S2-302434167	remove	D-030
S1-969808531	S3-355388988	remove	D-030
S1-969843721	S3-773624636	remove	D-030
S1-969906688	S3-449106223	remove	D-030
S1-970107318	S3-491836684	remove	D-030
S1-970121410	S3-702631688	remove	D-030
S1-970598847	S2-615626542	remove	D-030
S1-970616394	S2-344419823	remove	D-030
S1-971539680	S3-781044930	remove	D-030
S1-972538137	S2-291047751	remove	D-030
S1-973358679	S2-331097571	remove	D-030
S1-973389084	S2-703212162	remove	D-030
S1-973413386	S3-451918364	remove	D-030
S1-97343674	S2-783284992	remove	D-030
S1-973515412	S3-334869658	remove	D-030
S1-973745774	S2-190912935	remove	D-030
S1-97388011	S3-981321374	remove	D-030
S1-974920791	S3-158014417	remove	D-030
S1-975049092	S2-73929383	remove	D-030
S1-975718922	S3-583690918	remove	D-030
S1-976497222	S2-239819477	remove	D-030
S1-97669427	S3-2100272	remove	D-030
S1-976877672	S2-647866877	remove	D-030
S1-976932786	S2-925814697	remove	D-030
S1-976937064	S3-157103904	remove	D-030
S1-976997092	S3-116180953	remove	D-030
S1-977285314	S2-686251476	remove	D-030
S1-977429653	S3-237936649	remove	D-030
S1-978482992	S3-855200850	remove	D-030
S1-97869485	S3-858880245	remove	D-030
S1-979309559	S2-509503270	remove	D-030
S1-979410716	S3-22122215	remove	D-030
S1-979631830	S2-819948908	remove	D-030
S1-979928096	S2-1763623	remove	D-030
S1-98037337	S2-675640148	remove	D-030
S1-980643736	S2-4417344	remove	D-030
S1-981402036	S2-387188031	remove	D-030
S1-981535572	S3-342566104	remove	D-030
S1-982633435	S3-514541420	remove	D-030
S1-983034352	S2-426813194	remove	D-030
S1-983113505	S2-531306078	remove	D-030
S1-983296373	S3-572800213	remove	D-030
S1-983582702	S3-178300631	remove	D-030
S1-983712098	S3-725232233	remove	D-030
S1-984556251	S3-357956338	remove	D-030
S1-984614905	S3-707565689	remove	D-030
S1-984752609	S2-820640602	remove	D-030
S1-984994556	S2-596063622	remove	D-030
S1-986576687	S3-279280005	remove	D-030
S1-986602960	S3-690630269	remove	D-030
S1-986659674	S2-206345121	remove	D-030
S1-986733494	S2-855865982	remove	D-030
S1-986917244	S2-868320756	remove	D-030
S1-988766911	S3-593874060	remove	D-030
S1-989132275	S3-625862889	remove	D-030
S1-989223462	S2-412322641	remove	D-030
S1-989801933	S2-807825669	remove	D-030
S1-98983634	S3-742022891	remove	D-030
S1-989884508	S3-341951387	remove	D-030
S1-990116101	S2-392261164	remove	D-030
S1-990438056	S3-650848612	remove	D-030
S1-990737990	S2-229283030	remove	D-030
S1-990879903	S3-262940018	remove	D-030
S1-99118184	S3-454341745	remove	D-030
S1-991241855	S3-138518262	remove	D-030
S1-991319780	S3-493431543	remove	D-030
S1-992059941	S3-299548373	remove	D-030
S1-992570496	S2-898362708	remove	D-030
S1-992602074	S2-952996620	remove	D-030
S1-993200534	S2-296611089	remove	D-030
S1-993457497	S2-34887736	remove	D-030
S1-993650866	S2-646541827	remove	D-030
S1-993718909	S2-882778573	remove	D-030
S1-994359082	S3-709751780	remove	D-030
S1-994407745	S3-302099344	remove	D-030
S1-99569894	S2-381075239	remove	D-030
S1-995972860	S2-495408515	remove	D-030
S1-995983911	S3-107915996	remove	D-030
S1-996695951	S2-25423899	remove	D-030
S1-997345732	S2-552040367	remove	D-030
S1-997383704	S2-222323970	remove	D-030
S1-99757366	S2-779240790	remove	D-030
S1-997611905	S3-77998682	remove	D-030
S1-998100926	S3-397001884	remove	D-030
S1-998224258	S3-385225456	remove	D-030
S1-99854595	S2-366058956	remove	D-030
S1-998732311	S3-688372381	remove	D-030
S1-998776111	S3-443858863	remove	D-030
S1-999380339	S2-977940880	remove	D-030
S1-99942448	S3-961245125	remove	D-030
S1-999521486	S3-520272406	remove	D-030
S1-999698260	S3-884476280	remove	D-030
